2026-08-09 03:37:05.584 [Test worker] INFO  c.t.TheSystemApplicationTests - Starting TheSystemApplicationTests using Java 21.0.12 with PID 13687 (started by naga in /home/naga/Workspace/Projects/THE-SYSTEM/Backend)
2026-08-09 03:37:05.596 [Test worker] DEBUG c.t.TheSystemApplicationTests - Running with Spring Boot v3.4.5, Spring v6.2.6
2026-08-09 03:37:05.599 [Test worker] INFO  c.t.TheSystemApplicationTests - No active profile set, falling back to 1 default profile: "default"
2026-08-09 03:37:06.782 [Test worker] INFO  o.s.d.r.c.RepositoryConfigurationDelegate - Bootstrapping Spring Data JPA repositories in DEFAULT mode.
2026-08-09 03:37:06.930 [Test worker] INFO  o.s.d.r.c.RepositoryConfigurationDelegate - Finished Spring Data repository scanning in 132 ms. Found 18 JPA repository interfaces.
2026-08-09 03:37:09.256 [Test worker] INFO  o.s.o.j.p.SpringPersistenceUnitInfo - No LoadTimeWeaver setup: ignoring JPA class transformer
2026-08-09 03:37:09.295 [Test worker] INFO  com.zaxxer.hikari.HikariDataSource - HikariPool-1 - Starting...
2026-08-09 03:37:09.485 [Test worker] INFO  com.zaxxer.hikari.pool.HikariPool - HikariPool-1 - Added connection conn0: url=jdbc:h2:mem:thesystem user=SA
2026-08-09 03:37:09.488 [Test worker] INFO  com.zaxxer.hikari.HikariDataSource - HikariPool-1 - Start completed.
2026-08-09 03:37:09.518 [Test worker] WARN  org.hibernate.orm.deprecation - HHH90000025: H2Dialect does not need to be specified explicitly using 'hibernate.dialect' (remove the property setting and it will be selected by default)
2026-08-09 03:37:11.047 [Test worker] INFO  o.s.o.j.LocalContainerEntityManagerFactoryBean - Initialized JPA EntityManagerFactory for persistence unit 'default'
2026-08-09 03:37:12.207 [Test worker] INFO  o.s.d.j.r.query.QueryEnhancerFactory - Hibernate is in classpath; If applicable, HQL parser will be used.
2026-08-09 03:37:13.855 [Test worker] INFO  o.s.s.c.a.a.c.InitializeUserDetailsBeanManagerConfigurer$InitializeUserDetailsManagerConfigurer - Global AuthenticationManager configured with UserDetailsService bean with name userDetailsServiceImpl
2026-08-09 03:37:14.693 [Test worker] INFO  o.s.b.a.e.web.EndpointLinksResolver - Exposing 1 endpoint beneath base path '/actuator'
2026-08-09 03:37:15.911 [Test worker] INFO  c.t.TheSystemApplicationTests - Started TheSystemApplicationTests in 10.864 seconds (process running for 12.553)
2026-08-09 03:37:16.593 [Test worker] INFO  o.s.b.t.c.SpringBootTestContextBootstrapper - Found @SpringBootConfiguration com.thesystem.TheSystemApplication for test class com.thesystem.modules.auth.controller.AuthControllerIntegrationTest
2026-08-09 03:37:16.634 [Test worker] INFO  c.t.m.a.c.AuthControllerIntegrationTest - Starting AuthControllerIntegrationTest using Java 21.0.12 with PID 13687 (started by naga in /home/naga/Workspace/Projects/THE-SYSTEM/Backend)
2026-08-09 03:37:16.634 [Test worker] DEBUG c.t.m.a.c.AuthControllerIntegrationTest - Running with Spring Boot v3.4.5, Spring v6.2.6
2026-08-09 03:37:16.635 [Test worker] INFO  c.t.m.a.c.AuthControllerIntegrationTest - No active profile set, falling back to 1 default profile: "default"
2026-08-09 03:37:16.956 [Test worker] INFO  o.s.d.r.c.RepositoryConfigurationDelegate - Bootstrapping Spring Data JPA repositories in DEFAULT mode.
2026-08-09 03:37:17.013 [Test worker] INFO  o.s.d.r.c.RepositoryConfigurationDelegate - Finished Spring Data repository scanning in 55 ms. Found 18 JPA repository interfaces.
2026-08-09 03:37:18.085 [Test worker] INFO  o.s.o.j.p.SpringPersistenceUnitInfo - No LoadTimeWeaver setup: ignoring JPA class transformer
2026-08-09 03:37:18.088 [Test worker] INFO  com.zaxxer.hikari.HikariDataSource - HikariPool-2 - Starting...
2026-08-09 03:37:18.091 [Test worker] INFO  com.zaxxer.hikari.pool.HikariPool - HikariPool-2 - Added connection conn10: url=jdbc:h2:mem:thesystem user=SA
2026-08-09 03:37:18.092 [Test worker] INFO  com.zaxxer.hikari.HikariDataSource - HikariPool-2 - Start completed.
2026-08-09 03:37:18.094 [Test worker] WARN  org.hibernate.orm.deprecation - HHH90000025: H2Dialect does not need to be specified explicitly using 'hibernate.dialect' (remove the property setting and it will be selected by default)
2026-08-09 03:37:18.446 [Test worker] INFO  o.s.o.j.LocalContainerEntityManagerFactoryBean - Initialized JPA EntityManagerFactory for persistence unit 'default'
2026-08-09 03:37:19.859 [Test worker] INFO  o.s.s.c.a.a.c.InitializeUserDetailsBeanManagerConfigurer$InitializeUserDetailsManagerConfigurer - Global AuthenticationManager configured with UserDetailsService bean with name userDetailsServiceImpl
2026-08-09 03:37:20.264 [Test worker] INFO  o.s.b.a.e.web.EndpointLinksResolver - Exposing 1 endpoint beneath base path '/actuator'
2026-08-09 03:37:21.137 [Test worker] INFO  o.s.b.t.m.w.SpringBootMockServletContext - Initializing Spring TestDispatcherServlet ''
2026-08-09 03:37:21.138 [Test worker] INFO  o.s.t.w.s.TestDispatcherServlet - Initializing Servlet ''
2026-08-09 03:37:21.144 [Test worker] INFO  o.s.t.w.s.TestDispatcherServlet - Completed initialization in 4 ms
2026-08-09 03:37:21.210 [Test worker] INFO  c.t.m.a.c.AuthControllerIntegrationTest - Started AuthControllerIntegrationTest in 4.609 seconds (process running for 17.852)
2026-08-09 03:37:22.756 [Test worker] INFO  o.s.b.t.c.SpringBootTestContextBootstrapper - Found @SpringBootConfiguration com.thesystem.TheSystemApplication for test class com.thesystem.modules.goal.controller.GoalControllerIntegrationTest
2026-08-09 03:37:22.817 [Test worker] INFO  c.t.m.g.c.GoalControllerIntegrationTest - Starting GoalControllerIntegrationTest using Java 21.0.12 with PID 13687 (started by naga in /home/naga/Workspace/Projects/THE-SYSTEM/Backend)
2026-08-09 03:37:22.817 [Test worker] DEBUG c.t.m.g.c.GoalControllerIntegrationTest - Running with Spring Boot v3.4.5, Spring v6.2.6
2026-08-09 03:37:22.818 [Test worker] INFO  c.t.m.g.c.GoalControllerIntegrationTest - No active profile set, falling back to 1 default profile: "default"
2026-08-09 03:37:23.492 [Test worker] INFO  o.s.d.r.c.RepositoryConfigurationDelegate - Bootstrapping Spring Data JPA repositories in DEFAULT mode.
2026-08-09 03:37:23.602 [Test worker] INFO  o.s.d.r.c.RepositoryConfigurationDelegate - Finished Spring Data repository scanning in 107 ms. Found 18 JPA repository interfaces.
2026-08-09 03:37:24.650 [Test worker] INFO  o.s.o.j.p.SpringPersistenceUnitInfo - No LoadTimeWeaver setup: ignoring JPA class transformer
2026-08-09 03:37:24.652 [Test worker] INFO  com.zaxxer.hikari.HikariDataSource - HikariPool-3 - Starting...
2026-08-09 03:37:24.655 [Test worker] INFO  com.zaxxer.hikari.pool.HikariPool - HikariPool-3 - Added connection conn20: url=jdbc:h2:mem:thesystem user=SA
2026-08-09 03:37:24.656 [Test worker] INFO  com.zaxxer.hikari.HikariDataSource - HikariPool-3 - Start completed.
2026-08-09 03:37:24.657 [Test worker] WARN  org.hibernate.orm.deprecation - HHH90000025: H2Dialect does not need to be specified explicitly using 'hibernate.dialect' (remove the property setting and it will be selected by default)
2026-08-09 03:37:25.048 [Test worker] INFO  o.s.o.j.LocalContainerEntityManagerFactoryBean - Initialized JPA EntityManagerFactory for persistence unit 'default'
2026-08-09 03:37:26.716 [Test worker] INFO  o.s.s.c.a.a.c.InitializeUserDetailsBeanManagerConfigurer$InitializeUserDetailsManagerConfigurer - Global AuthenticationManager configured with UserDetailsService bean with name userDetailsServiceImpl
2026-08-09 03:37:27.345 [Test worker] INFO  o.s.b.a.e.web.EndpointLinksResolver - Exposing 1 endpoint beneath base path '/actuator'
2026-08-09 03:37:28.409 [Test worker] INFO  o.s.b.t.m.w.SpringBootMockServletContext - Initializing Spring TestDispatcherServlet ''
2026-08-09 03:37:28.410 [Test worker] INFO  o.s.t.w.s.TestDispatcherServlet - Initializing Servlet ''
2026-08-09 03:37:28.456 [Test worker] INFO  o.s.t.w.s.TestDispatcherServlet - Completed initialization in 4 ms
2026-08-09 03:37:28.536 [Test worker] INFO  c.t.m.g.c.GoalControllerIntegrationTest - Started GoalControllerIntegrationTest in 5.77 seconds (process running for 25.178)
2026-08-09 03:37:29.791 [Test worker] INFO  o.s.b.t.c.SpringBootTestContextBootstrapper - Found @SpringBootConfiguration com.thesystem.TheSystemApplication for test class com.thesystem.modules.settings.controller.SettingsControllerIntegrationTest
2026-08-09 03:37:29.834 [Test worker] INFO  c.t.m.s.c.SettingsControllerIntegrationTest - Starting SettingsControllerIntegrationTest using Java 21.0.12 with PID 13687 (started by naga in /home/naga/Workspace/Projects/THE-SYSTEM/Backend)
2026-08-09 03:37:29.834 [Test worker] DEBUG c.t.m.s.c.SettingsControllerIntegrationTest - Running with Spring Boot v3.4.5, Spring v6.2.6
2026-08-09 03:37:29.835 [Test worker] INFO  c.t.m.s.c.SettingsControllerIntegrationTest - No active profile set, falling back to 1 default profile: "default"
2026-08-09 03:37:30.226 [Test worker] INFO  o.s.d.r.c.RepositoryConfigurationDelegate - Bootstrapping Spring Data JPA repositories in DEFAULT mode.
2026-08-09 03:37:30.268 [Test worker] INFO  o.s.d.r.c.RepositoryConfigurationDelegate - Finished Spring Data repository scanning in 40 ms. Found 18 JPA repository interfaces.
2026-08-09 03:37:30.850 [Test worker] INFO  o.s.o.j.p.SpringPersistenceUnitInfo - No LoadTimeWeaver setup: ignoring JPA class transformer
2026-08-09 03:37:30.852 [Test worker] INFO  com.zaxxer.hikari.HikariDataSource - HikariPool-4 - Starting...
2026-08-09 03:37:30.864 [Test worker] INFO  com.zaxxer.hikari.pool.HikariPool - HikariPool-4 - Added connection conn30: url=jdbc:h2:mem:thesystem user=SA
2026-08-09 03:37:30.865 [Test worker] INFO  com.zaxxer.hikari.HikariDataSource - HikariPool-4 - Start completed.
2026-08-09 03:37:30.867 [Test worker] WARN  org.hibernate.orm.deprecation - HHH90000025: H2Dialect does not need to be specified explicitly using 'hibernate.dialect' (remove the property setting and it will be selected by default)
2026-08-09 03:37:31.089 [Test worker] INFO  o.s.o.j.LocalContainerEntityManagerFactoryBean - Initialized JPA EntityManagerFactory for persistence unit 'default'
2026-08-09 03:37:31.883 [Test worker] INFO  o.s.s.c.a.a.c.InitializeUserDetailsBeanManagerConfigurer$InitializeUserDetailsManagerConfigurer - Global AuthenticationManager configured with UserDetailsService bean with name userDetailsServiceImpl
2026-08-09 03:37:32.159 [Test worker] INFO  o.s.b.a.e.web.EndpointLinksResolver - Exposing 1 endpoint beneath base path '/actuator'
2026-08-09 03:37:32.832 [Test worker] INFO  o.s.b.t.m.w.SpringBootMockServletContext - Initializing Spring TestDispatcherServlet ''
2026-08-09 03:37:32.832 [Test worker] INFO  o.s.t.w.s.TestDispatcherServlet - Initializing Servlet ''
2026-08-09 03:37:32.836 [Test worker] INFO  o.s.t.w.s.TestDispatcherServlet - Completed initialization in 3 ms
2026-08-09 03:37:32.891 [Test worker] INFO  c.t.m.s.c.SettingsControllerIntegrationTest - Started SettingsControllerIntegrationTest in 3.093 seconds (process running for 29.533)
2026-08-09 03:37:33.301 [Test worker] INFO  o.s.b.t.c.SpringBootTestContextBootstrapper - Found @SpringBootConfiguration com.thesystem.TheSystemApplication for test class com.thesystem.modules.task.controller.TaskControllerIntegrationTest
2026-08-09 03:37:33.334 [Test worker] INFO  c.t.m.t.c.TaskControllerIntegrationTest - Starting TaskControllerIntegrationTest using Java 21.0.12 with PID 13687 (started by naga in /home/naga/Workspace/Projects/THE-SYSTEM/Backend)
2026-08-09 03:37:33.335 [Test worker] DEBUG c.t.m.t.c.TaskControllerIntegrationTest - Running with Spring Boot v3.4.5, Spring v6.2.6
2026-08-09 03:37:33.336 [Test worker] INFO  c.t.m.t.c.TaskControllerIntegrationTest - No active profile set, falling back to 1 default profile: "default"
2026-08-09 03:37:33.664 [Test worker] INFO  o.s.d.r.c.RepositoryConfigurationDelegate - Bootstrapping Spring Data JPA repositories in DEFAULT mode.
2026-08-09 03:37:33.701 [Test worker] INFO  o.s.d.r.c.RepositoryConfigurationDelegate - Finished Spring Data repository scanning in 35 ms. Found 18 JPA repository interfaces.
2026-08-09 03:37:34.198 [Test worker] INFO  o.s.o.j.p.SpringPersistenceUnitInfo - No LoadTimeWeaver setup: ignoring JPA class transformer
2026-08-09 03:37:34.200 [Test worker] INFO  com.zaxxer.hikari.HikariDataSource - HikariPool-5 - Starting...
2026-08-09 03:37:34.201 [Test worker] INFO  com.zaxxer.hikari.pool.HikariPool - HikariPool-5 - Added connection conn40: url=jdbc:h2:mem:thesystem user=SA
2026-08-09 03:37:34.202 [Test worker] INFO  com.zaxxer.hikari.HikariDataSource - HikariPool-5 - Start completed.
2026-08-09 03:37:34.203 [Test worker] WARN  org.hibernate.orm.deprecation - HHH90000025: H2Dialect does not need to be specified explicitly using 'hibernate.dialect' (remove the property setting and it will be selected by default)
2026-08-09 03:37:34.355 [Test worker] INFO  o.s.o.j.LocalContainerEntityManagerFactoryBean - Initialized JPA EntityManagerFactory for persistence unit 'default'
2026-08-09 03:37:35.039 [Test worker] INFO  o.s.s.c.a.a.c.InitializeUserDetailsBeanManagerConfigurer$InitializeUserDetailsManagerConfigurer - Global AuthenticationManager configured with UserDetailsService bean with name userDetailsServiceImpl
2026-08-09 03:37:35.356 [Test worker] INFO  o.s.b.a.e.web.EndpointLinksResolver - Exposing 1 endpoint beneath base path '/actuator'
2026-08-09 03:37:35.902 [Test worker] INFO  o.s.b.t.m.w.SpringBootMockServletContext - Initializing Spring TestDispatcherServlet ''
2026-08-09 03:37:35.902 [Test worker] INFO  o.s.t.w.s.TestDispatcherServlet - Initializing Servlet ''
2026-08-09 03:37:35.904 [Test worker] INFO  o.s.t.w.s.TestDispatcherServlet - Completed initialization in 2 ms
2026-08-09 03:37:35.945 [Test worker] INFO  c.t.m.t.c.TaskControllerIntegrationTest - Started TaskControllerIntegrationTest in 2.637 seconds (process running for 32.587)
2026-08-09 03:37:37.246 [Test worker] INFO  o.s.b.t.c.SpringBootTestContextBootstrapper - Found @SpringBootConfiguration com.thesystem.TheSystemApplication for test class com.thesystem.modules.user.controller.UserControllerIntegrationTest
2026-08-09 03:37:37.269 [Test worker] INFO  c.t.m.u.c.UserControllerIntegrationTest - Starting UserControllerIntegrationTest using Java 21.0.12 with PID 13687 (started by naga in /home/naga/Workspace/Projects/THE-SYSTEM/Backend)
2026-08-09 03:37:37.270 [Test worker] DEBUG c.t.m.u.c.UserControllerIntegrationTest - Running with Spring Boot v3.4.5, Spring v6.2.6
2026-08-09 03:37:37.270 [Test worker] INFO  c.t.m.u.c.UserControllerIntegrationTest - No active profile set, falling back to 1 default profile: "default"
2026-08-09 03:37:37.478 [Test worker] INFO  o.s.d.r.c.RepositoryConfigurationDelegate - Bootstrapping Spring Data JPA repositories in DEFAULT mode.
2026-08-09 03:37:37.512 [Test worker] INFO  o.s.d.r.c.RepositoryConfigurationDelegate - Finished Spring Data repository scanning in 32 ms. Found 18 JPA repository interfaces.
2026-08-09 03:37:37.959 [Test worker] INFO  o.s.o.j.p.SpringPersistenceUnitInfo - No LoadTimeWeaver setup: ignoring JPA class transformer
2026-08-09 03:37:37.961 [Test worker] INFO  com.zaxxer.hikari.HikariDataSource - HikariPool-6 - Starting...
2026-08-09 03:37:37.962 [Test worker] INFO  com.zaxxer.hikari.pool.HikariPool - HikariPool-6 - Added connection conn50: url=jdbc:h2:mem:thesystem user=SA
2026-08-09 03:37:37.963 [Test worker] INFO  com.zaxxer.hikari.HikariDataSource - HikariPool-6 - Start completed.
2026-08-09 03:37:37.964 [Test worker] WARN  org.hibernate.orm.deprecation - HHH90000025: H2Dialect does not need to be specified explicitly using 'hibernate.dialect' (remove the property setting and it will be selected by default)
2026-08-09 03:37:38.132 [Test worker] INFO  o.s.o.j.LocalContainerEntityManagerFactoryBean - Initialized JPA EntityManagerFactory for persistence unit 'default'
2026-08-09 03:37:38.696 [Test worker] INFO  o.s.s.c.a.a.c.InitializeUserDetailsBeanManagerConfigurer$InitializeUserDetailsManagerConfigurer - Global AuthenticationManager configured with UserDetailsService bean with name userDetailsServiceImpl
2026-08-09 03:37:38.865 [Test worker] INFO  o.s.b.a.e.web.EndpointLinksResolver - Exposing 1 endpoint beneath base path '/actuator'
2026-08-09 03:37:39.253 [Test worker] INFO  o.s.b.t.m.w.SpringBootMockServletContext - Initializing Spring TestDispatcherServlet ''
2026-08-09 03:37:39.254 [Test worker] INFO  o.s.t.w.s.TestDispatcherServlet - Initializing Servlet ''
2026-08-09 03:37:39.257 [Test worker] INFO  o.s.t.w.s.TestDispatcherServlet - Completed initialization in 3 ms
2026-08-09 03:37:39.283 [Test worker] INFO  c.t.m.u.c.UserControllerIntegrationTest - Started UserControllerIntegrationTest in 2.033 seconds (process running for 35.926)
2026-08-09 03:37:39.564 [Test worker] INFO  o.s.b.t.c.SpringBootTestContextBootstrapper - Found @SpringBootConfiguration com.thesystem.TheSystemApplication for test class com.thesystem.modules.xp.controller.XpControllerIntegrationTest
2026-08-09 03:37:39.585 [Test worker] INFO  c.t.m.x.c.XpControllerIntegrationTest - Starting XpControllerIntegrationTest using Java 21.0.12 with PID 13687 (started by naga in /home/naga/Workspace/Projects/THE-SYSTEM/Backend)
2026-08-09 03:37:39.585 [Test worker] DEBUG c.t.m.x.c.XpControllerIntegrationTest - Running with Spring Boot v3.4.5, Spring v6.2.6
2026-08-09 03:37:39.585 [Test worker] INFO  c.t.m.x.c.XpControllerIntegrationTest - No active profile set, falling back to 1 default profile: "default"
2026-08-09 03:37:39.765 [Test worker] INFO  o.s.d.r.c.RepositoryConfigurationDelegate - Bootstrapping Spring Data JPA repositories in DEFAULT mode.
2026-08-09 03:37:39.788 [Test worker] INFO  o.s.d.r.c.RepositoryConfigurationDelegate - Finished Spring Data repository scanning in 21 ms. Found 18 JPA repository interfaces.
2026-08-09 03:37:40.110 [Test worker] INFO  o.s.o.j.p.SpringPersistenceUnitInfo - No LoadTimeWeaver setup: ignoring JPA class transformer
2026-08-09 03:37:40.111 [Test worker] INFO  com.zaxxer.hikari.HikariDataSource - HikariPool-7 - Starting...
2026-08-09 03:37:40.112 [Test worker] INFO  com.zaxxer.hikari.pool.HikariPool - HikariPool-7 - Added connection conn60: url=jdbc:h2:mem:thesystem user=SA
2026-08-09 03:37:40.113 [Test worker] INFO  com.zaxxer.hikari.HikariDataSource - HikariPool-7 - Start completed.
2026-08-09 03:37:40.113 [Test worker] WARN  org.hibernate.orm.deprecation - HHH90000025: H2Dialect does not need to be specified explicitly using 'hibernate.dialect' (remove the property setting and it will be selected by default)
2026-08-09 03:37:40.232 [Test worker] INFO  o.s.o.j.LocalContainerEntityManagerFactoryBean - Initialized JPA EntityManagerFactory for persistence unit 'default'
2026-08-09 03:37:40.684 [Test worker] INFO  o.s.s.c.a.a.c.InitializeUserDetailsBeanManagerConfigurer$InitializeUserDetailsManagerConfigurer - Global AuthenticationManager configured with UserDetailsService bean with name userDetailsServiceImpl
2026-08-09 03:37:40.843 [Test worker] INFO  o.s.b.a.e.web.EndpointLinksResolver - Exposing 1 endpoint beneath base path '/actuator'
2026-08-09 03:37:41.135 [Test worker] INFO  o.s.b.t.m.w.SpringBootMockServletContext - Initializing Spring TestDispatcherServlet ''
2026-08-09 03:37:41.136 [Test worker] INFO  o.s.t.w.s.TestDispatcherServlet - Initializing Servlet ''
2026-08-09 03:37:41.137 [Test worker] INFO  o.s.t.w.s.TestDispatcherServlet - Completed initialization in 1 ms
2026-08-09 03:37:41.174 [Test worker] INFO  c.t.m.x.c.XpControllerIntegrationTest - Started XpControllerIntegrationTest in 1.606 seconds (process running for 37.816)
2026-08-09 03:37:41.398 [Test worker] ERROR c.t.m.xp.listener.XpEventListener - Failed to award XP for task completion: TaskCompletedEvent[taskId=123, userId=456, goalId=null, title=Test Task, executionType=MANUAL, occurredAt=2026-08-08T22:07:41.397845650Z]
java.lang.IllegalArgumentException: Invalid UUID string: 456
	at java.base/java.util.UUID.fromString1(UUID.java:282)
	at java.base/java.util.UUID.fromString(UUID.java:260)
	at com.thesystem.modules.xp.listener.XpEventListener.handleTaskCompleted(XpEventListener.java:31)
	at com.thesystem.modules.xp.listener.XpEventListenerTest.shouldAwardXpForTaskCompletion(XpEventListenerTest.java:40)
	at java.base/jdk.internal.reflect.DirectMethodHandleAccessor.invoke(DirectMethodHandleAccessor.java:103)
	at java.base/java.lang.reflect.Method.invoke(Method.java:580)
	at org.junit.platform.commons.util.ReflectionUtils.invokeMethod(ReflectionUtils.java:767)
	at org.junit.jupiter.engine.execution.MethodInvocation.proceed(MethodInvocation.java:60)
	at org.junit.jupiter.engine.execution.InvocationInterceptorChain$ValidatingInvocation.proceed(InvocationInterceptorChain.java:131)
	at org.junit.jupiter.engine.extension.TimeoutExtension.intercept(TimeoutExtension.java:156)
	at org.junit.jupiter.engine.extension.TimeoutExtension.interceptTestableMethod(TimeoutExtension.java:147)
	at org.junit.jupiter.engine.extension.TimeoutExtension.interceptTestMethod(TimeoutExtension.java:86)
	at org.junit.jupiter.engine.execution.InterceptingExecutableInvoker$ReflectiveInterceptorCall.lambda$ofVoidMethod$0(InterceptingExecutableInvoker.java:103)
	at org.junit.jupiter.engine.execution.InterceptingExecutableInvoker.lambda$invoke$0(InterceptingExecutableInvoker.java:93)
	at org.junit.jupiter.engine.execution.InvocationInterceptorChain$InterceptedInvocation.proceed(InvocationInterceptorChain.java:106)
	at org.junit.jupiter.engine.execution.InvocationInterceptorChain.proceed(InvocationInterceptorChain.java:64)
	at org.junit.jupiter.engine.execution.InvocationInterceptorChain.chainAndInvoke(InvocationInterceptorChain.java:45)
	at org.junit.jupiter.engine.execution.InvocationInterceptorChain.invoke(InvocationInterceptorChain.java:37)
	at org.junit.jupiter.engine.execution.InterceptingExecutableInvoker.invoke(InterceptingExecutableInvoker.java:92)
	at org.junit.jupiter.engine.execution.InterceptingExecutableInvoker.invoke(InterceptingExecutableInvoker.java:86)
	at org.junit.jupiter.engine.descriptor.TestMethodTestDescriptor.lambda$invokeTestMethod$8(TestMethodTestDescriptor.java:217)
	at org.junit.platform.engine.support.hierarchical.ThrowableCollector.execute(ThrowableCollector.java:73)
	at org.junit.jupiter.engine.descriptor.TestMethodTestDescriptor.invokeTestMethod(TestMethodTestDescriptor.java:213)
	at org.junit.jupiter.engine.descriptor.TestMethodTestDescriptor.execute(TestMethodTestDescriptor.java:138)
	at org.junit.jupiter.engine.descriptor.TestMethodTestDescriptor.execute(TestMethodTestDescriptor.java:68)
	at org.junit.platform.engine.support.hierarchical.NodeTestTask.lambda$executeRecursively$6(NodeTestTask.java:156)
	at org.junit.platform.engine.support.hierarchical.ThrowableCollector.execute(ThrowableCollector.java:73)
	at org.junit.platform.engine.support.hierarchical.NodeTestTask.lambda$executeRecursively$8(NodeTestTask.java:146)
	at org.junit.platform.engine.support.hierarchical.Node.around(Node.java:137)
	at org.junit.platform.engine.support.hierarchical.NodeTestTask.lambda$executeRecursively$9(NodeTestTask.java:144)
	at org.junit.platform.engine.support.hierarchical.ThrowableCollector.execute(ThrowableCollector.java:73)
	at org.junit.platform.engine.support.hierarchical.NodeTestTask.executeRecursively(NodeTestTask.java:143)
	at org.junit.platform.engine.support.hierarchical.NodeTestTask.execute(NodeTestTask.java:100)
	at java.base/java.util.ArrayList.forEach(ArrayList.java:1596)
	at org.junit.platform.engine.support.hierarchical.SameThreadHierarchicalTestExecutorService.invokeAll(SameThreadHierarchicalTestExecutorService.java:41)
	at org.junit.platform.engine.support.hierarchical.NodeTestTask.lambda$executeRecursively$6(NodeTestTask.java:160)
	at org.junit.platform.engine.support.hierarchical.ThrowableCollector.execute(ThrowableCollector.java:73)
	at org.junit.platform.engine.support.hierarchical.NodeTestTask.lambda$executeRecursively$8(NodeTestTask.java:146)
	at org.junit.platform.engine.support.hierarchical.Node.around(Node.java:137)
	at org.junit.platform.engine.support.hierarchical.NodeTestTask.lambda$executeRecursively$9(NodeTestTask.java:144)
	at org.junit.platform.engine.support.hierarchical.ThrowableCollector.execute(ThrowableCollector.java:73)
	at org.junit.platform.engine.support.hierarchical.NodeTestTask.executeRecursively(NodeTestTask.java:143)
	at org.junit.platform.engine.support.hierarchical.NodeTestTask.execute(NodeTestTask.java:100)
	at java.base/java.util.ArrayList.forEach(ArrayList.java:1596)
	at org.junit.platform.engine.support.hierarchical.SameThreadHierarchicalTestExecutorService.invokeAll(SameThreadHierarchicalTestExecutorService.java:41)
	at org.junit.platform.engine.support.hierarchical.NodeTestTask.lambda$executeRecursively$6(NodeTestTask.java:160)
	at org.junit.platform.engine.support.hierarchical.ThrowableCollector.execute(ThrowableCollector.java:73)
	at org.junit.platform.engine.support.hierarchical.NodeTestTask.lambda$executeRecursively$8(NodeTestTask.java:146)
	at org.junit.platform.engine.support.hierarchical.Node.around(Node.java:137)
	at org.junit.platform.engine.support.hierarchical.NodeTestTask.lambda$executeRecursively$9(NodeTestTask.java:144)
	at org.junit.platform.engine.support.hierarchical.ThrowableCollector.execute(ThrowableCollector.java:73)
	at org.junit.platform.engine.support.hierarchical.NodeTestTask.executeRecursively(NodeTestTask.java:143)
	at org.junit.platform.engine.support.hierarchical.NodeTestTask.execute(NodeTestTask.java:100)
	at org.junit.platform.engine.support.hierarchical.SameThreadHierarchicalTestExecutorService.submit(SameThreadHierarchicalTestExecutorService.java:35)
	at org.junit.platform.engine.support.hierarchical.HierarchicalTestExecutor.execute(HierarchicalTestExecutor.java:57)
	at org.junit.platform.engine.support.hierarchical.HierarchicalTestEngine.execute(HierarchicalTestEngine.java:54)
	at org.junit.platform.launcher.core.EngineExecutionOrchestrator.execute(EngineExecutionOrchestrator.java:198)
	at org.junit.platform.launcher.core.EngineExecutionOrchestrator.execute(EngineExecutionOrchestrator.java:169)
	at org.junit.platform.launcher.core.EngineExecutionOrchestrator.execute(EngineExecutionOrchestrator.java:93)
	at org.junit.platform.launcher.core.EngineExecutionOrchestrator.lambda$execute$0(EngineExecutionOrchestrator.java:58)
	at org.junit.platform.launcher.core.EngineExecutionOrchestrator.withInterceptedStreams(EngineExecutionOrchestrator.java:141)
	at org.junit.platform.launcher.core.EngineExecutionOrchestrator.execute(EngineExecutionOrchestrator.java:57)
	at org.junit.platform.launcher.core.DefaultLauncher.execute(DefaultLauncher.java:103)
	at org.junit.platform.launcher.core.DefaultLauncher.execute(DefaultLauncher.java:85)
	at org.junit.platform.launcher.core.DelegatingLauncher.execute(DelegatingLauncher.java:47)
	at org.gradle.api.internal.tasks.testing.junitplatform.JUnitPlatformTestDefinitionProcessor$CollectThenExecuteTestDefinitionConsumer.processAllTestDefinitions(JUnitPlatformTestDefinitionProcessor.java:205)
	at org.gradle.api.internal.tasks.testing.junitplatform.JUnitPlatformTestDefinitionProcessor$CollectThenExecuteTestDefinitionConsumer.access$000(JUnitPlatformTestDefinitionProcessor.java:122)
	at org.gradle.api.internal.tasks.testing.junitplatform.JUnitPlatformTestDefinitionProcessor.stop(JUnitPlatformTestDefinitionProcessor.java:116)
	at org.gradle.api.internal.tasks.testing.SuiteTestDefinitionProcessor.stop(SuiteTestDefinitionProcessor.java:63)
	at java.base/jdk.internal.reflect.DirectMethodHandleAccessor.invoke(DirectMethodHandleAccessor.java:103)
	at java.base/java.lang.reflect.Method.invoke(Method.java:580)
	at org.gradle.internal.dispatch.MethodInvocation.invokeOn(MethodInvocation.java:77)
	at org.gradle.internal.dispatch.ReflectionDispatch.dispatch(ReflectionDispatch.java:28)
	at org.gradle.internal.dispatch.ReflectionDispatch.dispatch(ReflectionDispatch.java:19)
	at org.gradle.internal.dispatch.ContextClassLoaderDispatch.dispatch(ContextClassLoaderDispatch.java:33)
	at org.gradle.internal.dispatch.ProxyDispatchAdapter$DispatchingInvocationHandler.invoke(ProxyDispatchAdapter.java:88)
	at jdk.proxy1/jdk.proxy1.$Proxy4.stop(Unknown Source)
	at org.gradle.api.internal.tasks.testing.worker.TestWorker$3.run(TestWorker.java:195)
	at org.gradle.api.internal.tasks.testing.worker.TestWorker.executeAndMaintainThreadName(TestWorker.java:126)
	at org.gradle.api.internal.tasks.testing.worker.TestWorker.execute(TestWorker.java:103)
	at org.gradle.api.internal.tasks.testing.worker.TestWorker.execute(TestWorker.java:63)
	at org.gradle.process.internal.worker.child.ActionExecutionWorker.execute(ActionExecutionWorker.java:56)
	at org.gradle.process.internal.worker.child.SystemApplicationClassLoaderWorker.call(SystemApplicationClassLoaderWorker.java:122)
	at org.gradle.process.internal.worker.child.SystemApplicationClassLoaderWorker.call(SystemApplicationClassLoaderWorker.java:72)
	at worker.org.gradle.process.internal.worker.GradleWorkerMain.run(GradleWorkerMain.java:69)
	at worker.org.gradle.process.internal.worker.GradleWorkerMain.main(GradleWorkerMain.java:74)
2026-08-09 03:37:42.235 [SpringApplicationShutdownHook] INFO  o.s.o.j.LocalContainerEntityManagerFactoryBean - Closing JPA EntityManagerFactory for persistence unit 'default'
2026-08-09 03:37:42.240 [SpringApplicationShutdownHook] INFO  com.zaxxer.hikari.HikariDataSource - HikariPool-1 - Shutdown initiated...
2026-08-09 03:37:42.245 [SpringApplicationShutdownHook] INFO  com.zaxxer.hikari.HikariDataSource - HikariPool-1 - Shutdown completed.
2026-08-09 03:37:42.250 [SpringApplicationShutdownHook] INFO  o.s.o.j.LocalContainerEntityManagerFactoryBean - Closing JPA EntityManagerFactory for persistence unit 'default'
2026-08-09 03:37:42.251 [SpringApplicationShutdownHook] INFO  com.zaxxer.hikari.HikariDataSource - HikariPool-2 - Shutdown initiated...
2026-08-09 03:37:42.252 [SpringApplicationShutdownHook] INFO  com.zaxxer.hikari.HikariDataSource - HikariPool-2 - Shutdown completed.
2026-08-09 03:37:42.258 [SpringApplicationShutdownHook] INFO  o.s.o.j.LocalContainerEntityManagerFactoryBean - Closing JPA EntityManagerFactory for persistence unit 'default'
2026-08-09 03:37:42.259 [SpringApplicationShutdownHook] INFO  com.zaxxer.hikari.HikariDataSource - HikariPool-3 - Shutdown initiated...
2026-08-09 03:37:42.260 [SpringApplicationShutdownHook] INFO  com.zaxxer.hikari.HikariDataSource - HikariPool-3 - Shutdown completed.
2026-08-09 03:37:42.264 [SpringApplicationShutdownHook] INFO  o.s.o.j.LocalContainerEntityManagerFactoryBean - Closing JPA EntityManagerFactory for persistence unit 'default'
2026-08-09 03:37:42.265 [SpringApplicationShutdownHook] INFO  com.zaxxer.hikari.HikariDataSource - HikariPool-4 - Shutdown initiated...
2026-08-09 03:37:42.267 [SpringApplicationShutdownHook] INFO  com.zaxxer.hikari.HikariDataSource - HikariPool-4 - Shutdown completed.
2026-08-09 03:37:42.271 [SpringApplicationShutdownHook] INFO  o.s.o.j.LocalContainerEntityManagerFactoryBean - Closing JPA EntityManagerFactory for persistence unit 'default'
2026-08-09 03:37:42.271 [SpringApplicationShutdownHook] INFO  com.zaxxer.hikari.HikariDataSource - HikariPool-5 - Shutdown initiated...
2026-08-09 03:37:42.273 [SpringApplicationShutdownHook] INFO  com.zaxxer.hikari.HikariDataSource - HikariPool-5 - Shutdown completed.
2026-08-09 03:37:42.278 [SpringApplicationShutdownHook] INFO  o.s.o.j.LocalContainerEntityManagerFactoryBean - Closing JPA EntityManagerFactory for persistence unit 'default'
2026-08-09 03:37:42.279 [SpringApplicationShutdownHook] INFO  com.zaxxer.hikari.HikariDataSource - HikariPool-6 - Shutdown initiated...
2026-08-09 03:37:42.280 [SpringApplicationShutdownHook] INFO  com.zaxxer.hikari.HikariDataSource - HikariPool-6 - Shutdown completed.
2026-08-09 03:37:42.284 [SpringApplicationShutdownHook] INFO  o.s.o.j.LocalContainerEntityManagerFactoryBean - Closing JPA EntityManagerFactory for persistence unit 'default'
2026-08-09 03:37:42.285 [SpringApplicationShutdownHook] INFO  com.zaxxer.hikari.HikariDataSource - HikariPool-7 - Shutdown initiated...
2026-08-09 03:37:42.286 [SpringApplicationShutdownHook] INFO  com.zaxxer.hikari.HikariDataSource - HikariPool-7 - Shutdown completed.
2026-08-09 03:39:01.013 [Test worker] INFO  c.t.TheSystemApplicationTests - Starting TheSystemApplicationTests using Java 21.0.12 with PID 14615 (started by naga in /home/naga/Workspace/Projects/THE-SYSTEM/Backend)
2026-08-09 03:39:01.015 [Test worker] DEBUG c.t.TheSystemApplicationTests - Running with Spring Boot v3.4.5, Spring v6.2.6
2026-08-09 03:39:01.016 [Test worker] INFO  c.t.TheSystemApplicationTests - No active profile set, falling back to 1 default profile: "default"
2026-08-09 03:39:02.215 [Test worker] INFO  o.s.d.r.c.RepositoryConfigurationDelegate - Bootstrapping Spring Data JPA repositories in DEFAULT mode.
2026-08-09 03:39:02.351 [Test worker] INFO  o.s.d.r.c.RepositoryConfigurationDelegate - Finished Spring Data repository scanning in 123 ms. Found 18 JPA repository interfaces.
2026-08-09 03:39:04.365 [Test worker] INFO  o.s.o.j.p.SpringPersistenceUnitInfo - No LoadTimeWeaver setup: ignoring JPA class transformer
2026-08-09 03:39:04.393 [Test worker] INFO  com.zaxxer.hikari.HikariDataSource - HikariPool-1 - Starting...
2026-08-09 03:39:04.554 [Test worker] INFO  com.zaxxer.hikari.pool.HikariPool - HikariPool-1 - Added connection conn0: url=jdbc:h2:mem:thesystem user=SA
2026-08-09 03:39:04.558 [Test worker] INFO  com.zaxxer.hikari.HikariDataSource - HikariPool-1 - Start completed.
2026-08-09 03:39:04.580 [Test worker] WARN  org.hibernate.orm.deprecation - HHH90000025: H2Dialect does not need to be specified explicitly using 'hibernate.dialect' (remove the property setting and it will be selected by default)
2026-08-09 03:39:05.910 [Test worker] INFO  o.s.o.j.LocalContainerEntityManagerFactoryBean - Initialized JPA EntityManagerFactory for persistence unit 'default'
2026-08-09 03:39:07.045 [Test worker] INFO  o.s.d.j.r.query.QueryEnhancerFactory - Hibernate is in classpath; If applicable, HQL parser will be used.
2026-08-09 03:39:08.430 [Test worker] INFO  o.s.s.c.a.a.c.InitializeUserDetailsBeanManagerConfigurer$InitializeUserDetailsManagerConfigurer - Global AuthenticationManager configured with UserDetailsService bean with name userDetailsServiceImpl
2026-08-09 03:39:09.115 [Test worker] INFO  o.s.b.a.e.web.EndpointLinksResolver - Exposing 1 endpoint beneath base path '/actuator'
2026-08-09 03:39:10.247 [Test worker] INFO  c.t.TheSystemApplicationTests - Started TheSystemApplicationTests in 9.749 seconds (process running for 11.148)
2026-08-09 03:39:10.871 [Test worker] INFO  o.s.b.t.c.SpringBootTestContextBootstrapper - Found @SpringBootConfiguration com.thesystem.TheSystemApplication for test class com.thesystem.modules.auth.controller.AuthControllerIntegrationTest
2026-08-09 03:39:10.909 [Test worker] INFO  c.t.m.a.c.AuthControllerIntegrationTest - Starting AuthControllerIntegrationTest using Java 21.0.12 with PID 14615 (started by naga in /home/naga/Workspace/Projects/THE-SYSTEM/Backend)
2026-08-09 03:39:10.910 [Test worker] DEBUG c.t.m.a.c.AuthControllerIntegrationTest - Running with Spring Boot v3.4.5, Spring v6.2.6
2026-08-09 03:39:10.911 [Test worker] INFO  c.t.m.a.c.AuthControllerIntegrationTest - No active profile set, falling back to 1 default profile: "default"
2026-08-09 03:39:11.241 [Test worker] INFO  o.s.d.r.c.RepositoryConfigurationDelegate - Bootstrapping Spring Data JPA repositories in DEFAULT mode.
2026-08-09 03:39:11.305 [Test worker] INFO  o.s.d.r.c.RepositoryConfigurationDelegate - Finished Spring Data repository scanning in 60 ms. Found 18 JPA repository interfaces.
2026-08-09 03:39:12.280 [Test worker] INFO  o.s.o.j.p.SpringPersistenceUnitInfo - No LoadTimeWeaver setup: ignoring JPA class transformer
2026-08-09 03:39:12.282 [Test worker] INFO  com.zaxxer.hikari.HikariDataSource - HikariPool-2 - Starting...
2026-08-09 03:39:12.285 [Test worker] INFO  com.zaxxer.hikari.pool.HikariPool - HikariPool-2 - Added connection conn10: url=jdbc:h2:mem:thesystem user=SA
2026-08-09 03:39:12.286 [Test worker] INFO  com.zaxxer.hikari.HikariDataSource - HikariPool-2 - Start completed.
2026-08-09 03:39:12.287 [Test worker] WARN  org.hibernate.orm.deprecation - HHH90000025: H2Dialect does not need to be specified explicitly using 'hibernate.dialect' (remove the property setting and it will be selected by default)
2026-08-09 03:39:12.589 [Test worker] INFO  o.s.o.j.LocalContainerEntityManagerFactoryBean - Initialized JPA EntityManagerFactory for persistence unit 'default'
2026-08-09 03:39:13.980 [Test worker] INFO  o.s.s.c.a.a.c.InitializeUserDetailsBeanManagerConfigurer$InitializeUserDetailsManagerConfigurer - Global AuthenticationManager configured with UserDetailsService bean with name userDetailsServiceImpl
2026-08-09 03:39:14.427 [Test worker] INFO  o.s.b.a.e.web.EndpointLinksResolver - Exposing 1 endpoint beneath base path '/actuator'
2026-08-09 03:39:15.199 [Test worker] INFO  o.s.b.t.m.w.SpringBootMockServletContext - Initializing Spring TestDispatcherServlet ''
2026-08-09 03:39:15.200 [Test worker] INFO  o.s.t.w.s.TestDispatcherServlet - Initializing Servlet ''
2026-08-09 03:39:15.204 [Test worker] INFO  o.s.t.w.s.TestDispatcherServlet - Completed initialization in 4 ms
2026-08-09 03:39:15.261 [Test worker] INFO  c.t.m.a.c.AuthControllerIntegrationTest - Started AuthControllerIntegrationTest in 4.385 seconds (process running for 16.162)
2026-08-09 03:39:16.782 [Test worker] INFO  o.s.b.t.c.SpringBootTestContextBootstrapper - Found @SpringBootConfiguration com.thesystem.TheSystemApplication for test class com.thesystem.modules.goal.controller.GoalControllerIntegrationTest
2026-08-09 03:39:16.902 [Test worker] INFO  c.t.m.g.c.GoalControllerIntegrationTest - Starting GoalControllerIntegrationTest using Java 21.0.12 with PID 14615 (started by naga in /home/naga/Workspace/Projects/THE-SYSTEM/Backend)
2026-08-09 03:39:16.902 [Test worker] DEBUG c.t.m.g.c.GoalControllerIntegrationTest - Running with Spring Boot v3.4.5, Spring v6.2.6
2026-08-09 03:39:16.903 [Test worker] INFO  c.t.m.g.c.GoalControllerIntegrationTest - No active profile set, falling back to 1 default profile: "default"
2026-08-09 03:39:17.508 [Test worker] INFO  o.s.d.r.c.RepositoryConfigurationDelegate - Bootstrapping Spring Data JPA repositories in DEFAULT mode.
2026-08-09 03:39:17.594 [Test worker] INFO  o.s.d.r.c.RepositoryConfigurationDelegate - Finished Spring Data repository scanning in 83 ms. Found 18 JPA repository interfaces.
2026-08-09 03:39:18.501 [Test worker] INFO  o.s.o.j.p.SpringPersistenceUnitInfo - No LoadTimeWeaver setup: ignoring JPA class transformer
2026-08-09 03:39:18.504 [Test worker] INFO  com.zaxxer.hikari.HikariDataSource - HikariPool-3 - Starting...
2026-08-09 03:39:18.506 [Test worker] INFO  com.zaxxer.hikari.pool.HikariPool - HikariPool-3 - Added connection conn20: url=jdbc:h2:mem:thesystem user=SA
2026-08-09 03:39:18.515 [Test worker] INFO  com.zaxxer.hikari.HikariDataSource - HikariPool-3 - Start completed.
2026-08-09 03:39:18.516 [Test worker] WARN  org.hibernate.orm.deprecation - HHH90000025: H2Dialect does not need to be specified explicitly using 'hibernate.dialect' (remove the property setting and it will be selected by default)
2026-08-09 03:39:18.807 [Test worker] INFO  o.s.o.j.LocalContainerEntityManagerFactoryBean - Initialized JPA EntityManagerFactory for persistence unit 'default'
2026-08-09 03:39:20.315 [Test worker] INFO  o.s.s.c.a.a.c.InitializeUserDetailsBeanManagerConfigurer$InitializeUserDetailsManagerConfigurer - Global AuthenticationManager configured with UserDetailsService bean with name userDetailsServiceImpl
2026-08-09 03:39:20.783 [Test worker] INFO  o.s.b.a.e.web.EndpointLinksResolver - Exposing 1 endpoint beneath base path '/actuator'
2026-08-09 03:39:21.722 [Test worker] INFO  o.s.b.t.m.w.SpringBootMockServletContext - Initializing Spring TestDispatcherServlet ''
2026-08-09 03:39:21.723 [Test worker] INFO  o.s.t.w.s.TestDispatcherServlet - Initializing Servlet ''
2026-08-09 03:39:21.725 [Test worker] INFO  o.s.t.w.s.TestDispatcherServlet - Completed initialization in 2 ms
2026-08-09 03:39:21.789 [Test worker] INFO  c.t.m.g.c.GoalControllerIntegrationTest - Started GoalControllerIntegrationTest in 4.997 seconds (process running for 22.69)
2026-08-09 03:39:22.873 [Test worker] INFO  o.s.b.t.c.SpringBootTestContextBootstrapper - Found @SpringBootConfiguration com.thesystem.TheSystemApplication for test class com.thesystem.modules.settings.controller.SettingsControllerIntegrationTest
2026-08-09 03:39:22.914 [Test worker] INFO  c.t.m.s.c.SettingsControllerIntegrationTest - Starting SettingsControllerIntegrationTest using Java 21.0.12 with PID 14615 (started by naga in /home/naga/Workspace/Projects/THE-SYSTEM/Backend)
2026-08-09 03:39:22.914 [Test worker] DEBUG c.t.m.s.c.SettingsControllerIntegrationTest - Running with Spring Boot v3.4.5, Spring v6.2.6
2026-08-09 03:39:22.914 [Test worker] INFO  c.t.m.s.c.SettingsControllerIntegrationTest - No active profile set, falling back to 1 default profile: "default"
2026-08-09 03:39:23.241 [Test worker] INFO  o.s.d.r.c.RepositoryConfigurationDelegate - Bootstrapping Spring Data JPA repositories in DEFAULT mode.
2026-08-09 03:39:23.282 [Test worker] INFO  o.s.d.r.c.RepositoryConfigurationDelegate - Finished Spring Data repository scanning in 38 ms. Found 18 JPA repository interfaces.
2026-08-09 03:39:23.898 [Test worker] INFO  o.s.o.j.p.SpringPersistenceUnitInfo - No LoadTimeWeaver setup: ignoring JPA class transformer
2026-08-09 03:39:23.900 [Test worker] INFO  com.zaxxer.hikari.HikariDataSource - HikariPool-4 - Starting...
2026-08-09 03:39:23.902 [Test worker] INFO  com.zaxxer.hikari.pool.HikariPool - HikariPool-4 - Added connection conn30: url=jdbc:h2:mem:thesystem user=SA
2026-08-09 03:39:23.902 [Test worker] INFO  com.zaxxer.hikari.HikariDataSource - HikariPool-4 - Start completed.
2026-08-09 03:39:23.903 [Test worker] WARN  org.hibernate.orm.deprecation - HHH90000025: H2Dialect does not need to be specified explicitly using 'hibernate.dialect' (remove the property setting and it will be selected by default)
2026-08-09 03:39:24.121 [Test worker] INFO  o.s.o.j.LocalContainerEntityManagerFactoryBean - Initialized JPA EntityManagerFactory for persistence unit 'default'
2026-08-09 03:39:24.887 [Test worker] INFO  o.s.s.c.a.a.c.InitializeUserDetailsBeanManagerConfigurer$InitializeUserDetailsManagerConfigurer - Global AuthenticationManager configured with UserDetailsService bean with name userDetailsServiceImpl
2026-08-09 03:39:25.174 [Test worker] INFO  o.s.b.a.e.web.EndpointLinksResolver - Exposing 1 endpoint beneath base path '/actuator'
2026-08-09 03:39:25.808 [Test worker] INFO  o.s.b.t.m.w.SpringBootMockServletContext - Initializing Spring TestDispatcherServlet ''
2026-08-09 03:39:25.810 [Test worker] INFO  o.s.t.w.s.TestDispatcherServlet - Initializing Servlet ''
2026-08-09 03:39:25.812 [Test worker] INFO  o.s.t.w.s.TestDispatcherServlet - Completed initialization in 2 ms
2026-08-09 03:39:25.851 [Test worker] INFO  c.t.m.s.c.SettingsControllerIntegrationTest - Started SettingsControllerIntegrationTest in 2.971 seconds (process running for 26.752)
2026-08-09 03:39:26.263 [Test worker] INFO  o.s.b.t.c.SpringBootTestContextBootstrapper - Found @SpringBootConfiguration com.thesystem.TheSystemApplication for test class com.thesystem.modules.task.controller.TaskControllerIntegrationTest
2026-08-09 03:39:26.291 [Test worker] INFO  c.t.m.t.c.TaskControllerIntegrationTest - Starting TaskControllerIntegrationTest using Java 21.0.12 with PID 14615 (started by naga in /home/naga/Workspace/Projects/THE-SYSTEM/Backend)
2026-08-09 03:39:26.292 [Test worker] DEBUG c.t.m.t.c.TaskControllerIntegrationTest - Running with Spring Boot v3.4.5, Spring v6.2.6
2026-08-09 03:39:26.292 [Test worker] INFO  c.t.m.t.c.TaskControllerIntegrationTest - No active profile set, falling back to 1 default profile: "default"
2026-08-09 03:39:26.553 [Test worker] INFO  o.s.d.r.c.RepositoryConfigurationDelegate - Bootstrapping Spring Data JPA repositories in DEFAULT mode.
2026-08-09 03:39:26.585 [Test worker] INFO  o.s.d.r.c.RepositoryConfigurationDelegate - Finished Spring Data repository scanning in 31 ms. Found 18 JPA repository interfaces.
2026-08-09 03:39:26.999 [Test worker] INFO  o.s.o.j.p.SpringPersistenceUnitInfo - No LoadTimeWeaver setup: ignoring JPA class transformer
2026-08-09 03:39:27.000 [Test worker] INFO  com.zaxxer.hikari.HikariDataSource - HikariPool-5 - Starting...
2026-08-09 03:39:27.001 [Test worker] INFO  com.zaxxer.hikari.pool.HikariPool - HikariPool-5 - Added connection conn40: url=jdbc:h2:mem:thesystem user=SA
2026-08-09 03:39:27.002 [Test worker] INFO  com.zaxxer.hikari.HikariDataSource - HikariPool-5 - Start completed.
2026-08-09 03:39:27.003 [Test worker] WARN  org.hibernate.orm.deprecation - HHH90000025: H2Dialect does not need to be specified explicitly using 'hibernate.dialect' (remove the property setting and it will be selected by default)
2026-08-09 03:39:27.185 [Test worker] INFO  o.s.o.j.LocalContainerEntityManagerFactoryBean - Initialized JPA EntityManagerFactory for persistence unit 'default'
2026-08-09 03:39:27.920 [Test worker] INFO  o.s.s.c.a.a.c.InitializeUserDetailsBeanManagerConfigurer$InitializeUserDetailsManagerConfigurer - Global AuthenticationManager configured with UserDetailsService bean with name userDetailsServiceImpl
2026-08-09 03:39:28.167 [Test worker] INFO  o.s.b.a.e.web.EndpointLinksResolver - Exposing 1 endpoint beneath base path '/actuator'
2026-08-09 03:39:28.732 [Test worker] INFO  o.s.b.t.m.w.SpringBootMockServletContext - Initializing Spring TestDispatcherServlet ''
2026-08-09 03:39:28.732 [Test worker] INFO  o.s.t.w.s.TestDispatcherServlet - Initializing Servlet ''
2026-08-09 03:39:28.734 [Test worker] INFO  o.s.t.w.s.TestDispatcherServlet - Completed initialization in 2 ms
2026-08-09 03:39:28.771 [Test worker] INFO  c.t.m.t.c.TaskControllerIntegrationTest - Started TaskControllerIntegrationTest in 2.504 seconds (process running for 29.672)
2026-08-09 03:39:30.099 [Test worker] INFO  o.s.b.t.c.SpringBootTestContextBootstrapper - Found @SpringBootConfiguration com.thesystem.TheSystemApplication for test class com.thesystem.modules.user.controller.UserControllerIntegrationTest
2026-08-09 03:39:30.128 [Test worker] INFO  c.t.m.u.c.UserControllerIntegrationTest - Starting UserControllerIntegrationTest using Java 21.0.12 with PID 14615 (started by naga in /home/naga/Workspace/Projects/THE-SYSTEM/Backend)
2026-08-09 03:39:30.128 [Test worker] DEBUG c.t.m.u.c.UserControllerIntegrationTest - Running with Spring Boot v3.4.5, Spring v6.2.6
2026-08-09 03:39:30.129 [Test worker] INFO  c.t.m.u.c.UserControllerIntegrationTest - No active profile set, falling back to 1 default profile: "default"
2026-08-09 03:39:30.351 [Test worker] INFO  o.s.d.r.c.RepositoryConfigurationDelegate - Bootstrapping Spring Data JPA repositories in DEFAULT mode.
2026-08-09 03:39:30.379 [Test worker] INFO  o.s.d.r.c.RepositoryConfigurationDelegate - Finished Spring Data repository scanning in 27 ms. Found 18 JPA repository interfaces.
2026-08-09 03:39:30.797 [Test worker] INFO  o.s.o.j.p.SpringPersistenceUnitInfo - No LoadTimeWeaver setup: ignoring JPA class transformer
2026-08-09 03:39:30.798 [Test worker] INFO  com.zaxxer.hikari.HikariDataSource - HikariPool-6 - Starting...
2026-08-09 03:39:30.799 [Test worker] INFO  com.zaxxer.hikari.pool.HikariPool - HikariPool-6 - Added connection conn50: url=jdbc:h2:mem:thesystem user=SA
2026-08-09 03:39:30.810 [Test worker] INFO  com.zaxxer.hikari.HikariDataSource - HikariPool-6 - Start completed.
2026-08-09 03:39:30.812 [Test worker] WARN  org.hibernate.orm.deprecation - HHH90000025: H2Dialect does not need to be specified explicitly using 'hibernate.dialect' (remove the property setting and it will be selected by default)
2026-08-09 03:39:30.994 [Test worker] INFO  o.s.o.j.LocalContainerEntityManagerFactoryBean - Initialized JPA EntityManagerFactory for persistence unit 'default'
2026-08-09 03:39:31.552 [Test worker] INFO  o.s.s.c.a.a.c.InitializeUserDetailsBeanManagerConfigurer$InitializeUserDetailsManagerConfigurer - Global AuthenticationManager configured with UserDetailsService bean with name userDetailsServiceImpl
2026-08-09 03:39:31.744 [Test worker] INFO  o.s.b.a.e.web.EndpointLinksResolver - Exposing 1 endpoint beneath base path '/actuator'
2026-08-09 03:39:32.148 [Test worker] INFO  o.s.b.t.m.w.SpringBootMockServletContext - Initializing Spring TestDispatcherServlet ''
2026-08-09 03:39:32.148 [Test worker] INFO  o.s.t.w.s.TestDispatcherServlet - Initializing Servlet ''
2026-08-09 03:39:32.149 [Test worker] INFO  o.s.t.w.s.TestDispatcherServlet - Completed initialization in 1 ms
2026-08-09 03:39:32.186 [Test worker] INFO  c.t.m.u.c.UserControllerIntegrationTest - Started UserControllerIntegrationTest in 2.083 seconds (process running for 33.087)
2026-08-09 03:39:32.461 [Test worker] INFO  o.s.b.t.c.SpringBootTestContextBootstrapper - Found @SpringBootConfiguration com.thesystem.TheSystemApplication for test class com.thesystem.modules.xp.controller.XpControllerIntegrationTest
2026-08-09 03:39:32.481 [Test worker] INFO  c.t.m.x.c.XpControllerIntegrationTest - Starting XpControllerIntegrationTest using Java 21.0.12 with PID 14615 (started by naga in /home/naga/Workspace/Projects/THE-SYSTEM/Backend)
2026-08-09 03:39:32.481 [Test worker] DEBUG c.t.m.x.c.XpControllerIntegrationTest - Running with Spring Boot v3.4.5, Spring v6.2.6
2026-08-09 03:39:32.481 [Test worker] INFO  c.t.m.x.c.XpControllerIntegrationTest - No active profile set, falling back to 1 default profile: "default"
2026-08-09 03:39:32.665 [Test worker] INFO  o.s.d.r.c.RepositoryConfigurationDelegate - Bootstrapping Spring Data JPA repositories in DEFAULT mode.
2026-08-09 03:39:32.691 [Test worker] INFO  o.s.d.r.c.RepositoryConfigurationDelegate - Finished Spring Data repository scanning in 25 ms. Found 18 JPA repository interfaces.
2026-08-09 03:39:33.033 [Test worker] INFO  o.s.o.j.p.SpringPersistenceUnitInfo - No LoadTimeWeaver setup: ignoring JPA class transformer
2026-08-09 03:39:33.034 [Test worker] INFO  com.zaxxer.hikari.HikariDataSource - HikariPool-7 - Starting...
2026-08-09 03:39:33.036 [Test worker] INFO  com.zaxxer.hikari.pool.HikariPool - HikariPool-7 - Added connection conn60: url=jdbc:h2:mem:thesystem user=SA
2026-08-09 03:39:33.036 [Test worker] INFO  com.zaxxer.hikari.HikariDataSource - HikariPool-7 - Start completed.
2026-08-09 03:39:33.037 [Test worker] WARN  org.hibernate.orm.deprecation - HHH90000025: H2Dialect does not need to be specified explicitly using 'hibernate.dialect' (remove the property setting and it will be selected by default)
2026-08-09 03:39:33.181 [Test worker] INFO  o.s.o.j.LocalContainerEntityManagerFactoryBean - Initialized JPA EntityManagerFactory for persistence unit 'default'
2026-08-09 03:39:33.761 [Test worker] INFO  o.s.s.c.a.a.c.InitializeUserDetailsBeanManagerConfigurer$InitializeUserDetailsManagerConfigurer - Global AuthenticationManager configured with UserDetailsService bean with name userDetailsServiceImpl
2026-08-09 03:39:33.988 [Test worker] INFO  o.s.b.a.e.web.EndpointLinksResolver - Exposing 1 endpoint beneath base path '/actuator'
2026-08-09 03:39:34.398 [Test worker] INFO  o.s.b.t.m.w.SpringBootMockServletContext - Initializing Spring TestDispatcherServlet ''
2026-08-09 03:39:34.399 [Test worker] INFO  o.s.t.w.s.TestDispatcherServlet - Initializing Servlet ''
2026-08-09 03:39:34.400 [Test worker] INFO  o.s.t.w.s.TestDispatcherServlet - Completed initialization in 1 ms
2026-08-09 03:39:34.437 [Test worker] INFO  c.t.m.x.c.XpControllerIntegrationTest - Started XpControllerIntegrationTest in 1.973 seconds (process running for 35.338)
2026-08-09 03:39:35.412 [SpringApplicationShutdownHook] INFO  o.s.o.j.LocalContainerEntityManagerFactoryBean - Closing JPA EntityManagerFactory for persistence unit 'default'
2026-08-09 03:39:35.415 [SpringApplicationShutdownHook] INFO  com.zaxxer.hikari.HikariDataSource - HikariPool-1 - Shutdown initiated...
2026-08-09 03:39:35.418 [SpringApplicationShutdownHook] INFO  com.zaxxer.hikari.HikariDataSource - HikariPool-1 - Shutdown completed.
2026-08-09 03:39:35.422 [SpringApplicationShutdownHook] INFO  o.s.o.j.LocalContainerEntityManagerFactoryBean - Closing JPA EntityManagerFactory for persistence unit 'default'
2026-08-09 03:39:35.423 [SpringApplicationShutdownHook] INFO  com.zaxxer.hikari.HikariDataSource - HikariPool-2 - Shutdown initiated...
2026-08-09 03:39:35.425 [SpringApplicationShutdownHook] INFO  com.zaxxer.hikari.HikariDataSource - HikariPool-2 - Shutdown completed.
2026-08-09 03:39:35.429 [SpringApplicationShutdownHook] INFO  o.s.o.j.LocalContainerEntityManagerFactoryBean - Closing JPA EntityManagerFactory for persistence unit 'default'
2026-08-09 03:39:35.430 [SpringApplicationShutdownHook] INFO  com.zaxxer.hikari.HikariDataSource - HikariPool-3 - Shutdown initiated...
2026-08-09 03:39:35.431 [SpringApplicationShutdownHook] INFO  com.zaxxer.hikari.HikariDataSource - HikariPool-3 - Shutdown completed.
2026-08-09 03:39:35.435 [SpringApplicationShutdownHook] INFO  o.s.o.j.LocalContainerEntityManagerFactoryBean - Closing JPA EntityManagerFactory for persistence unit 'default'
2026-08-09 03:39:35.436 [SpringApplicationShutdownHook] INFO  com.zaxxer.hikari.HikariDataSource - HikariPool-4 - Shutdown initiated...
2026-08-09 03:39:35.437 [SpringApplicationShutdownHook] INFO  com.zaxxer.hikari.HikariDataSource - HikariPool-4 - Shutdown completed.
2026-08-09 03:39:35.442 [SpringApplicationShutdownHook] INFO  o.s.o.j.LocalContainerEntityManagerFactoryBean - Closing JPA EntityManagerFactory for persistence unit 'default'
2026-08-09 03:39:35.443 [SpringApplicationShutdownHook] INFO  com.zaxxer.hikari.HikariDataSource - HikariPool-5 - Shutdown initiated...
2026-08-09 03:39:35.444 [SpringApplicationShutdownHook] INFO  com.zaxxer.hikari.HikariDataSource - HikariPool-5 - Shutdown completed.
2026-08-09 03:39:35.448 [SpringApplicationShutdownHook] INFO  o.s.o.j.LocalContainerEntityManagerFactoryBean - Closing JPA EntityManagerFactory for persistence unit 'default'
2026-08-09 03:39:35.449 [SpringApplicationShutdownHook] INFO  com.zaxxer.hikari.HikariDataSource - HikariPool-6 - Shutdown initiated...
2026-08-09 03:39:35.450 [SpringApplicationShutdownHook] INFO  com.zaxxer.hikari.HikariDataSource - HikariPool-6 - Shutdown completed.
2026-08-09 03:39:35.454 [SpringApplicationShutdownHook] INFO  o.s.o.j.LocalContainerEntityManagerFactoryBean - Closing JPA EntityManagerFactory for persistence unit 'default'
2026-08-09 03:39:35.455 [SpringApplicationShutdownHook] INFO  com.zaxxer.hikari.HikariDataSource - HikariPool-7 - Shutdown initiated...
2026-08-09 03:39:35.458 [SpringApplicationShutdownHook] INFO  com.zaxxer.hikari.HikariDataSource - HikariPool-7 - Shutdown completed.
2026-08-09 03:57:41.955 [main] INFO  com.thesystem.TheSystemApplication - Starting TheSystemApplication using Java 21.0.12 with PID 21485 (/home/naga/Workspace/Projects/THE-SYSTEM/Backend/bin/main started by naga in /home/naga/Workspace/Projects/THE-SYSTEM/Backend)
2026-08-09 03:57:41.958 [main] DEBUG com.thesystem.TheSystemApplication - Running with Spring Boot v3.4.5, Spring v6.2.6
2026-08-09 03:57:41.960 [main] INFO  com.thesystem.TheSystemApplication - No active profile set, falling back to 1 default profile: "default"
2026-08-09 03:57:43.078 [main] INFO  o.s.d.r.c.RepositoryConfigurationDelegate - Bootstrapping Spring Data JPA repositories in DEFAULT mode.
2026-08-09 03:57:43.216 [main] INFO  o.s.d.r.c.RepositoryConfigurationDelegate - Finished Spring Data repository scanning in 126 ms. Found 18 JPA repository interfaces.
2026-08-09 03:57:45.022 [main] INFO  o.s.b.w.e.tomcat.TomcatWebServer - Tomcat initialized with port 9000 (http)
2026-08-09 03:57:45.037 [main] INFO  o.a.coyote.http11.Http11NioProtocol - Initializing ProtocolHandler ["http-nio-9000"]
2026-08-09 03:57:45.040 [main] INFO  o.a.catalina.core.StandardService - Starting service [Tomcat]
2026-08-09 03:57:45.040 [main] INFO  o.a.catalina.core.StandardEngine - Starting Servlet engine: [Apache Tomcat/10.1.40]
2026-08-09 03:57:45.107 [main] INFO  o.a.c.c.C.[Tomcat].[localhost].[/] - Initializing Spring embedded WebApplicationContext
2026-08-09 03:57:45.108 [main] INFO  o.s.b.w.s.c.ServletWebServerApplicationContext - Root WebApplicationContext: initialization completed in 3081 ms
2026-08-09 03:57:45.429 [main] ERROR o.s.b.w.e.tomcat.TomcatStarter - Error starting Tomcat context. Exception: org.springframework.beans.factory.UnsatisfiedDependencyException. Message: Error creating bean with name 'jwtAuthenticationFilter' defined in file [/home/naga/Workspace/Projects/THE-SYSTEM/Backend/bin/main/com/thesystem/security/jwt/JwtAuthenticationFilter.class]: Unsatisfied dependency expressed through constructor parameter 0: Error creating bean with name 'jwtTokenService': Invocation of init method failed
2026-08-09 03:57:45.469 [main] INFO  o.a.catalina.core.StandardService - Stopping service [Tomcat]
2026-08-09 03:57:45.482 [main] WARN  o.s.b.w.s.c.AnnotationConfigServletWebServerApplicationContext - Exception encountered during context initialization - cancelling refresh attempt: org.springframework.context.ApplicationContextException: Unable to start web server
2026-08-09 03:57:45.502 [main] INFO  o.s.b.a.l.ConditionEvaluationReportLogger - 

Error starting ApplicationContext. To display the condition evaluation report re-run your application with 'debug' enabled.
2026-08-09 03:57:45.529 [main] ERROR o.s.boot.SpringApplication - Application run failed
org.springframework.context.ApplicationContextException: Unable to start web server
	at org.springframework.boot.web.servlet.context.ServletWebServerApplicationContext.onRefresh(ServletWebServerApplicationContext.java:170)
	at org.springframework.context.support.AbstractApplicationContext.refresh(AbstractApplicationContext.java:621)
	at org.springframework.boot.web.servlet.context.ServletWebServerApplicationContext.refresh(ServletWebServerApplicationContext.java:146)
	at org.springframework.boot.SpringApplication.refresh(SpringApplication.java:753)
	at org.springframework.boot.SpringApplication.refreshContext(SpringApplication.java:439)
	at org.springframework.boot.SpringApplication.run(SpringApplication.java:318)
	at org.springframework.boot.SpringApplication.run(SpringApplication.java:1362)
	at org.springframework.boot.SpringApplication.run(SpringApplication.java:1351)
	at com.thesystem.TheSystemApplication.main(TheSystemApplication.java:10)
Caused by: org.springframework.boot.web.server.WebServerException: Unable to start embedded Tomcat
	at org.springframework.boot.web.embedded.tomcat.TomcatWebServer.initialize(TomcatWebServer.java:147)
	at org.springframework.boot.web.embedded.tomcat.TomcatWebServer.<init>(TomcatWebServer.java:107)
	at org.springframework.boot.web.embedded.tomcat.TomcatServletWebServerFactory.getTomcatWebServer(TomcatServletWebServerFactory.java:517)
	at org.springframework.boot.web.embedded.tomcat.TomcatServletWebServerFactory.getWebServer(TomcatServletWebServerFactory.java:219)
	at org.springframework.boot.web.servlet.context.ServletWebServerApplicationContext.createWebServer(ServletWebServerApplicationContext.java:193)
	at org.springframework.boot.web.servlet.context.ServletWebServerApplicationContext.onRefresh(ServletWebServerApplicationContext.java:167)
	... 8 common frames omitted
Caused by: org.springframework.beans.factory.UnsatisfiedDependencyException: Error creating bean with name 'jwtAuthenticationFilter' defined in file [/home/naga/Workspace/Projects/THE-SYSTEM/Backend/bin/main/com/thesystem/security/jwt/JwtAuthenticationFilter.class]: Unsatisfied dependency expressed through constructor parameter 0: Error creating bean with name 'jwtTokenService': Invocation of init method failed
	at org.springframework.beans.factory.support.ConstructorResolver.createArgumentArray(ConstructorResolver.java:804)
	at org.springframework.beans.factory.support.ConstructorResolver.autowireConstructor(ConstructorResolver.java:240)
	at org.springframework.beans.factory.support.AbstractAutowireCapableBeanFactory.autowireConstructor(AbstractAutowireCapableBeanFactory.java:1387)
	at org.springframework.beans.factory.support.AbstractAutowireCapableBeanFactory.createBeanInstance(AbstractAutowireCapableBeanFactory.java:1224)
	at org.springframework.beans.factory.support.AbstractAutowireCapableBeanFactory.doCreateBean(AbstractAutowireCapableBeanFactory.java:569)
	at org.springframework.beans.factory.support.AbstractAutowireCapableBeanFactory.createBean(AbstractAutowireCapableBeanFactory.java:529)
	at org.springframework.beans.factory.support.AbstractBeanFactory.lambda$doGetBean$0(AbstractBeanFactory.java:339)
	at org.springframework.beans.factory.support.DefaultSingletonBeanRegistry.getSingleton(DefaultSingletonBeanRegistry.java:371)
	at org.springframework.beans.factory.support.AbstractBeanFactory.doGetBean(AbstractBeanFactory.java:337)
	at org.springframework.beans.factory.support.AbstractBeanFactory.getBean(AbstractBeanFactory.java:207)
	at org.springframework.boot.web.servlet.ServletContextInitializerBeans.getOrderedBeansOfType(ServletContextInitializerBeans.java:211)
	at org.springframework.boot.web.servlet.ServletContextInitializerBeans.addAsRegistrationBean(ServletContextInitializerBeans.java:174)
	at org.springframework.boot.web.servlet.ServletContextInitializerBeans.addAsRegistrationBean(ServletContextInitializerBeans.java:169)
	at org.springframework.boot.web.servlet.ServletContextInitializerBeans.addAdaptableBeans(ServletContextInitializerBeans.java:154)
	at org.springframework.boot.web.servlet.ServletContextInitializerBeans.<init>(ServletContextInitializerBeans.java:87)
	at org.springframework.boot.web.servlet.context.ServletWebServerApplicationContext.getServletContextInitializerBeans(ServletWebServerApplicationContext.java:271)
	at org.springframework.boot.web.servlet.context.ServletWebServerApplicationContext.selfInitialize(ServletWebServerApplicationContext.java:245)
	at org.springframework.boot.web.embedded.tomcat.TomcatStarter.onStartup(TomcatStarter.java:52)
	at org.apache.catalina.core.StandardContext.startInternal(StandardContext.java:4464)
	at org.apache.catalina.util.LifecycleBase.start(LifecycleBase.java:164)
	at org.apache.catalina.core.ContainerBase$StartChild.call(ContainerBase.java:1203)
	at org.apache.catalina.core.ContainerBase$StartChild.call(ContainerBase.java:1193)
	at java.base/java.util.concurrent.FutureTask.run(FutureTask.java:317)
	at org.apache.tomcat.util.threads.InlineExecutorService.execute(InlineExecutorService.java:75)
	at java.base/java.util.concurrent.AbstractExecutorService.submit(AbstractExecutorService.java:145)
	at org.apache.catalina.core.ContainerBase.startInternal(ContainerBase.java:749)
	at org.apache.catalina.core.StandardHost.startInternal(StandardHost.java:772)
	at org.apache.catalina.util.LifecycleBase.start(LifecycleBase.java:164)
	at org.apache.catalina.core.ContainerBase$StartChild.call(ContainerBase.java:1203)
	at org.apache.catalina.core.ContainerBase$StartChild.call(ContainerBase.java:1193)
	at java.base/java.util.concurrent.FutureTask.run(FutureTask.java:317)
	at org.apache.tomcat.util.threads.InlineExecutorService.execute(InlineExecutorService.java:75)
	at java.base/java.util.concurrent.AbstractExecutorService.submit(AbstractExecutorService.java:145)
	at org.apache.catalina.core.ContainerBase.startInternal(ContainerBase.java:749)
	at org.apache.catalina.core.StandardEngine.startInternal(StandardEngine.java:203)
	at org.apache.catalina.util.LifecycleBase.start(LifecycleBase.java:164)
	at org.apache.catalina.core.StandardService.startInternal(StandardService.java:412)
	at org.apache.catalina.util.LifecycleBase.start(LifecycleBase.java:164)
	at org.apache.catalina.core.StandardServer.startInternal(StandardServer.java:870)
	at org.apache.catalina.util.LifecycleBase.start(LifecycleBase.java:164)
	at org.apache.catalina.startup.Tomcat.start(Tomcat.java:438)
	at org.springframework.boot.web.embedded.tomcat.TomcatWebServer.initialize(TomcatWebServer.java:128)
	... 13 common frames omitted
Caused by: org.springframework.beans.factory.BeanCreationException: Error creating bean with name 'jwtTokenService': Invocation of init method failed
	at org.springframework.beans.factory.annotation.InitDestroyAnnotationBeanPostProcessor.postProcessBeforeInitialization(InitDestroyAnnotationBeanPostProcessor.java:222)
	at org.springframework.beans.factory.support.AbstractAutowireCapableBeanFactory.applyBeanPostProcessorsBeforeInitialization(AbstractAutowireCapableBeanFactory.java:429)
	at org.springframework.beans.factory.support.AbstractAutowireCapableBeanFactory.initializeBean(AbstractAutowireCapableBeanFactory.java:1810)
	at org.springframework.beans.factory.support.AbstractAutowireCapableBeanFactory.doCreateBean(AbstractAutowireCapableBeanFactory.java:607)
	at org.springframework.beans.factory.support.AbstractAutowireCapableBeanFactory.createBean(AbstractAutowireCapableBeanFactory.java:529)
	at org.springframework.beans.factory.support.AbstractBeanFactory.lambda$doGetBean$0(AbstractBeanFactory.java:339)
	at org.springframework.beans.factory.support.DefaultSingletonBeanRegistry.getSingleton(DefaultSingletonBeanRegistry.java:371)
	at org.springframework.beans.factory.support.AbstractBeanFactory.doGetBean(AbstractBeanFactory.java:337)
	at org.springframework.beans.factory.support.AbstractBeanFactory.getBean(AbstractBeanFactory.java:202)
	at org.springframework.beans.factory.config.DependencyDescriptor.resolveCandidate(DependencyDescriptor.java:254)
	at org.springframework.beans.factory.support.DefaultListableBeanFactory.doResolveDependency(DefaultListableBeanFactory.java:1739)
	at org.springframework.beans.factory.support.DefaultListableBeanFactory.resolveDependency(DefaultListableBeanFactory.java:1627)
	at org.springframework.beans.factory.support.ConstructorResolver.resolveAutowiredArgument(ConstructorResolver.java:913)
	at org.springframework.beans.factory.support.ConstructorResolver.createArgumentArray(ConstructorResolver.java:791)
	... 54 common frames omitted
Caused by: java.lang.IllegalStateException: JWT secret must be configured via THE_SYSTEM_JWT_SECRET environment variable
	at com.thesystem.security.service.JwtTokenService.validateSecret(JwtTokenService.java:34)
	at java.base/jdk.internal.reflect.DirectMethodHandleAccessor.invoke(DirectMethodHandleAccessor.java:103)
	at java.base/java.lang.reflect.Method.invoke(Method.java:580)
	at org.springframework.beans.factory.annotation.InitDestroyAnnotationBeanPostProcessor$LifecycleMethod.invoke(InitDestroyAnnotationBeanPostProcessor.java:457)
	at org.springframework.beans.factory.annotation.InitDestroyAnnotationBeanPostProcessor$LifecycleMetadata.invokeInitMethods(InitDestroyAnnotationBeanPostProcessor.java:401)
	at org.springframework.beans.factory.annotation.InitDestroyAnnotationBeanPostProcessor.postProcessBeforeInitialization(InitDestroyAnnotationBeanPostProcessor.java:219)
	... 67 common frames omitted
2026-08-09 04:07:51.439 [Test worker] INFO  c.t.TheSystemApplicationTests - Starting TheSystemApplicationTests using Java 21.0.12 with PID 23965 (started by naga in /home/naga/Workspace/Projects/THE-SYSTEM/Backend)
2026-08-09 04:07:51.441 [Test worker] DEBUG c.t.TheSystemApplicationTests - Running with Spring Boot v3.4.5, Spring v6.2.6
2026-08-09 04:07:51.442 [Test worker] INFO  c.t.TheSystemApplicationTests - No active profile set, falling back to 1 default profile: "default"
2026-08-09 04:07:52.446 [Test worker] INFO  o.s.d.r.c.RepositoryConfigurationDelegate - Bootstrapping Spring Data JPA repositories in DEFAULT mode.
2026-08-09 04:07:52.562 [Test worker] INFO  o.s.d.r.c.RepositoryConfigurationDelegate - Finished Spring Data repository scanning in 103 ms. Found 18 JPA repository interfaces.
2026-08-09 04:07:54.493 [Test worker] INFO  o.s.o.j.p.SpringPersistenceUnitInfo - No LoadTimeWeaver setup: ignoring JPA class transformer
2026-08-09 04:07:54.556 [Test worker] INFO  com.zaxxer.hikari.HikariDataSource - HikariPool-1 - Starting...
2026-08-09 04:07:54.731 [Test worker] INFO  com.zaxxer.hikari.pool.HikariPool - HikariPool-1 - Added connection conn0: url=jdbc:h2:mem:thesystem user=SA
2026-08-09 04:07:54.733 [Test worker] INFO  com.zaxxer.hikari.HikariDataSource - HikariPool-1 - Start completed.
2026-08-09 04:07:54.758 [Test worker] WARN  org.hibernate.orm.deprecation - HHH90000025: H2Dialect does not need to be specified explicitly using 'hibernate.dialect' (remove the property setting and it will be selected by default)
2026-08-09 04:07:56.100 [Test worker] INFO  o.s.o.j.LocalContainerEntityManagerFactoryBean - Initialized JPA EntityManagerFactory for persistence unit 'default'
2026-08-09 04:07:57.260 [Test worker] INFO  o.s.d.j.r.query.QueryEnhancerFactory - Hibernate is in classpath; If applicable, HQL parser will be used.
2026-08-09 04:07:58.982 [Test worker] INFO  o.s.s.c.a.a.c.InitializeUserDetailsBeanManagerConfigurer$InitializeUserDetailsManagerConfigurer - Global AuthenticationManager configured with UserDetailsService bean with name userDetailsServiceImpl
2026-08-09 04:07:59.712 [Test worker] INFO  o.s.b.a.e.web.EndpointLinksResolver - Exposing 1 endpoint beneath base path '/actuator'
2026-08-09 04:08:00.951 [Test worker] INFO  c.t.TheSystemApplicationTests - Started TheSystemApplicationTests in 9.973 seconds (process running for 11.413)
2026-08-09 04:08:01.628 [Test worker] INFO  o.s.b.t.c.SpringBootTestContextBootstrapper - Found @SpringBootConfiguration com.thesystem.TheSystemApplication for test class com.thesystem.modules.auth.controller.AuthControllerIntegrationTest
2026-08-09 04:08:01.660 [Test worker] INFO  c.t.m.a.c.AuthControllerIntegrationTest - Starting AuthControllerIntegrationTest using Java 21.0.12 with PID 23965 (started by naga in /home/naga/Workspace/Projects/THE-SYSTEM/Backend)
2026-08-09 04:08:01.661 [Test worker] DEBUG c.t.m.a.c.AuthControllerIntegrationTest - Running with Spring Boot v3.4.5, Spring v6.2.6
2026-08-09 04:08:01.661 [Test worker] INFO  c.t.m.a.c.AuthControllerIntegrationTest - No active profile set, falling back to 1 default profile: "default"
2026-08-09 04:08:01.975 [Test worker] INFO  o.s.d.r.c.RepositoryConfigurationDelegate - Bootstrapping Spring Data JPA repositories in DEFAULT mode.
2026-08-09 04:08:02.012 [Test worker] INFO  o.s.d.r.c.RepositoryConfigurationDelegate - Finished Spring Data repository scanning in 34 ms. Found 18 JPA repository interfaces.
2026-08-09 04:08:02.941 [Test worker] INFO  o.s.o.j.p.SpringPersistenceUnitInfo - No LoadTimeWeaver setup: ignoring JPA class transformer
2026-08-09 04:08:02.943 [Test worker] INFO  com.zaxxer.hikari.HikariDataSource - HikariPool-2 - Starting...
2026-08-09 04:08:02.946 [Test worker] INFO  com.zaxxer.hikari.pool.HikariPool - HikariPool-2 - Added connection conn10: url=jdbc:h2:mem:thesystem user=SA
2026-08-09 04:08:02.947 [Test worker] INFO  com.zaxxer.hikari.HikariDataSource - HikariPool-2 - Start completed.
2026-08-09 04:08:02.949 [Test worker] WARN  org.hibernate.orm.deprecation - HHH90000025: H2Dialect does not need to be specified explicitly using 'hibernate.dialect' (remove the property setting and it will be selected by default)
2026-08-09 04:08:03.317 [Test worker] INFO  o.s.o.j.LocalContainerEntityManagerFactoryBean - Initialized JPA EntityManagerFactory for persistence unit 'default'
2026-08-09 04:08:04.824 [Test worker] INFO  o.s.s.c.a.a.c.InitializeUserDetailsBeanManagerConfigurer$InitializeUserDetailsManagerConfigurer - Global AuthenticationManager configured with UserDetailsService bean with name userDetailsServiceImpl
2026-08-09 04:08:05.326 [Test worker] INFO  o.s.b.a.e.web.EndpointLinksResolver - Exposing 1 endpoint beneath base path '/actuator'
2026-08-09 04:08:06.257 [Test worker] INFO  o.s.b.t.m.w.SpringBootMockServletContext - Initializing Spring TestDispatcherServlet ''
2026-08-09 04:08:06.257 [Test worker] INFO  o.s.t.w.s.TestDispatcherServlet - Initializing Servlet ''
2026-08-09 04:08:06.262 [Test worker] INFO  o.s.t.w.s.TestDispatcherServlet - Completed initialization in 4 ms
2026-08-09 04:08:06.331 [Test worker] INFO  c.t.m.a.c.AuthControllerIntegrationTest - Started AuthControllerIntegrationTest in 4.698 seconds (process running for 16.793)
2026-08-09 04:08:07.896 [Test worker] INFO  o.s.b.t.c.SpringBootTestContextBootstrapper - Found @SpringBootConfiguration com.thesystem.TheSystemApplication for test class com.thesystem.modules.goal.controller.GoalControllerIntegrationTest
2026-08-09 04:08:07.955 [Test worker] INFO  c.t.m.g.c.GoalControllerIntegrationTest - Starting GoalControllerIntegrationTest using Java 21.0.12 with PID 23965 (started by naga in /home/naga/Workspace/Projects/THE-SYSTEM/Backend)
2026-08-09 04:08:07.956 [Test worker] DEBUG c.t.m.g.c.GoalControllerIntegrationTest - Running with Spring Boot v3.4.5, Spring v6.2.6
2026-08-09 04:08:07.956 [Test worker] INFO  c.t.m.g.c.GoalControllerIntegrationTest - No active profile set, falling back to 1 default profile: "default"
2026-08-09 04:08:08.557 [Test worker] INFO  o.s.d.r.c.RepositoryConfigurationDelegate - Bootstrapping Spring Data JPA repositories in DEFAULT mode.
2026-08-09 04:08:08.627 [Test worker] INFO  o.s.d.r.c.RepositoryConfigurationDelegate - Finished Spring Data repository scanning in 66 ms. Found 18 JPA repository interfaces.
2026-08-09 04:08:09.601 [Test worker] INFO  o.s.o.j.p.SpringPersistenceUnitInfo - No LoadTimeWeaver setup: ignoring JPA class transformer
2026-08-09 04:08:09.604 [Test worker] INFO  com.zaxxer.hikari.HikariDataSource - HikariPool-3 - Starting...
2026-08-09 04:08:09.608 [Test worker] INFO  com.zaxxer.hikari.pool.HikariPool - HikariPool-3 - Added connection conn20: url=jdbc:h2:mem:thesystem user=SA
2026-08-09 04:08:09.609 [Test worker] INFO  com.zaxxer.hikari.HikariDataSource - HikariPool-3 - Start completed.
2026-08-09 04:08:09.611 [Test worker] WARN  org.hibernate.orm.deprecation - HHH90000025: H2Dialect does not need to be specified explicitly using 'hibernate.dialect' (remove the property setting and it will be selected by default)
2026-08-09 04:08:09.933 [Test worker] INFO  o.s.o.j.LocalContainerEntityManagerFactoryBean - Initialized JPA EntityManagerFactory for persistence unit 'default'
2026-08-09 04:08:11.661 [Test worker] INFO  o.s.s.c.a.a.c.InitializeUserDetailsBeanManagerConfigurer$InitializeUserDetailsManagerConfigurer - Global AuthenticationManager configured with UserDetailsService bean with name userDetailsServiceImpl
2026-08-09 04:08:12.282 [Test worker] INFO  o.s.b.a.e.web.EndpointLinksResolver - Exposing 1 endpoint beneath base path '/actuator'
2026-08-09 04:08:13.498 [Test worker] INFO  o.s.b.t.m.w.SpringBootMockServletContext - Initializing Spring TestDispatcherServlet ''
2026-08-09 04:08:13.499 [Test worker] INFO  o.s.t.w.s.TestDispatcherServlet - Initializing Servlet ''
2026-08-09 04:08:13.503 [Test worker] INFO  o.s.t.w.s.TestDispatcherServlet - Completed initialization in 3 ms
2026-08-09 04:08:13.582 [Test worker] INFO  c.t.m.g.c.GoalControllerIntegrationTest - Started GoalControllerIntegrationTest in 5.678 seconds (process running for 24.044)
2026-08-09 04:08:14.841 [Test worker] INFO  o.s.b.t.c.SpringBootTestContextBootstrapper - Found @SpringBootConfiguration com.thesystem.TheSystemApplication for test class com.thesystem.modules.settings.controller.SettingsControllerIntegrationTest
2026-08-09 04:08:14.878 [Test worker] INFO  c.t.m.s.c.SettingsControllerIntegrationTest - Starting SettingsControllerIntegrationTest using Java 21.0.12 with PID 23965 (started by naga in /home/naga/Workspace/Projects/THE-SYSTEM/Backend)
2026-08-09 04:08:14.878 [Test worker] DEBUG c.t.m.s.c.SettingsControllerIntegrationTest - Running with Spring Boot v3.4.5, Spring v6.2.6
2026-08-09 04:08:14.879 [Test worker] INFO  c.t.m.s.c.SettingsControllerIntegrationTest - No active profile set, falling back to 1 default profile: "default"
2026-08-09 04:08:15.321 [Test worker] INFO  o.s.d.r.c.RepositoryConfigurationDelegate - Bootstrapping Spring Data JPA repositories in DEFAULT mode.
2026-08-09 04:08:15.361 [Test worker] INFO  o.s.d.r.c.RepositoryConfigurationDelegate - Finished Spring Data repository scanning in 38 ms. Found 18 JPA repository interfaces.
2026-08-09 04:08:15.936 [Test worker] INFO  o.s.o.j.p.SpringPersistenceUnitInfo - No LoadTimeWeaver setup: ignoring JPA class transformer
2026-08-09 04:08:15.939 [Test worker] INFO  com.zaxxer.hikari.HikariDataSource - HikariPool-4 - Starting...
2026-08-09 04:08:15.942 [Test worker] INFO  com.zaxxer.hikari.pool.HikariPool - HikariPool-4 - Added connection conn30: url=jdbc:h2:mem:thesystem user=SA
2026-08-09 04:08:15.946 [Test worker] INFO  com.zaxxer.hikari.HikariDataSource - HikariPool-4 - Start completed.
2026-08-09 04:08:15.947 [Test worker] WARN  org.hibernate.orm.deprecation - HHH90000025: H2Dialect does not need to be specified explicitly using 'hibernate.dialect' (remove the property setting and it will be selected by default)
2026-08-09 04:08:16.246 [Test worker] INFO  o.s.o.j.LocalContainerEntityManagerFactoryBean - Initialized JPA EntityManagerFactory for persistence unit 'default'
2026-08-09 04:08:17.381 [Test worker] INFO  o.s.s.c.a.a.c.InitializeUserDetailsBeanManagerConfigurer$InitializeUserDetailsManagerConfigurer - Global AuthenticationManager configured with UserDetailsService bean with name userDetailsServiceImpl
2026-08-09 04:08:17.663 [Test worker] INFO  o.s.b.a.e.web.EndpointLinksResolver - Exposing 1 endpoint beneath base path '/actuator'
2026-08-09 04:08:18.203 [Test worker] INFO  o.s.b.t.m.w.SpringBootMockServletContext - Initializing Spring TestDispatcherServlet ''
2026-08-09 04:08:18.204 [Test worker] INFO  o.s.t.w.s.TestDispatcherServlet - Initializing Servlet ''
2026-08-09 04:08:18.205 [Test worker] INFO  o.s.t.w.s.TestDispatcherServlet - Completed initialization in 1 ms
2026-08-09 04:08:18.248 [Test worker] INFO  c.t.m.s.c.SettingsControllerIntegrationTest - Started SettingsControllerIntegrationTest in 3.401 seconds (process running for 28.71)
2026-08-09 04:08:18.614 [Test worker] INFO  o.s.b.t.c.SpringBootTestContextBootstrapper - Found @SpringBootConfiguration com.thesystem.TheSystemApplication for test class com.thesystem.modules.task.controller.TaskControllerIntegrationTest
2026-08-09 04:08:18.640 [Test worker] INFO  c.t.m.t.c.TaskControllerIntegrationTest - Starting TaskControllerIntegrationTest using Java 21.0.12 with PID 23965 (started by naga in /home/naga/Workspace/Projects/THE-SYSTEM/Backend)
2026-08-09 04:08:18.640 [Test worker] DEBUG c.t.m.t.c.TaskControllerIntegrationTest - Running with Spring Boot v3.4.5, Spring v6.2.6
2026-08-09 04:08:18.641 [Test worker] INFO  c.t.m.t.c.TaskControllerIntegrationTest - No active profile set, falling back to 1 default profile: "default"
2026-08-09 04:08:18.920 [Test worker] INFO  o.s.d.r.c.RepositoryConfigurationDelegate - Bootstrapping Spring Data JPA repositories in DEFAULT mode.
2026-08-09 04:08:18.971 [Test worker] INFO  o.s.d.r.c.RepositoryConfigurationDelegate - Finished Spring Data repository scanning in 49 ms. Found 18 JPA repository interfaces.
2026-08-09 04:08:19.458 [Test worker] INFO  o.s.o.j.p.SpringPersistenceUnitInfo - No LoadTimeWeaver setup: ignoring JPA class transformer
2026-08-09 04:08:19.460 [Test worker] INFO  com.zaxxer.hikari.HikariDataSource - HikariPool-5 - Starting...
2026-08-09 04:08:19.462 [Test worker] INFO  com.zaxxer.hikari.pool.HikariPool - HikariPool-5 - Added connection conn40: url=jdbc:h2:mem:thesystem user=SA
2026-08-09 04:08:19.463 [Test worker] INFO  com.zaxxer.hikari.HikariDataSource - HikariPool-5 - Start completed.
2026-08-09 04:08:19.464 [Test worker] WARN  org.hibernate.orm.deprecation - HHH90000025: H2Dialect does not need to be specified explicitly using 'hibernate.dialect' (remove the property setting and it will be selected by default)
2026-08-09 04:08:19.650 [Test worker] INFO  o.s.o.j.LocalContainerEntityManagerFactoryBean - Initialized JPA EntityManagerFactory for persistence unit 'default'
2026-08-09 04:08:20.296 [Test worker] INFO  o.s.s.c.a.a.c.InitializeUserDetailsBeanManagerConfigurer$InitializeUserDetailsManagerConfigurer - Global AuthenticationManager configured with UserDetailsService bean with name userDetailsServiceImpl
2026-08-09 04:08:20.539 [Test worker] INFO  o.s.b.a.e.web.EndpointLinksResolver - Exposing 1 endpoint beneath base path '/actuator'
2026-08-09 04:08:21.129 [Test worker] INFO  o.s.b.t.m.w.SpringBootMockServletContext - Initializing Spring TestDispatcherServlet ''
2026-08-09 04:08:21.130 [Test worker] INFO  o.s.t.w.s.TestDispatcherServlet - Initializing Servlet ''
2026-08-09 04:08:21.133 [Test worker] INFO  o.s.t.w.s.TestDispatcherServlet - Completed initialization in 2 ms
2026-08-09 04:08:21.174 [Test worker] INFO  c.t.m.t.c.TaskControllerIntegrationTest - Started TaskControllerIntegrationTest in 2.556 seconds (process running for 31.636)
2026-08-09 04:08:22.438 [Test worker] INFO  o.s.b.t.c.SpringBootTestContextBootstrapper - Found @SpringBootConfiguration com.thesystem.TheSystemApplication for test class com.thesystem.modules.user.controller.UserControllerIntegrationTest
2026-08-09 04:08:22.464 [Test worker] INFO  c.t.m.u.c.UserControllerIntegrationTest - Starting UserControllerIntegrationTest using Java 21.0.12 with PID 23965 (started by naga in /home/naga/Workspace/Projects/THE-SYSTEM/Backend)
2026-08-09 04:08:22.465 [Test worker] DEBUG c.t.m.u.c.UserControllerIntegrationTest - Running with Spring Boot v3.4.5, Spring v6.2.6
2026-08-09 04:08:22.465 [Test worker] INFO  c.t.m.u.c.UserControllerIntegrationTest - No active profile set, falling back to 1 default profile: "default"
2026-08-09 04:08:22.718 [Test worker] INFO  o.s.d.r.c.RepositoryConfigurationDelegate - Bootstrapping Spring Data JPA repositories in DEFAULT mode.
2026-08-09 04:08:22.748 [Test worker] INFO  o.s.d.r.c.RepositoryConfigurationDelegate - Finished Spring Data repository scanning in 28 ms. Found 18 JPA repository interfaces.
2026-08-09 04:08:23.144 [Test worker] INFO  o.s.o.j.p.SpringPersistenceUnitInfo - No LoadTimeWeaver setup: ignoring JPA class transformer
2026-08-09 04:08:23.146 [Test worker] INFO  com.zaxxer.hikari.HikariDataSource - HikariPool-6 - Starting...
2026-08-09 04:08:23.148 [Test worker] INFO  com.zaxxer.hikari.pool.HikariPool - HikariPool-6 - Added connection conn50: url=jdbc:h2:mem:thesystem user=SA
2026-08-09 04:08:23.148 [Test worker] INFO  com.zaxxer.hikari.HikariDataSource - HikariPool-6 - Start completed.
2026-08-09 04:08:23.149 [Test worker] WARN  org.hibernate.orm.deprecation - HHH90000025: H2Dialect does not need to be specified explicitly using 'hibernate.dialect' (remove the property setting and it will be selected by default)
2026-08-09 04:08:23.304 [Test worker] INFO  o.s.o.j.LocalContainerEntityManagerFactoryBean - Initialized JPA EntityManagerFactory for persistence unit 'default'
2026-08-09 04:08:23.856 [Test worker] INFO  o.s.s.c.a.a.c.InitializeUserDetailsBeanManagerConfigurer$InitializeUserDetailsManagerConfigurer - Global AuthenticationManager configured with UserDetailsService bean with name userDetailsServiceImpl
2026-08-09 04:08:24.060 [Test worker] INFO  o.s.b.a.e.web.EndpointLinksResolver - Exposing 1 endpoint beneath base path '/actuator'
2026-08-09 04:08:24.517 [Test worker] INFO  o.s.b.t.m.w.SpringBootMockServletContext - Initializing Spring TestDispatcherServlet ''
2026-08-09 04:08:24.517 [Test worker] INFO  o.s.t.w.s.TestDispatcherServlet - Initializing Servlet ''
2026-08-09 04:08:24.518 [Test worker] INFO  o.s.t.w.s.TestDispatcherServlet - Completed initialization in 1 ms
2026-08-09 04:08:24.553 [Test worker] INFO  c.t.m.u.c.UserControllerIntegrationTest - Started UserControllerIntegrationTest in 2.11 seconds (process running for 35.016)
2026-08-09 04:08:24.857 [Test worker] INFO  o.s.b.t.c.SpringBootTestContextBootstrapper - Found @SpringBootConfiguration com.thesystem.TheSystemApplication for test class com.thesystem.modules.xp.controller.XpControllerIntegrationTest
2026-08-09 04:08:24.880 [Test worker] INFO  c.t.m.x.c.XpControllerIntegrationTest - Starting XpControllerIntegrationTest using Java 21.0.12 with PID 23965 (started by naga in /home/naga/Workspace/Projects/THE-SYSTEM/Backend)
2026-08-09 04:08:24.880 [Test worker] DEBUG c.t.m.x.c.XpControllerIntegrationTest - Running with Spring Boot v3.4.5, Spring v6.2.6
2026-08-09 04:08:24.880 [Test worker] INFO  c.t.m.x.c.XpControllerIntegrationTest - No active profile set, falling back to 1 default profile: "default"
2026-08-09 04:08:25.068 [Test worker] INFO  o.s.d.r.c.RepositoryConfigurationDelegate - Bootstrapping Spring Data JPA repositories in DEFAULT mode.
2026-08-09 04:08:25.101 [Test worker] INFO  o.s.d.r.c.RepositoryConfigurationDelegate - Finished Spring Data repository scanning in 32 ms. Found 18 JPA repository interfaces.
2026-08-09 04:08:25.436 [Test worker] INFO  o.s.o.j.p.SpringPersistenceUnitInfo - No LoadTimeWeaver setup: ignoring JPA class transformer
2026-08-09 04:08:25.437 [Test worker] INFO  com.zaxxer.hikari.HikariDataSource - HikariPool-7 - Starting...
2026-08-09 04:08:25.438 [Test worker] INFO  com.zaxxer.hikari.pool.HikariPool - HikariPool-7 - Added connection conn60: url=jdbc:h2:mem:thesystem user=SA
2026-08-09 04:08:25.439 [Test worker] INFO  com.zaxxer.hikari.HikariDataSource - HikariPool-7 - Start completed.
2026-08-09 04:08:25.440 [Test worker] WARN  org.hibernate.orm.deprecation - HHH90000025: H2Dialect does not need to be specified explicitly using 'hibernate.dialect' (remove the property setting and it will be selected by default)
2026-08-09 04:08:25.567 [Test worker] INFO  o.s.o.j.LocalContainerEntityManagerFactoryBean - Initialized JPA EntityManagerFactory for persistence unit 'default'
2026-08-09 04:08:26.160 [Test worker] INFO  o.s.s.c.a.a.c.InitializeUserDetailsBeanManagerConfigurer$InitializeUserDetailsManagerConfigurer - Global AuthenticationManager configured with UserDetailsService bean with name userDetailsServiceImpl
2026-08-09 04:08:26.374 [Test worker] INFO  o.s.b.a.e.web.EndpointLinksResolver - Exposing 1 endpoint beneath base path '/actuator'
2026-08-09 04:08:26.771 [Test worker] INFO  o.s.b.t.m.w.SpringBootMockServletContext - Initializing Spring TestDispatcherServlet ''
2026-08-09 04:08:26.771 [Test worker] INFO  o.s.t.w.s.TestDispatcherServlet - Initializing Servlet ''
2026-08-09 04:08:26.773 [Test worker] INFO  o.s.t.w.s.TestDispatcherServlet - Completed initialization in 2 ms
2026-08-09 04:08:26.802 [Test worker] INFO  c.t.m.x.c.XpControllerIntegrationTest - Started XpControllerIntegrationTest in 1.941 seconds (process running for 37.264)
2026-08-09 04:08:27.861 [SpringApplicationShutdownHook] INFO  o.s.o.j.LocalContainerEntityManagerFactoryBean - Closing JPA EntityManagerFactory for persistence unit 'default'
2026-08-09 04:08:27.864 [SpringApplicationShutdownHook] INFO  com.zaxxer.hikari.HikariDataSource - HikariPool-1 - Shutdown initiated...
2026-08-09 04:08:27.867 [SpringApplicationShutdownHook] INFO  com.zaxxer.hikari.HikariDataSource - HikariPool-1 - Shutdown completed.
2026-08-09 04:08:27.871 [SpringApplicationShutdownHook] INFO  o.s.o.j.LocalContainerEntityManagerFactoryBean - Closing JPA EntityManagerFactory for persistence unit 'default'
2026-08-09 04:08:27.871 [SpringApplicationShutdownHook] INFO  com.zaxxer.hikari.HikariDataSource - HikariPool-2 - Shutdown initiated...
2026-08-09 04:08:27.872 [SpringApplicationShutdownHook] INFO  com.zaxxer.hikari.HikariDataSource - HikariPool-2 - Shutdown completed.
2026-08-09 04:08:27.876 [SpringApplicationShutdownHook] INFO  o.s.o.j.LocalContainerEntityManagerFactoryBean - Closing JPA EntityManagerFactory for persistence unit 'default'
2026-08-09 04:08:27.878 [SpringApplicationShutdownHook] INFO  com.zaxxer.hikari.HikariDataSource - HikariPool-3 - Shutdown initiated...
2026-08-09 04:08:27.879 [SpringApplicationShutdownHook] INFO  com.zaxxer.hikari.HikariDataSource - HikariPool-3 - Shutdown completed.
2026-08-09 04:08:27.882 [SpringApplicationShutdownHook] INFO  o.s.o.j.LocalContainerEntityManagerFactoryBean - Closing JPA EntityManagerFactory for persistence unit 'default'
2026-08-09 04:08:27.883 [SpringApplicationShutdownHook] INFO  com.zaxxer.hikari.HikariDataSource - HikariPool-4 - Shutdown initiated...
2026-08-09 04:08:27.884 [SpringApplicationShutdownHook] INFO  com.zaxxer.hikari.HikariDataSource - HikariPool-4 - Shutdown completed.
2026-08-09 04:08:27.888 [SpringApplicationShutdownHook] INFO  o.s.o.j.LocalContainerEntityManagerFactoryBean - Closing JPA EntityManagerFactory for persistence unit 'default'
2026-08-09 04:08:27.889 [SpringApplicationShutdownHook] INFO  com.zaxxer.hikari.HikariDataSource - HikariPool-5 - Shutdown initiated...
2026-08-09 04:08:27.890 [SpringApplicationShutdownHook] INFO  com.zaxxer.hikari.HikariDataSource - HikariPool-5 - Shutdown completed.
2026-08-09 04:08:27.895 [SpringApplicationShutdownHook] INFO  o.s.o.j.LocalContainerEntityManagerFactoryBean - Closing JPA EntityManagerFactory for persistence unit 'default'
2026-08-09 04:08:27.896 [SpringApplicationShutdownHook] INFO  com.zaxxer.hikari.HikariDataSource - HikariPool-6 - Shutdown initiated...
2026-08-09 04:08:27.898 [SpringApplicationShutdownHook] INFO  com.zaxxer.hikari.HikariDataSource - HikariPool-6 - Shutdown completed.
2026-08-09 04:08:27.901 [SpringApplicationShutdownHook] INFO  o.s.o.j.LocalContainerEntityManagerFactoryBean - Closing JPA EntityManagerFactory for persistence unit 'default'
2026-08-09 04:08:27.902 [SpringApplicationShutdownHook] INFO  com.zaxxer.hikari.HikariDataSource - HikariPool-7 - Shutdown initiated...
2026-08-09 04:08:27.903 [SpringApplicationShutdownHook] INFO  com.zaxxer.hikari.HikariDataSource - HikariPool-7 - Shutdown completed.
2026-08-09 04:08:49.358 [Test worker] INFO  c.t.TheSystemApplicationTests - Starting TheSystemApplicationTests using Java 21.0.12 with PID 24381 (started by naga in /home/naga/Workspace/Projects/THE-SYSTEM/Backend)
2026-08-09 04:08:49.360 [Test worker] DEBUG c.t.TheSystemApplicationTests - Running with Spring Boot v3.4.5, Spring v6.2.6
2026-08-09 04:08:49.362 [Test worker] INFO  c.t.TheSystemApplicationTests - No active profile set, falling back to 1 default profile: "default"
2026-08-09 04:08:50.463 [Test worker] INFO  o.s.d.r.c.RepositoryConfigurationDelegate - Bootstrapping Spring Data JPA repositories in DEFAULT mode.
2026-08-09 04:08:50.620 [Test worker] INFO  o.s.d.r.c.RepositoryConfigurationDelegate - Finished Spring Data repository scanning in 147 ms. Found 18 JPA repository interfaces.
2026-08-09 04:08:52.542 [Test worker] INFO  o.s.o.j.p.SpringPersistenceUnitInfo - No LoadTimeWeaver setup: ignoring JPA class transformer
2026-08-09 04:08:52.591 [Test worker] INFO  com.zaxxer.hikari.HikariDataSource - HikariPool-1 - Starting...
2026-08-09 04:08:52.763 [Test worker] INFO  com.zaxxer.hikari.pool.HikariPool - HikariPool-1 - Added connection conn0: url=jdbc:h2:mem:thesystem user=SA
2026-08-09 04:08:52.765 [Test worker] INFO  com.zaxxer.hikari.HikariDataSource - HikariPool-1 - Start completed.
2026-08-09 04:08:52.791 [Test worker] WARN  org.hibernate.orm.deprecation - HHH90000025: H2Dialect does not need to be specified explicitly using 'hibernate.dialect' (remove the property setting and it will be selected by default)
2026-08-09 04:08:53.996 [Test worker] INFO  o.s.o.j.LocalContainerEntityManagerFactoryBean - Initialized JPA EntityManagerFactory for persistence unit 'default'
2026-08-09 04:08:55.312 [Test worker] INFO  o.s.d.j.r.query.QueryEnhancerFactory - Hibernate is in classpath; If applicable, HQL parser will be used.
2026-08-09 04:08:56.829 [Test worker] INFO  o.s.s.c.a.a.c.InitializeUserDetailsBeanManagerConfigurer$InitializeUserDetailsManagerConfigurer - Global AuthenticationManager configured with UserDetailsService bean with name userDetailsServiceImpl
2026-08-09 04:08:57.533 [Test worker] INFO  o.s.b.a.e.web.EndpointLinksResolver - Exposing 1 endpoint beneath base path '/actuator'
2026-08-09 04:08:58.819 [Test worker] INFO  c.t.TheSystemApplicationTests - Started TheSystemApplicationTests in 9.968 seconds (process running for 14.48)
2026-08-09 04:08:58.999 [Test worker] INFO  o.s.b.t.c.SpringBootTestContextBootstrapper - Found @SpringBootConfiguration com.thesystem.TheSystemApplication for test class com.thesystem.modules.auth.controller.AuthControllerIntegrationTest
2026-08-09 04:08:59.041 [Test worker] INFO  c.t.m.a.c.AuthControllerIntegrationTest - Starting AuthControllerIntegrationTest using Java 21.0.12 with PID 24381 (started by naga in /home/naga/Workspace/Projects/THE-SYSTEM/Backend)
2026-08-09 04:08:59.042 [Test worker] DEBUG c.t.m.a.c.AuthControllerIntegrationTest - Running with Spring Boot v3.4.5, Spring v6.2.6
2026-08-09 04:08:59.043 [Test worker] INFO  c.t.m.a.c.AuthControllerIntegrationTest - No active profile set, falling back to 1 default profile: "default"
2026-08-09 04:08:59.402 [Test worker] INFO  o.s.d.r.c.RepositoryConfigurationDelegate - Bootstrapping Spring Data JPA repositories in DEFAULT mode.
2026-08-09 04:08:59.458 [Test worker] INFO  o.s.d.r.c.RepositoryConfigurationDelegate - Finished Spring Data repository scanning in 54 ms. Found 18 JPA repository interfaces.
2026-08-09 04:09:00.031 [Test worker] INFO  o.s.o.j.p.SpringPersistenceUnitInfo - No LoadTimeWeaver setup: ignoring JPA class transformer
2026-08-09 04:09:00.033 [Test worker] INFO  com.zaxxer.hikari.HikariDataSource - HikariPool-2 - Starting...
2026-08-09 04:09:00.035 [Test worker] INFO  com.zaxxer.hikari.pool.HikariPool - HikariPool-2 - Added connection conn10: url=jdbc:h2:mem:thesystem user=SA
2026-08-09 04:09:00.036 [Test worker] INFO  com.zaxxer.hikari.HikariDataSource - HikariPool-2 - Start completed.
2026-08-09 04:09:00.037 [Test worker] WARN  org.hibernate.orm.deprecation - HHH90000025: H2Dialect does not need to be specified explicitly using 'hibernate.dialect' (remove the property setting and it will be selected by default)
2026-08-09 04:09:00.266 [Test worker] INFO  o.s.o.j.LocalContainerEntityManagerFactoryBean - Initialized JPA EntityManagerFactory for persistence unit 'default'
2026-08-09 04:09:01.034 [Test worker] INFO  o.s.s.c.a.a.c.InitializeUserDetailsBeanManagerConfigurer$InitializeUserDetailsManagerConfigurer - Global AuthenticationManager configured with UserDetailsService bean with name userDetailsServiceImpl
2026-08-09 04:09:01.277 [Test worker] INFO  o.s.b.a.e.web.EndpointLinksResolver - Exposing 1 endpoint beneath base path '/actuator'
2026-08-09 04:09:01.798 [Test worker] INFO  o.s.b.t.m.w.SpringBootMockServletContext - Initializing Spring TestDispatcherServlet ''
2026-08-09 04:09:01.799 [Test worker] INFO  o.s.t.w.s.TestDispatcherServlet - Initializing Servlet ''
2026-08-09 04:09:01.801 [Test worker] INFO  o.s.t.w.s.TestDispatcherServlet - Completed initialization in 2 ms
2026-08-09 04:09:01.837 [Test worker] INFO  c.t.m.a.c.AuthControllerIntegrationTest - Started AuthControllerIntegrationTest in 2.832 seconds (process running for 17.498)
2026-08-09 04:09:02.819 [Test worker] INFO  o.s.b.t.c.SpringBootTestContextBootstrapper - Found @SpringBootConfiguration com.thesystem.TheSystemApplication for test class com.thesystem.modules.goal.controller.GoalControllerIntegrationTest
2026-08-09 04:09:02.843 [Test worker] INFO  c.t.m.g.c.GoalControllerIntegrationTest - Starting GoalControllerIntegrationTest using Java 21.0.12 with PID 24381 (started by naga in /home/naga/Workspace/Projects/THE-SYSTEM/Backend)
2026-08-09 04:09:02.844 [Test worker] DEBUG c.t.m.g.c.GoalControllerIntegrationTest - Running with Spring Boot v3.4.5, Spring v6.2.6
2026-08-09 04:09:02.845 [Test worker] INFO  c.t.m.g.c.GoalControllerIntegrationTest - No active profile set, falling back to 1 default profile: "default"
2026-08-09 04:09:03.109 [Test worker] INFO  o.s.d.r.c.RepositoryConfigurationDelegate - Bootstrapping Spring Data JPA repositories in DEFAULT mode.
2026-08-09 04:09:03.150 [Test worker] INFO  o.s.d.r.c.RepositoryConfigurationDelegate - Finished Spring Data repository scanning in 37 ms. Found 18 JPA repository interfaces.
2026-08-09 04:09:03.570 [Test worker] INFO  o.s.o.j.p.SpringPersistenceUnitInfo - No LoadTimeWeaver setup: ignoring JPA class transformer
2026-08-09 04:09:03.572 [Test worker] INFO  com.zaxxer.hikari.HikariDataSource - HikariPool-3 - Starting...
2026-08-09 04:09:03.574 [Test worker] INFO  com.zaxxer.hikari.pool.HikariPool - HikariPool-3 - Added connection conn20: url=jdbc:h2:mem:thesystem user=SA
2026-08-09 04:09:03.574 [Test worker] INFO  com.zaxxer.hikari.HikariDataSource - HikariPool-3 - Start completed.
2026-08-09 04:09:03.575 [Test worker] WARN  org.hibernate.orm.deprecation - HHH90000025: H2Dialect does not need to be specified explicitly using 'hibernate.dialect' (remove the property setting and it will be selected by default)
2026-08-09 04:09:03.741 [Test worker] INFO  o.s.o.j.LocalContainerEntityManagerFactoryBean - Initialized JPA EntityManagerFactory for persistence unit 'default'
2026-08-09 04:09:04.437 [Test worker] INFO  o.s.s.c.a.a.c.InitializeUserDetailsBeanManagerConfigurer$InitializeUserDetailsManagerConfigurer - Global AuthenticationManager configured with UserDetailsService bean with name userDetailsServiceImpl
2026-08-09 04:09:04.649 [Test worker] INFO  o.s.b.a.e.web.EndpointLinksResolver - Exposing 1 endpoint beneath base path '/actuator'
2026-08-09 04:09:05.077 [Test worker] INFO  o.s.b.t.m.w.SpringBootMockServletContext - Initializing Spring TestDispatcherServlet ''
2026-08-09 04:09:05.077 [Test worker] INFO  o.s.t.w.s.TestDispatcherServlet - Initializing Servlet ''
2026-08-09 04:09:05.080 [Test worker] INFO  o.s.t.w.s.TestDispatcherServlet - Completed initialization in 3 ms
2026-08-09 04:09:05.121 [Test worker] INFO  c.t.m.g.c.GoalControllerIntegrationTest - Started GoalControllerIntegrationTest in 2.296 seconds (process running for 20.782)
2026-08-09 04:09:05.558 [Test worker] INFO  o.s.b.t.c.SpringBootTestContextBootstrapper - Found @SpringBootConfiguration com.thesystem.TheSystemApplication for test class com.thesystem.modules.settings.controller.SettingsControllerIntegrationTest
2026-08-09 04:09:05.585 [Test worker] INFO  c.t.m.s.c.SettingsControllerIntegrationTest - Starting SettingsControllerIntegrationTest using Java 21.0.12 with PID 24381 (started by naga in /home/naga/Workspace/Projects/THE-SYSTEM/Backend)
2026-08-09 04:09:05.586 [Test worker] DEBUG c.t.m.s.c.SettingsControllerIntegrationTest - Running with Spring Boot v3.4.5, Spring v6.2.6
2026-08-09 04:09:05.586 [Test worker] INFO  c.t.m.s.c.SettingsControllerIntegrationTest - No active profile set, falling back to 1 default profile: "default"
2026-08-09 04:09:05.784 [Test worker] INFO  o.s.d.r.c.RepositoryConfigurationDelegate - Bootstrapping Spring Data JPA repositories in DEFAULT mode.
2026-08-09 04:09:05.810 [Test worker] INFO  o.s.d.r.c.RepositoryConfigurationDelegate - Finished Spring Data repository scanning in 24 ms. Found 18 JPA repository interfaces.
2026-08-09 04:09:06.231 [Test worker] INFO  o.s.o.j.p.SpringPersistenceUnitInfo - No LoadTimeWeaver setup: ignoring JPA class transformer
2026-08-09 04:09:06.232 [Test worker] INFO  com.zaxxer.hikari.HikariDataSource - HikariPool-4 - Starting...
2026-08-09 04:09:06.234 [Test worker] INFO  com.zaxxer.hikari.pool.HikariPool - HikariPool-4 - Added connection conn30: url=jdbc:h2:mem:thesystem user=SA
2026-08-09 04:09:06.235 [Test worker] INFO  com.zaxxer.hikari.HikariDataSource - HikariPool-4 - Start completed.
2026-08-09 04:09:06.236 [Test worker] WARN  org.hibernate.orm.deprecation - HHH90000025: H2Dialect does not need to be specified explicitly using 'hibernate.dialect' (remove the property setting and it will be selected by default)
2026-08-09 04:09:06.392 [Test worker] INFO  o.s.o.j.LocalContainerEntityManagerFactoryBean - Initialized JPA EntityManagerFactory for persistence unit 'default'
2026-08-09 04:09:06.971 [Test worker] INFO  o.s.s.c.a.a.c.InitializeUserDetailsBeanManagerConfigurer$InitializeUserDetailsManagerConfigurer - Global AuthenticationManager configured with UserDetailsService bean with name userDetailsServiceImpl
2026-08-09 04:09:07.196 [Test worker] INFO  o.s.b.a.e.web.EndpointLinksResolver - Exposing 1 endpoint beneath base path '/actuator'
2026-08-09 04:09:07.548 [Test worker] INFO  o.s.b.t.m.w.SpringBootMockServletContext - Initializing Spring TestDispatcherServlet ''
2026-08-09 04:09:07.549 [Test worker] INFO  o.s.t.w.s.TestDispatcherServlet - Initializing Servlet ''
2026-08-09 04:09:07.550 [Test worker] INFO  o.s.t.w.s.TestDispatcherServlet - Completed initialization in 1 ms
2026-08-09 04:09:07.582 [Test worker] INFO  c.t.m.s.c.SettingsControllerIntegrationTest - Started SettingsControllerIntegrationTest in 2.018 seconds (process running for 23.243)
2026-08-09 04:09:07.941 [Test worker] INFO  o.s.b.t.c.SpringBootTestContextBootstrapper - Found @SpringBootConfiguration com.thesystem.TheSystemApplication for test class com.thesystem.modules.task.controller.TaskControllerIntegrationTest
2026-08-09 04:09:07.966 [Test worker] INFO  c.t.m.t.c.TaskControllerIntegrationTest - Starting TaskControllerIntegrationTest using Java 21.0.12 with PID 24381 (started by naga in /home/naga/Workspace/Projects/THE-SYSTEM/Backend)
2026-08-09 04:09:07.966 [Test worker] DEBUG c.t.m.t.c.TaskControllerIntegrationTest - Running with Spring Boot v3.4.5, Spring v6.2.6
2026-08-09 04:09:07.967 [Test worker] INFO  c.t.m.t.c.TaskControllerIntegrationTest - No active profile set, falling back to 1 default profile: "default"
2026-08-09 04:09:08.234 [Test worker] INFO  o.s.d.r.c.RepositoryConfigurationDelegate - Bootstrapping Spring Data JPA repositories in DEFAULT mode.
2026-08-09 04:09:08.269 [Test worker] INFO  o.s.d.r.c.RepositoryConfigurationDelegate - Finished Spring Data repository scanning in 32 ms. Found 18 JPA repository interfaces.
2026-08-09 04:09:08.623 [Test worker] INFO  o.s.o.j.p.SpringPersistenceUnitInfo - No LoadTimeWeaver setup: ignoring JPA class transformer
2026-08-09 04:09:08.624 [Test worker] INFO  com.zaxxer.hikari.HikariDataSource - HikariPool-5 - Starting...
2026-08-09 04:09:08.626 [Test worker] INFO  com.zaxxer.hikari.pool.HikariPool - HikariPool-5 - Added connection conn40: url=jdbc:h2:mem:thesystem user=SA
2026-08-09 04:09:08.626 [Test worker] INFO  com.zaxxer.hikari.HikariDataSource - HikariPool-5 - Start completed.
2026-08-09 04:09:08.627 [Test worker] WARN  org.hibernate.orm.deprecation - HHH90000025: H2Dialect does not need to be specified explicitly using 'hibernate.dialect' (remove the property setting and it will be selected by default)
2026-08-09 04:09:08.765 [Test worker] INFO  o.s.o.j.LocalContainerEntityManagerFactoryBean - Initialized JPA EntityManagerFactory for persistence unit 'default'
2026-08-09 04:09:09.244 [Test worker] INFO  o.s.s.c.a.a.c.InitializeUserDetailsBeanManagerConfigurer$InitializeUserDetailsManagerConfigurer - Global AuthenticationManager configured with UserDetailsService bean with name userDetailsServiceImpl
2026-08-09 04:09:09.410 [Test worker] INFO  o.s.b.a.e.web.EndpointLinksResolver - Exposing 1 endpoint beneath base path '/actuator'
2026-08-09 04:09:09.722 [Test worker] INFO  o.s.b.t.m.w.SpringBootMockServletContext - Initializing Spring TestDispatcherServlet ''
2026-08-09 04:09:09.722 [Test worker] INFO  o.s.t.w.s.TestDispatcherServlet - Initializing Servlet ''
2026-08-09 04:09:09.723 [Test worker] INFO  o.s.t.w.s.TestDispatcherServlet - Completed initialization in 1 ms
2026-08-09 04:09:09.743 [Test worker] INFO  c.t.m.t.c.TaskControllerIntegrationTest - Started TaskControllerIntegrationTest in 1.798 seconds (process running for 25.405)
2026-08-09 04:09:11.066 [Test worker] INFO  o.s.b.t.c.SpringBootTestContextBootstrapper - Found @SpringBootConfiguration com.thesystem.TheSystemApplication for test class com.thesystem.modules.user.controller.UserControllerIntegrationTest
2026-08-09 04:09:11.093 [Test worker] INFO  c.t.m.u.c.UserControllerIntegrationTest - Starting UserControllerIntegrationTest using Java 21.0.12 with PID 24381 (started by naga in /home/naga/Workspace/Projects/THE-SYSTEM/Backend)
2026-08-09 04:09:11.094 [Test worker] DEBUG c.t.m.u.c.UserControllerIntegrationTest - Running with Spring Boot v3.4.5, Spring v6.2.6
2026-08-09 04:09:11.095 [Test worker] INFO  c.t.m.u.c.UserControllerIntegrationTest - No active profile set, falling back to 1 default profile: "default"
2026-08-09 04:09:11.313 [Test worker] INFO  o.s.d.r.c.RepositoryConfigurationDelegate - Bootstrapping Spring Data JPA repositories in DEFAULT mode.
2026-08-09 04:09:11.340 [Test worker] INFO  o.s.d.r.c.RepositoryConfigurationDelegate - Finished Spring Data repository scanning in 26 ms. Found 18 JPA repository interfaces.
2026-08-09 04:09:11.690 [Test worker] INFO  o.s.o.j.p.SpringPersistenceUnitInfo - No LoadTimeWeaver setup: ignoring JPA class transformer
2026-08-09 04:09:11.691 [Test worker] INFO  com.zaxxer.hikari.HikariDataSource - HikariPool-6 - Starting...
2026-08-09 04:09:11.693 [Test worker] INFO  com.zaxxer.hikari.pool.HikariPool - HikariPool-6 - Added connection conn50: url=jdbc:h2:mem:thesystem user=SA
2026-08-09 04:09:11.693 [Test worker] INFO  com.zaxxer.hikari.HikariDataSource - HikariPool-6 - Start completed.
2026-08-09 04:09:11.694 [Test worker] WARN  org.hibernate.orm.deprecation - HHH90000025: H2Dialect does not need to be specified explicitly using 'hibernate.dialect' (remove the property setting and it will be selected by default)
2026-08-09 04:09:11.840 [Test worker] INFO  o.s.o.j.LocalContainerEntityManagerFactoryBean - Initialized JPA EntityManagerFactory for persistence unit 'default'
2026-08-09 04:09:12.289 [Test worker] INFO  o.s.s.c.a.a.c.InitializeUserDetailsBeanManagerConfigurer$InitializeUserDetailsManagerConfigurer - Global AuthenticationManager configured with UserDetailsService bean with name userDetailsServiceImpl
2026-08-09 04:09:12.419 [Test worker] INFO  o.s.b.a.e.web.EndpointLinksResolver - Exposing 1 endpoint beneath base path '/actuator'
2026-08-09 04:09:12.746 [Test worker] INFO  o.s.b.t.m.w.SpringBootMockServletContext - Initializing Spring TestDispatcherServlet ''
2026-08-09 04:09:12.746 [Test worker] INFO  o.s.t.w.s.TestDispatcherServlet - Initializing Servlet ''
2026-08-09 04:09:12.748 [Test worker] INFO  o.s.t.w.s.TestDispatcherServlet - Completed initialization in 1 ms
2026-08-09 04:09:12.780 [Test worker] INFO  c.t.m.u.c.UserControllerIntegrationTest - Started UserControllerIntegrationTest in 1.709 seconds (process running for 28.442)
2026-08-09 04:09:13.040 [Test worker] INFO  o.s.b.t.c.SpringBootTestContextBootstrapper - Found @SpringBootConfiguration com.thesystem.TheSystemApplication for test class com.thesystem.modules.xp.controller.XpControllerIntegrationTest
2026-08-09 04:09:13.057 [Test worker] INFO  c.t.m.x.c.XpControllerIntegrationTest - Starting XpControllerIntegrationTest using Java 21.0.12 with PID 24381 (started by naga in /home/naga/Workspace/Projects/THE-SYSTEM/Backend)
2026-08-09 04:09:13.058 [Test worker] DEBUG c.t.m.x.c.XpControllerIntegrationTest - Running with Spring Boot v3.4.5, Spring v6.2.6
2026-08-09 04:09:13.058 [Test worker] INFO  c.t.m.x.c.XpControllerIntegrationTest - No active profile set, falling back to 1 default profile: "default"
2026-08-09 04:09:13.213 [Test worker] INFO  o.s.d.r.c.RepositoryConfigurationDelegate - Bootstrapping Spring Data JPA repositories in DEFAULT mode.
2026-08-09 04:09:13.231 [Test worker] INFO  o.s.d.r.c.RepositoryConfigurationDelegate - Finished Spring Data repository scanning in 17 ms. Found 18 JPA repository interfaces.
2026-08-09 04:09:13.508 [Test worker] INFO  o.s.o.j.p.SpringPersistenceUnitInfo - No LoadTimeWeaver setup: ignoring JPA class transformer
2026-08-09 04:09:13.509 [Test worker] INFO  com.zaxxer.hikari.HikariDataSource - HikariPool-7 - Starting...
2026-08-09 04:09:13.511 [Test worker] INFO  com.zaxxer.hikari.pool.HikariPool - HikariPool-7 - Added connection conn60: url=jdbc:h2:mem:thesystem user=SA
2026-08-09 04:09:13.511 [Test worker] INFO  com.zaxxer.hikari.HikariDataSource - HikariPool-7 - Start completed.
2026-08-09 04:09:13.512 [Test worker] WARN  org.hibernate.orm.deprecation - HHH90000025: H2Dialect does not need to be specified explicitly using 'hibernate.dialect' (remove the property setting and it will be selected by default)
2026-08-09 04:09:13.644 [Test worker] INFO  o.s.o.j.LocalContainerEntityManagerFactoryBean - Initialized JPA EntityManagerFactory for persistence unit 'default'
2026-08-09 04:09:14.062 [Test worker] INFO  o.s.s.c.a.a.c.InitializeUserDetailsBeanManagerConfigurer$InitializeUserDetailsManagerConfigurer - Global AuthenticationManager configured with UserDetailsService bean with name userDetailsServiceImpl
2026-08-09 04:09:14.210 [Test worker] INFO  o.s.b.a.e.web.EndpointLinksResolver - Exposing 1 endpoint beneath base path '/actuator'
2026-08-09 04:09:14.490 [Test worker] INFO  o.s.b.t.m.w.SpringBootMockServletContext - Initializing Spring TestDispatcherServlet ''
2026-08-09 04:09:14.491 [Test worker] INFO  o.s.t.w.s.TestDispatcherServlet - Initializing Servlet ''
2026-08-09 04:09:14.492 [Test worker] INFO  o.s.t.w.s.TestDispatcherServlet - Completed initialization in 1 ms
2026-08-09 04:09:14.511 [Test worker] INFO  c.t.m.x.c.XpControllerIntegrationTest - Started XpControllerIntegrationTest in 1.469 seconds (process running for 30.173)
2026-08-09 04:09:14.736 [SpringApplicationShutdownHook] INFO  o.s.o.j.LocalContainerEntityManagerFactoryBean - Closing JPA EntityManagerFactory for persistence unit 'default'
2026-08-09 04:09:14.739 [SpringApplicationShutdownHook] INFO  com.zaxxer.hikari.HikariDataSource - HikariPool-1 - Shutdown initiated...
2026-08-09 04:09:14.741 [SpringApplicationShutdownHook] INFO  com.zaxxer.hikari.HikariDataSource - HikariPool-1 - Shutdown completed.
2026-08-09 04:09:14.745 [SpringApplicationShutdownHook] INFO  o.s.o.j.LocalContainerEntityManagerFactoryBean - Closing JPA EntityManagerFactory for persistence unit 'default'
2026-08-09 04:09:14.746 [SpringApplicationShutdownHook] INFO  com.zaxxer.hikari.HikariDataSource - HikariPool-2 - Shutdown initiated...
2026-08-09 04:09:14.747 [SpringApplicationShutdownHook] INFO  com.zaxxer.hikari.HikariDataSource - HikariPool-2 - Shutdown completed.
2026-08-09 04:09:14.751 [SpringApplicationShutdownHook] INFO  o.s.o.j.LocalContainerEntityManagerFactoryBean - Closing JPA EntityManagerFactory for persistence unit 'default'
2026-08-09 04:09:14.752 [SpringApplicationShutdownHook] INFO  com.zaxxer.hikari.HikariDataSource - HikariPool-3 - Shutdown initiated...
2026-08-09 04:09:14.753 [SpringApplicationShutdownHook] INFO  com.zaxxer.hikari.HikariDataSource - HikariPool-3 - Shutdown completed.
2026-08-09 04:09:14.756 [SpringApplicationShutdownHook] INFO  o.s.o.j.LocalContainerEntityManagerFactoryBean - Closing JPA EntityManagerFactory for persistence unit 'default'
2026-08-09 04:09:14.757 [SpringApplicationShutdownHook] INFO  com.zaxxer.hikari.HikariDataSource - HikariPool-4 - Shutdown initiated...
2026-08-09 04:09:14.758 [SpringApplicationShutdownHook] INFO  com.zaxxer.hikari.HikariDataSource - HikariPool-4 - Shutdown completed.
2026-08-09 04:09:14.761 [SpringApplicationShutdownHook] INFO  o.s.o.j.LocalContainerEntityManagerFactoryBean - Closing JPA EntityManagerFactory for persistence unit 'default'
2026-08-09 04:09:14.762 [SpringApplicationShutdownHook] INFO  com.zaxxer.hikari.HikariDataSource - HikariPool-5 - Shutdown initiated...
2026-08-09 04:09:14.764 [SpringApplicationShutdownHook] INFO  com.zaxxer.hikari.HikariDataSource - HikariPool-5 - Shutdown completed.
2026-08-09 04:09:14.768 [SpringApplicationShutdownHook] INFO  o.s.o.j.LocalContainerEntityManagerFactoryBean - Closing JPA EntityManagerFactory for persistence unit 'default'
2026-08-09 04:09:14.768 [SpringApplicationShutdownHook] INFO  com.zaxxer.hikari.HikariDataSource - HikariPool-6 - Shutdown initiated...
2026-08-09 04:09:14.780 [SpringApplicationShutdownHook] INFO  com.zaxxer.hikari.HikariDataSource - HikariPool-6 - Shutdown completed.
2026-08-09 04:09:14.785 [SpringApplicationShutdownHook] INFO  o.s.o.j.LocalContainerEntityManagerFactoryBean - Closing JPA EntityManagerFactory for persistence unit 'default'
2026-08-09 04:09:14.786 [SpringApplicationShutdownHook] INFO  com.zaxxer.hikari.HikariDataSource - HikariPool-7 - Shutdown initiated...
2026-08-09 04:09:14.787 [SpringApplicationShutdownHook] INFO  com.zaxxer.hikari.HikariDataSource - HikariPool-7 - Shutdown completed.
2026-08-09 04:14:29.127 [Test worker] INFO  c.t.TheSystemApplicationTests - Starting TheSystemApplicationTests using Java 21.0.12 with PID 26651 (started by naga in /home/naga/Workspace/Projects/THE-SYSTEM/Backend)
2026-08-09 04:14:29.128 [Test worker] DEBUG c.t.TheSystemApplicationTests - Running with Spring Boot v3.4.5, Spring v6.2.6
2026-08-09 04:14:29.130 [Test worker] INFO  c.t.TheSystemApplicationTests - No active profile set, falling back to 1 default profile: "default"
2026-08-09 04:14:30.133 [Test worker] INFO  o.s.d.r.c.RepositoryConfigurationDelegate - Bootstrapping Spring Data JPA repositories in DEFAULT mode.
2026-08-09 04:14:30.260 [Test worker] INFO  o.s.d.r.c.RepositoryConfigurationDelegate - Finished Spring Data repository scanning in 115 ms. Found 18 JPA repository interfaces.
2026-08-09 04:14:32.191 [Test worker] INFO  o.s.o.j.p.SpringPersistenceUnitInfo - No LoadTimeWeaver setup: ignoring JPA class transformer
2026-08-09 04:14:32.232 [Test worker] INFO  com.zaxxer.hikari.HikariDataSource - HikariPool-1 - Starting...
2026-08-09 04:14:32.429 [Test worker] INFO  com.zaxxer.hikari.pool.HikariPool - HikariPool-1 - Added connection conn0: url=jdbc:h2:mem:thesystem user=SA
2026-08-09 04:14:32.432 [Test worker] INFO  com.zaxxer.hikari.HikariDataSource - HikariPool-1 - Start completed.
2026-08-09 04:14:32.461 [Test worker] WARN  org.hibernate.orm.deprecation - HHH90000025: H2Dialect does not need to be specified explicitly using 'hibernate.dialect' (remove the property setting and it will be selected by default)
2026-08-09 04:14:33.916 [Test worker] INFO  o.s.o.j.LocalContainerEntityManagerFactoryBean - Initialized JPA EntityManagerFactory for persistence unit 'default'
2026-08-09 04:14:34.977 [Test worker] INFO  o.s.d.j.r.query.QueryEnhancerFactory - Hibernate is in classpath; If applicable, HQL parser will be used.
2026-08-09 04:14:36.313 [Test worker] INFO  o.s.s.c.a.a.c.InitializeUserDetailsBeanManagerConfigurer$InitializeUserDetailsManagerConfigurer - Global AuthenticationManager configured with UserDetailsService bean with name userDetailsServiceImpl
2026-08-09 04:14:36.935 [Test worker] INFO  o.s.b.a.e.web.EndpointLinksResolver - Exposing 1 endpoint beneath base path '/actuator'
2026-08-09 04:14:38.031 [Test worker] INFO  c.t.TheSystemApplicationTests - Started TheSystemApplicationTests in 9.376 seconds (process running for 10.785)
2026-08-09 04:14:38.698 [Test worker] INFO  o.s.b.t.c.SpringBootTestContextBootstrapper - Found @SpringBootConfiguration com.thesystem.TheSystemApplication for test class com.thesystem.modules.auth.controller.AuthControllerIntegrationTest
2026-08-09 04:14:38.727 [Test worker] INFO  c.t.m.a.c.AuthControllerIntegrationTest - Starting AuthControllerIntegrationTest using Java 21.0.12 with PID 26651 (started by naga in /home/naga/Workspace/Projects/THE-SYSTEM/Backend)
2026-08-09 04:14:38.728 [Test worker] DEBUG c.t.m.a.c.AuthControllerIntegrationTest - Running with Spring Boot v3.4.5, Spring v6.2.6
2026-08-09 04:14:38.728 [Test worker] INFO  c.t.m.a.c.AuthControllerIntegrationTest - No active profile set, falling back to 1 default profile: "default"
2026-08-09 04:14:38.998 [Test worker] INFO  o.s.d.r.c.RepositoryConfigurationDelegate - Bootstrapping Spring Data JPA repositories in DEFAULT mode.
2026-08-09 04:14:39.035 [Test worker] INFO  o.s.d.r.c.RepositoryConfigurationDelegate - Finished Spring Data repository scanning in 34 ms. Found 18 JPA repository interfaces.
2026-08-09 04:14:40.043 [Test worker] INFO  o.s.o.j.p.SpringPersistenceUnitInfo - No LoadTimeWeaver setup: ignoring JPA class transformer
2026-08-09 04:14:40.045 [Test worker] INFO  com.zaxxer.hikari.HikariDataSource - HikariPool-2 - Starting...
2026-08-09 04:14:40.047 [Test worker] INFO  com.zaxxer.hikari.pool.HikariPool - HikariPool-2 - Added connection conn10: url=jdbc:h2:mem:thesystem user=SA
2026-08-09 04:14:40.048 [Test worker] INFO  com.zaxxer.hikari.HikariDataSource - HikariPool-2 - Start completed.
2026-08-09 04:14:40.049 [Test worker] WARN  org.hibernate.orm.deprecation - HHH90000025: H2Dialect does not need to be specified explicitly using 'hibernate.dialect' (remove the property setting and it will be selected by default)
2026-08-09 04:14:40.365 [Test worker] INFO  o.s.o.j.LocalContainerEntityManagerFactoryBean - Initialized JPA EntityManagerFactory for persistence unit 'default'
2026-08-09 04:14:41.793 [Test worker] INFO  o.s.s.c.a.a.c.InitializeUserDetailsBeanManagerConfigurer$InitializeUserDetailsManagerConfigurer - Global AuthenticationManager configured with UserDetailsService bean with name userDetailsServiceImpl
2026-08-09 04:14:42.212 [Test worker] INFO  o.s.b.a.e.web.EndpointLinksResolver - Exposing 1 endpoint beneath base path '/actuator'
2026-08-09 04:14:43.008 [Test worker] INFO  o.s.b.t.m.w.SpringBootMockServletContext - Initializing Spring TestDispatcherServlet ''
2026-08-09 04:14:43.010 [Test worker] INFO  o.s.t.w.s.TestDispatcherServlet - Initializing Servlet ''
2026-08-09 04:14:43.014 [Test worker] INFO  o.s.t.w.s.TestDispatcherServlet - Completed initialization in 4 ms
2026-08-09 04:14:43.071 [Test worker] INFO  c.t.m.a.c.AuthControllerIntegrationTest - Started AuthControllerIntegrationTest in 4.367 seconds (process running for 15.824)
2026-08-09 04:14:44.498 [Test worker] INFO  o.s.b.t.c.SpringBootTestContextBootstrapper - Found @SpringBootConfiguration com.thesystem.TheSystemApplication for test class com.thesystem.modules.goal.controller.GoalControllerIntegrationTest
2026-08-09 04:14:44.567 [Test worker] INFO  c.t.m.g.c.GoalControllerIntegrationTest - Starting GoalControllerIntegrationTest using Java 21.0.12 with PID 26651 (started by naga in /home/naga/Workspace/Projects/THE-SYSTEM/Backend)
2026-08-09 04:14:44.568 [Test worker] DEBUG c.t.m.g.c.GoalControllerIntegrationTest - Running with Spring Boot v3.4.5, Spring v6.2.6
2026-08-09 04:14:44.568 [Test worker] INFO  c.t.m.g.c.GoalControllerIntegrationTest - No active profile set, falling back to 1 default profile: "default"
2026-08-09 04:14:45.100 [Test worker] INFO  o.s.d.r.c.RepositoryConfigurationDelegate - Bootstrapping Spring Data JPA repositories in DEFAULT mode.
2026-08-09 04:14:45.231 [Test worker] INFO  o.s.d.r.c.RepositoryConfigurationDelegate - Finished Spring Data repository scanning in 127 ms. Found 18 JPA repository interfaces.
2026-08-09 04:14:46.078 [Test worker] INFO  o.s.o.j.p.SpringPersistenceUnitInfo - No LoadTimeWeaver setup: ignoring JPA class transformer
2026-08-09 04:14:46.081 [Test worker] INFO  com.zaxxer.hikari.HikariDataSource - HikariPool-3 - Starting...
2026-08-09 04:14:46.083 [Test worker] INFO  com.zaxxer.hikari.pool.HikariPool - HikariPool-3 - Added connection conn20: url=jdbc:h2:mem:thesystem user=SA
2026-08-09 04:14:46.084 [Test worker] INFO  com.zaxxer.hikari.HikariDataSource - HikariPool-3 - Start completed.
2026-08-09 04:14:46.085 [Test worker] WARN  org.hibernate.orm.deprecation - HHH90000025: H2Dialect does not need to be specified explicitly using 'hibernate.dialect' (remove the property setting and it will be selected by default)
2026-08-09 04:14:46.360 [Test worker] INFO  o.s.o.j.LocalContainerEntityManagerFactoryBean - Initialized JPA EntityManagerFactory for persistence unit 'default'
2026-08-09 04:14:47.783 [Test worker] INFO  o.s.s.c.a.a.c.InitializeUserDetailsBeanManagerConfigurer$InitializeUserDetailsManagerConfigurer - Global AuthenticationManager configured with UserDetailsService bean with name userDetailsServiceImpl
2026-08-09 04:14:48.247 [Test worker] INFO  o.s.b.a.e.web.EndpointLinksResolver - Exposing 1 endpoint beneath base path '/actuator'
2026-08-09 04:14:49.196 [Test worker] INFO  o.s.b.t.m.w.SpringBootMockServletContext - Initializing Spring TestDispatcherServlet ''
2026-08-09 04:14:49.197 [Test worker] INFO  o.s.t.w.s.TestDispatcherServlet - Initializing Servlet ''
2026-08-09 04:14:49.199 [Test worker] INFO  o.s.t.w.s.TestDispatcherServlet - Completed initialization in 2 ms
2026-08-09 04:14:49.272 [Test worker] INFO  c.t.m.g.c.GoalControllerIntegrationTest - Started GoalControllerIntegrationTest in 4.766 seconds (process running for 22.026)
2026-08-09 04:14:50.362 [Test worker] INFO  o.s.b.t.c.SpringBootTestContextBootstrapper - Found @SpringBootConfiguration com.thesystem.TheSystemApplication for test class com.thesystem.modules.settings.controller.SettingsControllerIntegrationTest
2026-08-09 04:14:50.396 [Test worker] INFO  c.t.m.s.c.SettingsControllerIntegrationTest - Starting SettingsControllerIntegrationTest using Java 21.0.12 with PID 26651 (started by naga in /home/naga/Workspace/Projects/THE-SYSTEM/Backend)
2026-08-09 04:14:50.396 [Test worker] DEBUG c.t.m.s.c.SettingsControllerIntegrationTest - Running with Spring Boot v3.4.5, Spring v6.2.6
2026-08-09 04:14:50.396 [Test worker] INFO  c.t.m.s.c.SettingsControllerIntegrationTest - No active profile set, falling back to 1 default profile: "default"
2026-08-09 04:14:50.763 [Test worker] INFO  o.s.d.r.c.RepositoryConfigurationDelegate - Bootstrapping Spring Data JPA repositories in DEFAULT mode.
2026-08-09 04:14:50.809 [Test worker] INFO  o.s.d.r.c.RepositoryConfigurationDelegate - Finished Spring Data repository scanning in 43 ms. Found 18 JPA repository interfaces.
2026-08-09 04:14:51.351 [Test worker] INFO  o.s.o.j.p.SpringPersistenceUnitInfo - No LoadTimeWeaver setup: ignoring JPA class transformer
2026-08-09 04:14:51.352 [Test worker] INFO  com.zaxxer.hikari.HikariDataSource - HikariPool-4 - Starting...
2026-08-09 04:14:51.354 [Test worker] INFO  com.zaxxer.hikari.pool.HikariPool - HikariPool-4 - Added connection conn30: url=jdbc:h2:mem:thesystem user=SA
2026-08-09 04:14:51.354 [Test worker] INFO  com.zaxxer.hikari.HikariDataSource - HikariPool-4 - Start completed.
2026-08-09 04:14:51.355 [Test worker] WARN  org.hibernate.orm.deprecation - HHH90000025: H2Dialect does not need to be specified explicitly using 'hibernate.dialect' (remove the property setting and it will be selected by default)
2026-08-09 04:14:51.542 [Test worker] INFO  o.s.o.j.LocalContainerEntityManagerFactoryBean - Initialized JPA EntityManagerFactory for persistence unit 'default'
2026-08-09 04:14:52.444 [Test worker] INFO  o.s.s.c.a.a.c.InitializeUserDetailsBeanManagerConfigurer$InitializeUserDetailsManagerConfigurer - Global AuthenticationManager configured with UserDetailsService bean with name userDetailsServiceImpl
2026-08-09 04:14:52.753 [Test worker] INFO  o.s.b.a.e.web.EndpointLinksResolver - Exposing 1 endpoint beneath base path '/actuator'
2026-08-09 04:14:53.313 [Test worker] INFO  o.s.b.t.m.w.SpringBootMockServletContext - Initializing Spring TestDispatcherServlet ''
2026-08-09 04:14:53.314 [Test worker] INFO  o.s.t.w.s.TestDispatcherServlet - Initializing Servlet ''
2026-08-09 04:14:53.319 [Test worker] INFO  o.s.t.w.s.TestDispatcherServlet - Completed initialization in 2 ms
2026-08-09 04:14:53.368 [Test worker] INFO  c.t.m.s.c.SettingsControllerIntegrationTest - Started SettingsControllerIntegrationTest in 2.999 seconds (process running for 26.121)
2026-08-09 04:14:53.786 [Test worker] INFO  o.s.b.t.c.SpringBootTestContextBootstrapper - Found @SpringBootConfiguration com.thesystem.TheSystemApplication for test class com.thesystem.modules.task.controller.TaskControllerIntegrationTest
2026-08-09 04:14:53.821 [Test worker] INFO  c.t.m.t.c.TaskControllerIntegrationTest - Starting TaskControllerIntegrationTest using Java 21.0.12 with PID 26651 (started by naga in /home/naga/Workspace/Projects/THE-SYSTEM/Backend)
2026-08-09 04:14:53.821 [Test worker] DEBUG c.t.m.t.c.TaskControllerIntegrationTest - Running with Spring Boot v3.4.5, Spring v6.2.6
2026-08-09 04:14:53.822 [Test worker] INFO  c.t.m.t.c.TaskControllerIntegrationTest - No active profile set, falling back to 1 default profile: "default"
2026-08-09 04:14:54.088 [Test worker] INFO  o.s.d.r.c.RepositoryConfigurationDelegate - Bootstrapping Spring Data JPA repositories in DEFAULT mode.
2026-08-09 04:14:54.135 [Test worker] INFO  o.s.d.r.c.RepositoryConfigurationDelegate - Finished Spring Data repository scanning in 45 ms. Found 18 JPA repository interfaces.
2026-08-09 04:14:54.550 [Test worker] INFO  o.s.o.j.p.SpringPersistenceUnitInfo - No LoadTimeWeaver setup: ignoring JPA class transformer
2026-08-09 04:14:54.551 [Test worker] INFO  com.zaxxer.hikari.HikariDataSource - HikariPool-5 - Starting...
2026-08-09 04:14:54.552 [Test worker] INFO  com.zaxxer.hikari.pool.HikariPool - HikariPool-5 - Added connection conn40: url=jdbc:h2:mem:thesystem user=SA
2026-08-09 04:14:54.553 [Test worker] INFO  com.zaxxer.hikari.HikariDataSource - HikariPool-5 - Start completed.
2026-08-09 04:14:54.554 [Test worker] WARN  org.hibernate.orm.deprecation - HHH90000025: H2Dialect does not need to be specified explicitly using 'hibernate.dialect' (remove the property setting and it will be selected by default)
2026-08-09 04:14:54.729 [Test worker] INFO  o.s.o.j.LocalContainerEntityManagerFactoryBean - Initialized JPA EntityManagerFactory for persistence unit 'default'
2026-08-09 04:14:55.460 [Test worker] INFO  o.s.s.c.a.a.c.InitializeUserDetailsBeanManagerConfigurer$InitializeUserDetailsManagerConfigurer - Global AuthenticationManager configured with UserDetailsService bean with name userDetailsServiceImpl
2026-08-09 04:14:55.716 [Test worker] INFO  o.s.b.a.e.web.EndpointLinksResolver - Exposing 1 endpoint beneath base path '/actuator'
2026-08-09 04:14:56.248 [Test worker] INFO  o.s.b.t.m.w.SpringBootMockServletContext - Initializing Spring TestDispatcherServlet ''
2026-08-09 04:14:56.248 [Test worker] INFO  o.s.t.w.s.TestDispatcherServlet - Initializing Servlet ''
2026-08-09 04:14:56.250 [Test worker] INFO  o.s.t.w.s.TestDispatcherServlet - Completed initialization in 2 ms
2026-08-09 04:14:56.290 [Test worker] INFO  c.t.m.t.c.TaskControllerIntegrationTest - Started TaskControllerIntegrationTest in 2.498 seconds (process running for 29.044)
2026-08-09 04:14:57.547 [Test worker] INFO  o.s.b.t.c.SpringBootTestContextBootstrapper - Found @SpringBootConfiguration com.thesystem.TheSystemApplication for test class com.thesystem.modules.user.controller.UserControllerIntegrationTest
2026-08-09 04:14:57.571 [Test worker] INFO  c.t.m.u.c.UserControllerIntegrationTest - Starting UserControllerIntegrationTest using Java 21.0.12 with PID 26651 (started by naga in /home/naga/Workspace/Projects/THE-SYSTEM/Backend)
2026-08-09 04:14:57.571 [Test worker] DEBUG c.t.m.u.c.UserControllerIntegrationTest - Running with Spring Boot v3.4.5, Spring v6.2.6
2026-08-09 04:14:57.571 [Test worker] INFO  c.t.m.u.c.UserControllerIntegrationTest - No active profile set, falling back to 1 default profile: "default"
2026-08-09 04:14:57.796 [Test worker] INFO  o.s.d.r.c.RepositoryConfigurationDelegate - Bootstrapping Spring Data JPA repositories in DEFAULT mode.
2026-08-09 04:14:57.827 [Test worker] INFO  o.s.d.r.c.RepositoryConfigurationDelegate - Finished Spring Data repository scanning in 29 ms. Found 18 JPA repository interfaces.
2026-08-09 04:14:58.193 [Test worker] INFO  o.s.o.j.p.SpringPersistenceUnitInfo - No LoadTimeWeaver setup: ignoring JPA class transformer
2026-08-09 04:14:58.195 [Test worker] INFO  com.zaxxer.hikari.HikariDataSource - HikariPool-6 - Starting...
2026-08-09 04:14:58.197 [Test worker] INFO  com.zaxxer.hikari.pool.HikariPool - HikariPool-6 - Added connection conn50: url=jdbc:h2:mem:thesystem user=SA
2026-08-09 04:14:58.198 [Test worker] INFO  com.zaxxer.hikari.HikariDataSource - HikariPool-6 - Start completed.
2026-08-09 04:14:58.199 [Test worker] WARN  org.hibernate.orm.deprecation - HHH90000025: H2Dialect does not need to be specified explicitly using 'hibernate.dialect' (remove the property setting and it will be selected by default)
2026-08-09 04:14:58.327 [Test worker] INFO  o.s.o.j.LocalContainerEntityManagerFactoryBean - Initialized JPA EntityManagerFactory for persistence unit 'default'
2026-08-09 04:14:58.884 [Test worker] INFO  o.s.s.c.a.a.c.InitializeUserDetailsBeanManagerConfigurer$InitializeUserDetailsManagerConfigurer - Global AuthenticationManager configured with UserDetailsService bean with name userDetailsServiceImpl
2026-08-09 04:14:59.082 [Test worker] INFO  o.s.b.a.e.web.EndpointLinksResolver - Exposing 1 endpoint beneath base path '/actuator'
2026-08-09 04:14:59.560 [Test worker] INFO  o.s.b.t.m.w.SpringBootMockServletContext - Initializing Spring TestDispatcherServlet ''
2026-08-09 04:14:59.561 [Test worker] INFO  o.s.t.w.s.TestDispatcherServlet - Initializing Servlet ''
2026-08-09 04:14:59.563 [Test worker] INFO  o.s.t.w.s.TestDispatcherServlet - Completed initialization in 2 ms
2026-08-09 04:14:59.609 [Test worker] INFO  c.t.m.u.c.UserControllerIntegrationTest - Started UserControllerIntegrationTest in 2.057 seconds (process running for 32.362)
2026-08-09 04:14:59.889 [Test worker] INFO  o.s.b.t.c.SpringBootTestContextBootstrapper - Found @SpringBootConfiguration com.thesystem.TheSystemApplication for test class com.thesystem.modules.xp.controller.XpControllerIntegrationTest
2026-08-09 04:14:59.912 [Test worker] INFO  c.t.m.x.c.XpControllerIntegrationTest - Starting XpControllerIntegrationTest using Java 21.0.12 with PID 26651 (started by naga in /home/naga/Workspace/Projects/THE-SYSTEM/Backend)
2026-08-09 04:14:59.912 [Test worker] DEBUG c.t.m.x.c.XpControllerIntegrationTest - Running with Spring Boot v3.4.5, Spring v6.2.6
2026-08-09 04:14:59.912 [Test worker] INFO  c.t.m.x.c.XpControllerIntegrationTest - No active profile set, falling back to 1 default profile: "default"
2026-08-09 04:15:00.102 [Test worker] INFO  o.s.d.r.c.RepositoryConfigurationDelegate - Bootstrapping Spring Data JPA repositories in DEFAULT mode.
2026-08-09 04:15:00.137 [Test worker] INFO  o.s.d.r.c.RepositoryConfigurationDelegate - Finished Spring Data repository scanning in 33 ms. Found 18 JPA repository interfaces.
2026-08-09 04:15:00.470 [Test worker] INFO  o.s.o.j.p.SpringPersistenceUnitInfo - No LoadTimeWeaver setup: ignoring JPA class transformer
2026-08-09 04:15:00.471 [Test worker] INFO  com.zaxxer.hikari.HikariDataSource - HikariPool-7 - Starting...
2026-08-09 04:15:00.473 [Test worker] INFO  com.zaxxer.hikari.pool.HikariPool - HikariPool-7 - Added connection conn60: url=jdbc:h2:mem:thesystem user=SA
2026-08-09 04:15:00.474 [Test worker] INFO  com.zaxxer.hikari.HikariDataSource - HikariPool-7 - Start completed.
2026-08-09 04:15:00.475 [Test worker] WARN  org.hibernate.orm.deprecation - HHH90000025: H2Dialect does not need to be specified explicitly using 'hibernate.dialect' (remove the property setting and it will be selected by default)
2026-08-09 04:15:00.588 [Test worker] INFO  o.s.o.j.LocalContainerEntityManagerFactoryBean - Initialized JPA EntityManagerFactory for persistence unit 'default'
2026-08-09 04:15:01.170 [Test worker] INFO  o.s.s.c.a.a.c.InitializeUserDetailsBeanManagerConfigurer$InitializeUserDetailsManagerConfigurer - Global AuthenticationManager configured with UserDetailsService bean with name userDetailsServiceImpl
2026-08-09 04:15:01.357 [Test worker] INFO  o.s.b.a.e.web.EndpointLinksResolver - Exposing 1 endpoint beneath base path '/actuator'
2026-08-09 04:15:01.784 [Test worker] INFO  o.s.b.t.m.w.SpringBootMockServletContext - Initializing Spring TestDispatcherServlet ''
2026-08-09 04:15:01.785 [Test worker] INFO  o.s.t.w.s.TestDispatcherServlet - Initializing Servlet ''
2026-08-09 04:15:01.786 [Test worker] INFO  o.s.t.w.s.TestDispatcherServlet - Completed initialization in 1 ms
2026-08-09 04:15:01.825 [Test worker] INFO  c.t.m.x.c.XpControllerIntegrationTest - Started XpControllerIntegrationTest in 1.932 seconds (process running for 34.579)
2026-08-09 04:15:02.851 [SpringApplicationShutdownHook] INFO  o.s.o.j.LocalContainerEntityManagerFactoryBean - Closing JPA EntityManagerFactory for persistence unit 'default'
2026-08-09 04:15:02.853 [SpringApplicationShutdownHook] INFO  com.zaxxer.hikari.HikariDataSource - HikariPool-1 - Shutdown initiated...
2026-08-09 04:15:02.856 [SpringApplicationShutdownHook] INFO  com.zaxxer.hikari.HikariDataSource - HikariPool-1 - Shutdown completed.
2026-08-09 04:15:02.861 [SpringApplicationShutdownHook] INFO  o.s.o.j.LocalContainerEntityManagerFactoryBean - Closing JPA EntityManagerFactory for persistence unit 'default'
2026-08-09 04:15:02.861 [SpringApplicationShutdownHook] INFO  com.zaxxer.hikari.HikariDataSource - HikariPool-2 - Shutdown initiated...
2026-08-09 04:15:02.862 [SpringApplicationShutdownHook] INFO  com.zaxxer.hikari.HikariDataSource - HikariPool-2 - Shutdown completed.
2026-08-09 04:15:02.865 [SpringApplicationShutdownHook] INFO  o.s.o.j.LocalContainerEntityManagerFactoryBean - Closing JPA EntityManagerFactory for persistence unit 'default'
2026-08-09 04:15:02.866 [SpringApplicationShutdownHook] INFO  com.zaxxer.hikari.HikariDataSource - HikariPool-3 - Shutdown initiated...
2026-08-09 04:15:02.867 [SpringApplicationShutdownHook] INFO  com.zaxxer.hikari.HikariDataSource - HikariPool-3 - Shutdown completed.
2026-08-09 04:15:02.870 [SpringApplicationShutdownHook] INFO  o.s.o.j.LocalContainerEntityManagerFactoryBean - Closing JPA EntityManagerFactory for persistence unit 'default'
2026-08-09 04:15:02.871 [SpringApplicationShutdownHook] INFO  com.zaxxer.hikari.HikariDataSource - HikariPool-4 - Shutdown initiated...
2026-08-09 04:15:02.872 [SpringApplicationShutdownHook] INFO  com.zaxxer.hikari.HikariDataSource - HikariPool-4 - Shutdown completed.
2026-08-09 04:15:02.876 [SpringApplicationShutdownHook] INFO  o.s.o.j.LocalContainerEntityManagerFactoryBean - Closing JPA EntityManagerFactory for persistence unit 'default'
2026-08-09 04:15:02.876 [SpringApplicationShutdownHook] INFO  com.zaxxer.hikari.HikariDataSource - HikariPool-5 - Shutdown initiated...
2026-08-09 04:15:02.877 [SpringApplicationShutdownHook] INFO  com.zaxxer.hikari.HikariDataSource - HikariPool-5 - Shutdown completed.
2026-08-09 04:15:02.880 [SpringApplicationShutdownHook] INFO  o.s.o.j.LocalContainerEntityManagerFactoryBean - Closing JPA EntityManagerFactory for persistence unit 'default'
2026-08-09 04:15:02.881 [SpringApplicationShutdownHook] INFO  com.zaxxer.hikari.HikariDataSource - HikariPool-6 - Shutdown initiated...
2026-08-09 04:15:02.882 [SpringApplicationShutdownHook] INFO  com.zaxxer.hikari.HikariDataSource - HikariPool-6 - Shutdown completed.
2026-08-09 04:15:02.885 [SpringApplicationShutdownHook] INFO  o.s.o.j.LocalContainerEntityManagerFactoryBean - Closing JPA EntityManagerFactory for persistence unit 'default'
2026-08-09 04:15:02.885 [SpringApplicationShutdownHook] INFO  com.zaxxer.hikari.HikariDataSource - HikariPool-7 - Shutdown initiated...
2026-08-09 04:15:02.886 [SpringApplicationShutdownHook] INFO  com.zaxxer.hikari.HikariDataSource - HikariPool-7 - Shutdown completed.
2026-08-09 04:25:42.028 [Test worker] INFO  c.t.TheSystemApplicationTests - Starting TheSystemApplicationTests using Java 21.0.12 with PID 29183 (started by naga in /home/naga/Workspace/Projects/THE-SYSTEM/Backend)
2026-08-09 04:25:42.029 [Test worker] DEBUG c.t.TheSystemApplicationTests - Running with Spring Boot v3.4.5, Spring v6.2.6
2026-08-09 04:25:42.030 [Test worker] INFO  c.t.TheSystemApplicationTests - No active profile set, falling back to 1 default profile: "default"
2026-08-09 04:25:43.009 [Test worker] INFO  o.s.d.r.c.RepositoryConfigurationDelegate - Bootstrapping Spring Data JPA repositories in DEFAULT mode.
2026-08-09 04:25:43.136 [Test worker] INFO  o.s.d.r.c.RepositoryConfigurationDelegate - Finished Spring Data repository scanning in 115 ms. Found 18 JPA repository interfaces.
2026-08-09 04:25:44.977 [Test worker] INFO  o.s.o.j.p.SpringPersistenceUnitInfo - No LoadTimeWeaver setup: ignoring JPA class transformer
2026-08-09 04:25:45.014 [Test worker] INFO  com.zaxxer.hikari.HikariDataSource - HikariPool-1 - Starting...
2026-08-09 04:25:45.175 [Test worker] INFO  com.zaxxer.hikari.pool.HikariPool - HikariPool-1 - Added connection conn0: url=jdbc:h2:mem:thesystem user=SA
2026-08-09 04:25:45.177 [Test worker] INFO  com.zaxxer.hikari.HikariDataSource - HikariPool-1 - Start completed.
2026-08-09 04:25:45.198 [Test worker] WARN  org.hibernate.orm.deprecation - HHH90000025: H2Dialect does not need to be specified explicitly using 'hibernate.dialect' (remove the property setting and it will be selected by default)
2026-08-09 04:25:46.446 [Test worker] INFO  o.s.o.j.LocalContainerEntityManagerFactoryBean - Initialized JPA EntityManagerFactory for persistence unit 'default'
2026-08-09 04:25:47.367 [Test worker] INFO  o.s.d.j.r.query.QueryEnhancerFactory - Hibernate is in classpath; If applicable, HQL parser will be used.
2026-08-09 04:25:48.664 [Test worker] INFO  o.s.s.c.a.a.c.InitializeUserDetailsBeanManagerConfigurer$InitializeUserDetailsManagerConfigurer - Global AuthenticationManager configured with UserDetailsService bean with name userDetailsServiceImpl
2026-08-09 04:25:49.217 [Test worker] INFO  o.s.b.a.e.web.EndpointLinksResolver - Exposing 1 endpoint beneath base path '/actuator'
2026-08-09 04:25:50.275 [Test worker] INFO  c.t.TheSystemApplicationTests - Started TheSystemApplicationTests in 8.713 seconds (process running for 10.216)
2026-08-09 04:25:50.852 [Test worker] INFO  o.s.b.t.c.SpringBootTestContextBootstrapper - Found @SpringBootConfiguration com.thesystem.TheSystemApplication for test class com.thesystem.modules.auth.controller.AuthControllerIntegrationTest
2026-08-09 04:25:50.886 [Test worker] INFO  c.t.m.a.c.AuthControllerIntegrationTest - Starting AuthControllerIntegrationTest using Java 21.0.12 with PID 29183 (started by naga in /home/naga/Workspace/Projects/THE-SYSTEM/Backend)
2026-08-09 04:25:50.886 [Test worker] DEBUG c.t.m.a.c.AuthControllerIntegrationTest - Running with Spring Boot v3.4.5, Spring v6.2.6
2026-08-09 04:25:50.887 [Test worker] INFO  c.t.m.a.c.AuthControllerIntegrationTest - No active profile set, falling back to 1 default profile: "default"
2026-08-09 04:25:51.219 [Test worker] INFO  o.s.d.r.c.RepositoryConfigurationDelegate - Bootstrapping Spring Data JPA repositories in DEFAULT mode.
2026-08-09 04:25:51.262 [Test worker] INFO  o.s.d.r.c.RepositoryConfigurationDelegate - Finished Spring Data repository scanning in 40 ms. Found 18 JPA repository interfaces.
2026-08-09 04:25:52.147 [Test worker] INFO  o.s.o.j.p.SpringPersistenceUnitInfo - No LoadTimeWeaver setup: ignoring JPA class transformer
2026-08-09 04:25:52.149 [Test worker] INFO  com.zaxxer.hikari.HikariDataSource - HikariPool-2 - Starting...
2026-08-09 04:25:52.151 [Test worker] INFO  com.zaxxer.hikari.pool.HikariPool - HikariPool-2 - Added connection conn10: url=jdbc:h2:mem:thesystem user=SA
2026-08-09 04:25:52.152 [Test worker] INFO  com.zaxxer.hikari.HikariDataSource - HikariPool-2 - Start completed.
2026-08-09 04:25:52.153 [Test worker] WARN  org.hibernate.orm.deprecation - HHH90000025: H2Dialect does not need to be specified explicitly using 'hibernate.dialect' (remove the property setting and it will be selected by default)
2026-08-09 04:25:52.426 [Test worker] INFO  o.s.o.j.LocalContainerEntityManagerFactoryBean - Initialized JPA EntityManagerFactory for persistence unit 'default'
2026-08-09 04:25:53.706 [Test worker] INFO  o.s.s.c.a.a.c.InitializeUserDetailsBeanManagerConfigurer$InitializeUserDetailsManagerConfigurer - Global AuthenticationManager configured with UserDetailsService bean with name userDetailsServiceImpl
2026-08-09 04:25:54.151 [Test worker] INFO  o.s.b.a.e.web.EndpointLinksResolver - Exposing 1 endpoint beneath base path '/actuator'
2026-08-09 04:25:55.024 [Test worker] INFO  o.s.b.t.m.w.SpringBootMockServletContext - Initializing Spring TestDispatcherServlet ''
2026-08-09 04:25:55.025 [Test worker] INFO  o.s.t.w.s.TestDispatcherServlet - Initializing Servlet ''
2026-08-09 04:25:55.030 [Test worker] INFO  o.s.t.w.s.TestDispatcherServlet - Completed initialization in 3 ms
2026-08-09 04:25:55.100 [Test worker] INFO  c.t.m.a.c.AuthControllerIntegrationTest - Started AuthControllerIntegrationTest in 4.243 seconds (process running for 15.042)
2026-08-09 04:25:56.491 [Test worker] INFO  o.s.b.t.c.SpringBootTestContextBootstrapper - Found @SpringBootConfiguration com.thesystem.TheSystemApplication for test class com.thesystem.modules.goal.controller.GoalControllerIntegrationTest
2026-08-09 04:25:56.547 [Test worker] INFO  c.t.m.g.c.GoalControllerIntegrationTest - Starting GoalControllerIntegrationTest using Java 21.0.12 with PID 29183 (started by naga in /home/naga/Workspace/Projects/THE-SYSTEM/Backend)
2026-08-09 04:25:56.547 [Test worker] DEBUG c.t.m.g.c.GoalControllerIntegrationTest - Running with Spring Boot v3.4.5, Spring v6.2.6
2026-08-09 04:25:56.548 [Test worker] INFO  c.t.m.g.c.GoalControllerIntegrationTest - No active profile set, falling back to 1 default profile: "default"
2026-08-09 04:25:57.094 [Test worker] INFO  o.s.d.r.c.RepositoryConfigurationDelegate - Bootstrapping Spring Data JPA repositories in DEFAULT mode.
2026-08-09 04:25:57.162 [Test worker] INFO  o.s.d.r.c.RepositoryConfigurationDelegate - Finished Spring Data repository scanning in 63 ms. Found 18 JPA repository interfaces.
2026-08-09 04:25:58.017 [Test worker] INFO  o.s.o.j.p.SpringPersistenceUnitInfo - No LoadTimeWeaver setup: ignoring JPA class transformer
2026-08-09 04:25:58.019 [Test worker] INFO  com.zaxxer.hikari.HikariDataSource - HikariPool-3 - Starting...
2026-08-09 04:25:58.021 [Test worker] INFO  com.zaxxer.hikari.pool.HikariPool - HikariPool-3 - Added connection conn20: url=jdbc:h2:mem:thesystem user=SA
2026-08-09 04:25:58.022 [Test worker] INFO  com.zaxxer.hikari.HikariDataSource - HikariPool-3 - Start completed.
2026-08-09 04:25:58.023 [Test worker] WARN  org.hibernate.orm.deprecation - HHH90000025: H2Dialect does not need to be specified explicitly using 'hibernate.dialect' (remove the property setting and it will be selected by default)
2026-08-09 04:25:58.301 [Test worker] INFO  o.s.o.j.LocalContainerEntityManagerFactoryBean - Initialized JPA EntityManagerFactory for persistence unit 'default'
2026-08-09 04:26:00.028 [Test worker] INFO  o.s.s.c.a.a.c.InitializeUserDetailsBeanManagerConfigurer$InitializeUserDetailsManagerConfigurer - Global AuthenticationManager configured with UserDetailsService bean with name userDetailsServiceImpl
2026-08-09 04:26:00.562 [Test worker] INFO  o.s.b.a.e.web.EndpointLinksResolver - Exposing 1 endpoint beneath base path '/actuator'
2026-08-09 04:26:01.563 [Test worker] INFO  o.s.b.t.m.w.SpringBootMockServletContext - Initializing Spring TestDispatcherServlet ''
2026-08-09 04:26:01.564 [Test worker] INFO  o.s.t.w.s.TestDispatcherServlet - Initializing Servlet ''
2026-08-09 04:26:01.567 [Test worker] INFO  o.s.t.w.s.TestDispatcherServlet - Completed initialization in 3 ms
2026-08-09 04:26:01.626 [Test worker] INFO  c.t.m.g.c.GoalControllerIntegrationTest - Started GoalControllerIntegrationTest in 5.126 seconds (process running for 21.568)
2026-08-09 04:26:02.631 [Test worker] INFO  o.s.b.t.c.SpringBootTestContextBootstrapper - Found @SpringBootConfiguration com.thesystem.TheSystemApplication for test class com.thesystem.modules.settings.controller.SettingsControllerIntegrationTest
2026-08-09 04:26:02.661 [Test worker] INFO  c.t.m.s.c.SettingsControllerIntegrationTest - Starting SettingsControllerIntegrationTest using Java 21.0.12 with PID 29183 (started by naga in /home/naga/Workspace/Projects/THE-SYSTEM/Backend)
2026-08-09 04:26:02.662 [Test worker] DEBUG c.t.m.s.c.SettingsControllerIntegrationTest - Running with Spring Boot v3.4.5, Spring v6.2.6
2026-08-09 04:26:02.662 [Test worker] INFO  c.t.m.s.c.SettingsControllerIntegrationTest - No active profile set, falling back to 1 default profile: "default"
2026-08-09 04:26:03.012 [Test worker] INFO  o.s.d.r.c.RepositoryConfigurationDelegate - Bootstrapping Spring Data JPA repositories in DEFAULT mode.
2026-08-09 04:26:03.055 [Test worker] INFO  o.s.d.r.c.RepositoryConfigurationDelegate - Finished Spring Data repository scanning in 40 ms. Found 18 JPA repository interfaces.
2026-08-09 04:26:03.544 [Test worker] INFO  o.s.o.j.p.SpringPersistenceUnitInfo - No LoadTimeWeaver setup: ignoring JPA class transformer
2026-08-09 04:26:03.545 [Test worker] INFO  com.zaxxer.hikari.HikariDataSource - HikariPool-4 - Starting...
2026-08-09 04:26:03.546 [Test worker] INFO  com.zaxxer.hikari.pool.HikariPool - HikariPool-4 - Added connection conn30: url=jdbc:h2:mem:thesystem user=SA
2026-08-09 04:26:03.547 [Test worker] INFO  com.zaxxer.hikari.HikariDataSource - HikariPool-4 - Start completed.
2026-08-09 04:26:03.548 [Test worker] WARN  org.hibernate.orm.deprecation - HHH90000025: H2Dialect does not need to be specified explicitly using 'hibernate.dialect' (remove the property setting and it will be selected by default)
2026-08-09 04:26:03.737 [Test worker] INFO  o.s.o.j.LocalContainerEntityManagerFactoryBean - Initialized JPA EntityManagerFactory for persistence unit 'default'
2026-08-09 04:26:04.632 [Test worker] INFO  o.s.s.c.a.a.c.InitializeUserDetailsBeanManagerConfigurer$InitializeUserDetailsManagerConfigurer - Global AuthenticationManager configured with UserDetailsService bean with name userDetailsServiceImpl
2026-08-09 04:26:04.928 [Test worker] INFO  o.s.b.a.e.web.EndpointLinksResolver - Exposing 1 endpoint beneath base path '/actuator'
2026-08-09 04:26:05.622 [Test worker] INFO  o.s.b.t.m.w.SpringBootMockServletContext - Initializing Spring TestDispatcherServlet ''
2026-08-09 04:26:05.622 [Test worker] INFO  o.s.t.w.s.TestDispatcherServlet - Initializing Servlet ''
2026-08-09 04:26:05.625 [Test worker] INFO  o.s.t.w.s.TestDispatcherServlet - Completed initialization in 2 ms
2026-08-09 04:26:05.667 [Test worker] INFO  c.t.m.s.c.SettingsControllerIntegrationTest - Started SettingsControllerIntegrationTest in 3.032 seconds (process running for 25.609)
2026-08-09 04:26:06.020 [Test worker] INFO  o.s.b.t.c.SpringBootTestContextBootstrapper - Found @SpringBootConfiguration com.thesystem.TheSystemApplication for test class com.thesystem.modules.task.controller.TaskControllerIntegrationTest
2026-08-09 04:26:06.047 [Test worker] INFO  c.t.m.t.c.TaskControllerIntegrationTest - Starting TaskControllerIntegrationTest using Java 21.0.12 with PID 29183 (started by naga in /home/naga/Workspace/Projects/THE-SYSTEM/Backend)
2026-08-09 04:26:06.048 [Test worker] DEBUG c.t.m.t.c.TaskControllerIntegrationTest - Running with Spring Boot v3.4.5, Spring v6.2.6
2026-08-09 04:26:06.048 [Test worker] INFO  c.t.m.t.c.TaskControllerIntegrationTest - No active profile set, falling back to 1 default profile: "default"
2026-08-09 04:26:06.313 [Test worker] INFO  o.s.d.r.c.RepositoryConfigurationDelegate - Bootstrapping Spring Data JPA repositories in DEFAULT mode.
2026-08-09 04:26:06.350 [Test worker] INFO  o.s.d.r.c.RepositoryConfigurationDelegate - Finished Spring Data repository scanning in 35 ms. Found 18 JPA repository interfaces.
2026-08-09 04:26:06.796 [Test worker] INFO  o.s.o.j.p.SpringPersistenceUnitInfo - No LoadTimeWeaver setup: ignoring JPA class transformer
2026-08-09 04:26:06.797 [Test worker] INFO  com.zaxxer.hikari.HikariDataSource - HikariPool-5 - Starting...
2026-08-09 04:26:06.799 [Test worker] INFO  com.zaxxer.hikari.pool.HikariPool - HikariPool-5 - Added connection conn40: url=jdbc:h2:mem:thesystem user=SA
2026-08-09 04:26:06.799 [Test worker] INFO  com.zaxxer.hikari.HikariDataSource - HikariPool-5 - Start completed.
2026-08-09 04:26:06.800 [Test worker] WARN  org.hibernate.orm.deprecation - HHH90000025: H2Dialect does not need to be specified explicitly using 'hibernate.dialect' (remove the property setting and it will be selected by default)
2026-08-09 04:26:06.949 [Test worker] INFO  o.s.o.j.LocalContainerEntityManagerFactoryBean - Initialized JPA EntityManagerFactory for persistence unit 'default'
2026-08-09 04:26:07.706 [Test worker] INFO  o.s.s.c.a.a.c.InitializeUserDetailsBeanManagerConfigurer$InitializeUserDetailsManagerConfigurer - Global AuthenticationManager configured with UserDetailsService bean with name userDetailsServiceImpl
2026-08-09 04:26:07.969 [Test worker] INFO  o.s.b.a.e.web.EndpointLinksResolver - Exposing 1 endpoint beneath base path '/actuator'
2026-08-09 04:26:08.616 [Test worker] INFO  o.s.b.t.m.w.SpringBootMockServletContext - Initializing Spring TestDispatcherServlet ''
2026-08-09 04:26:08.617 [Test worker] INFO  o.s.t.w.s.TestDispatcherServlet - Initializing Servlet ''
2026-08-09 04:26:08.618 [Test worker] INFO  o.s.t.w.s.TestDispatcherServlet - Completed initialization in 1 ms
2026-08-09 04:26:08.657 [Test worker] INFO  c.t.m.t.c.TaskControllerIntegrationTest - Started TaskControllerIntegrationTest in 2.633 seconds (process running for 28.599)
2026-08-09 04:26:09.790 [Test worker] INFO  o.s.b.t.c.SpringBootTestContextBootstrapper - Found @SpringBootConfiguration com.thesystem.TheSystemApplication for test class com.thesystem.modules.user.controller.UserControllerIntegrationTest
2026-08-09 04:26:09.814 [Test worker] INFO  c.t.m.u.c.UserControllerIntegrationTest - Starting UserControllerIntegrationTest using Java 21.0.12 with PID 29183 (started by naga in /home/naga/Workspace/Projects/THE-SYSTEM/Backend)
2026-08-09 04:26:09.814 [Test worker] DEBUG c.t.m.u.c.UserControllerIntegrationTest - Running with Spring Boot v3.4.5, Spring v6.2.6
2026-08-09 04:26:09.814 [Test worker] INFO  c.t.m.u.c.UserControllerIntegrationTest - No active profile set, falling back to 1 default profile: "default"
2026-08-09 04:26:10.052 [Test worker] INFO  o.s.d.r.c.RepositoryConfigurationDelegate - Bootstrapping Spring Data JPA repositories in DEFAULT mode.
2026-08-09 04:26:10.085 [Test worker] INFO  o.s.d.r.c.RepositoryConfigurationDelegate - Finished Spring Data repository scanning in 31 ms. Found 18 JPA repository interfaces.
2026-08-09 04:26:10.451 [Test worker] INFO  o.s.o.j.p.SpringPersistenceUnitInfo - No LoadTimeWeaver setup: ignoring JPA class transformer
2026-08-09 04:26:10.452 [Test worker] INFO  com.zaxxer.hikari.HikariDataSource - HikariPool-6 - Starting...
2026-08-09 04:26:10.454 [Test worker] INFO  com.zaxxer.hikari.pool.HikariPool - HikariPool-6 - Added connection conn50: url=jdbc:h2:mem:thesystem user=SA
2026-08-09 04:26:10.455 [Test worker] INFO  com.zaxxer.hikari.HikariDataSource - HikariPool-6 - Start completed.
2026-08-09 04:26:10.456 [Test worker] WARN  org.hibernate.orm.deprecation - HHH90000025: H2Dialect does not need to be specified explicitly using 'hibernate.dialect' (remove the property setting and it will be selected by default)
2026-08-09 04:26:10.621 [Test worker] INFO  o.s.o.j.LocalContainerEntityManagerFactoryBean - Initialized JPA EntityManagerFactory for persistence unit 'default'
2026-08-09 04:26:11.328 [Test worker] INFO  o.s.s.c.a.a.c.InitializeUserDetailsBeanManagerConfigurer$InitializeUserDetailsManagerConfigurer - Global AuthenticationManager configured with UserDetailsService bean with name userDetailsServiceImpl
2026-08-09 04:26:11.564 [Test worker] INFO  o.s.b.a.e.web.EndpointLinksResolver - Exposing 1 endpoint beneath base path '/actuator'
2026-08-09 04:26:12.137 [Test worker] INFO  o.s.b.t.m.w.SpringBootMockServletContext - Initializing Spring TestDispatcherServlet ''
2026-08-09 04:26:12.137 [Test worker] INFO  o.s.t.w.s.TestDispatcherServlet - Initializing Servlet ''
2026-08-09 04:26:12.140 [Test worker] INFO  o.s.t.w.s.TestDispatcherServlet - Completed initialization in 3 ms
2026-08-09 04:26:12.184 [Test worker] INFO  c.t.m.u.c.UserControllerIntegrationTest - Started UserControllerIntegrationTest in 2.391 seconds (process running for 32.126)
2026-08-09 04:26:12.465 [Test worker] INFO  o.s.b.t.c.SpringBootTestContextBootstrapper - Found @SpringBootConfiguration com.thesystem.TheSystemApplication for test class com.thesystem.modules.xp.controller.XpControllerIntegrationTest
2026-08-09 04:26:12.487 [Test worker] INFO  c.t.m.x.c.XpControllerIntegrationTest - Starting XpControllerIntegrationTest using Java 21.0.12 with PID 29183 (started by naga in /home/naga/Workspace/Projects/THE-SYSTEM/Backend)
2026-08-09 04:26:12.487 [Test worker] DEBUG c.t.m.x.c.XpControllerIntegrationTest - Running with Spring Boot v3.4.5, Spring v6.2.6
2026-08-09 04:26:12.488 [Test worker] INFO  c.t.m.x.c.XpControllerIntegrationTest - No active profile set, falling back to 1 default profile: "default"
2026-08-09 04:26:12.710 [Test worker] INFO  o.s.d.r.c.RepositoryConfigurationDelegate - Bootstrapping Spring Data JPA repositories in DEFAULT mode.
2026-08-09 04:26:12.744 [Test worker] INFO  o.s.d.r.c.RepositoryConfigurationDelegate - Finished Spring Data repository scanning in 32 ms. Found 18 JPA repository interfaces.
2026-08-09 04:26:13.084 [Test worker] INFO  o.s.o.j.p.SpringPersistenceUnitInfo - No LoadTimeWeaver setup: ignoring JPA class transformer
2026-08-09 04:26:13.085 [Test worker] INFO  com.zaxxer.hikari.HikariDataSource - HikariPool-7 - Starting...
2026-08-09 04:26:13.087 [Test worker] INFO  com.zaxxer.hikari.pool.HikariPool - HikariPool-7 - Added connection conn60: url=jdbc:h2:mem:thesystem user=SA
2026-08-09 04:26:13.087 [Test worker] INFO  com.zaxxer.hikari.HikariDataSource - HikariPool-7 - Start completed.
2026-08-09 04:26:13.088 [Test worker] WARN  org.hibernate.orm.deprecation - HHH90000025: H2Dialect does not need to be specified explicitly using 'hibernate.dialect' (remove the property setting and it will be selected by default)
2026-08-09 04:26:13.221 [Test worker] INFO  o.s.o.j.LocalContainerEntityManagerFactoryBean - Initialized JPA EntityManagerFactory for persistence unit 'default'
2026-08-09 04:26:13.944 [Test worker] INFO  o.s.s.c.a.a.c.InitializeUserDetailsBeanManagerConfigurer$InitializeUserDetailsManagerConfigurer - Global AuthenticationManager configured with UserDetailsService bean with name userDetailsServiceImpl
2026-08-09 04:26:14.184 [Test worker] INFO  o.s.b.a.e.web.EndpointLinksResolver - Exposing 1 endpoint beneath base path '/actuator'
2026-08-09 04:26:14.757 [Test worker] INFO  o.s.b.t.m.w.SpringBootMockServletContext - Initializing Spring TestDispatcherServlet ''
2026-08-09 04:26:14.757 [Test worker] INFO  o.s.t.w.s.TestDispatcherServlet - Initializing Servlet ''
2026-08-09 04:26:14.760 [Test worker] INFO  o.s.t.w.s.TestDispatcherServlet - Completed initialization in 1 ms
2026-08-09 04:26:14.805 [Test worker] INFO  c.t.m.x.c.XpControllerIntegrationTest - Started XpControllerIntegrationTest in 2.336 seconds (process running for 34.746)
2026-08-09 04:26:15.866 [SpringApplicationShutdownHook] INFO  o.s.o.j.LocalContainerEntityManagerFactoryBean - Closing JPA EntityManagerFactory for persistence unit 'default'
2026-08-09 04:26:15.869 [SpringApplicationShutdownHook] INFO  com.zaxxer.hikari.HikariDataSource - HikariPool-1 - Shutdown initiated...
2026-08-09 04:26:15.871 [SpringApplicationShutdownHook] INFO  com.zaxxer.hikari.HikariDataSource - HikariPool-1 - Shutdown completed.
2026-08-09 04:26:15.879 [SpringApplicationShutdownHook] INFO  o.s.o.j.LocalContainerEntityManagerFactoryBean - Closing JPA EntityManagerFactory for persistence unit 'default'
2026-08-09 04:26:15.880 [SpringApplicationShutdownHook] INFO  com.zaxxer.hikari.HikariDataSource - HikariPool-2 - Shutdown initiated...
2026-08-09 04:26:15.881 [SpringApplicationShutdownHook] INFO  com.zaxxer.hikari.HikariDataSource - HikariPool-2 - Shutdown completed.
2026-08-09 04:26:15.888 [SpringApplicationShutdownHook] INFO  o.s.o.j.LocalContainerEntityManagerFactoryBean - Closing JPA EntityManagerFactory for persistence unit 'default'
2026-08-09 04:26:15.889 [SpringApplicationShutdownHook] INFO  com.zaxxer.hikari.HikariDataSource - HikariPool-3 - Shutdown initiated...
2026-08-09 04:26:15.891 [SpringApplicationShutdownHook] INFO  com.zaxxer.hikari.HikariDataSource - HikariPool-3 - Shutdown completed.
2026-08-09 04:26:15.897 [SpringApplicationShutdownHook] INFO  o.s.o.j.LocalContainerEntityManagerFactoryBean - Closing JPA EntityManagerFactory for persistence unit 'default'
2026-08-09 04:26:15.898 [SpringApplicationShutdownHook] INFO  com.zaxxer.hikari.HikariDataSource - HikariPool-4 - Shutdown initiated...
2026-08-09 04:26:15.900 [SpringApplicationShutdownHook] INFO  com.zaxxer.hikari.HikariDataSource - HikariPool-4 - Shutdown completed.
2026-08-09 04:26:15.907 [SpringApplicationShutdownHook] INFO  o.s.o.j.LocalContainerEntityManagerFactoryBean - Closing JPA EntityManagerFactory for persistence unit 'default'
2026-08-09 04:26:15.908 [SpringApplicationShutdownHook] INFO  com.zaxxer.hikari.HikariDataSource - HikariPool-5 - Shutdown initiated...
2026-08-09 04:26:15.909 [SpringApplicationShutdownHook] INFO  com.zaxxer.hikari.HikariDataSource - HikariPool-5 - Shutdown completed.
2026-08-09 04:26:15.915 [SpringApplicationShutdownHook] INFO  o.s.o.j.LocalContainerEntityManagerFactoryBean - Closing JPA EntityManagerFactory for persistence unit 'default'
2026-08-09 04:26:15.916 [SpringApplicationShutdownHook] INFO  com.zaxxer.hikari.HikariDataSource - HikariPool-6 - Shutdown initiated...
2026-08-09 04:26:15.917 [SpringApplicationShutdownHook] INFO  com.zaxxer.hikari.HikariDataSource - HikariPool-6 - Shutdown completed.
2026-08-09 04:26:15.924 [SpringApplicationShutdownHook] INFO  o.s.o.j.LocalContainerEntityManagerFactoryBean - Closing JPA EntityManagerFactory for persistence unit 'default'
2026-08-09 04:26:15.925 [SpringApplicationShutdownHook] INFO  com.zaxxer.hikari.HikariDataSource - HikariPool-7 - Shutdown initiated...
2026-08-09 04:26:15.926 [SpringApplicationShutdownHook] INFO  com.zaxxer.hikari.HikariDataSource - HikariPool-7 - Shutdown completed.
2026-08-09 04:41:13.300 [Test worker] INFO  c.t.TheSystemApplicationTests - Starting TheSystemApplicationTests using Java 21.0.12 with PID 32589 (started by naga in /home/naga/Workspace/Projects/THE-SYSTEM/Backend)
2026-08-09 04:41:13.302 [Test worker] DEBUG c.t.TheSystemApplicationTests - Running with Spring Boot v3.4.5, Spring v6.2.6
2026-08-09 04:41:13.303 [Test worker] INFO  c.t.TheSystemApplicationTests - No active profile set, falling back to 1 default profile: "default"
2026-08-09 04:41:14.356 [Test worker] INFO  o.s.d.r.c.RepositoryConfigurationDelegate - Bootstrapping Spring Data JPA repositories in DEFAULT mode.
2026-08-09 04:41:14.496 [Test worker] INFO  o.s.d.r.c.RepositoryConfigurationDelegate - Finished Spring Data repository scanning in 123 ms. Found 18 JPA repository interfaces.
2026-08-09 04:41:16.414 [Test worker] INFO  o.s.o.j.p.SpringPersistenceUnitInfo - No LoadTimeWeaver setup: ignoring JPA class transformer
2026-08-09 04:41:16.451 [Test worker] INFO  com.zaxxer.hikari.HikariDataSource - HikariPool-1 - Starting...
2026-08-09 04:41:16.656 [Test worker] INFO  com.zaxxer.hikari.pool.HikariPool - HikariPool-1 - Added connection conn0: url=jdbc:h2:mem:thesystem user=SA
2026-08-09 04:41:16.659 [Test worker] INFO  com.zaxxer.hikari.HikariDataSource - HikariPool-1 - Start completed.
2026-08-09 04:41:16.688 [Test worker] WARN  org.hibernate.orm.deprecation - HHH90000025: H2Dialect does not need to be specified explicitly using 'hibernate.dialect' (remove the property setting and it will be selected by default)
2026-08-09 04:41:18.128 [Test worker] INFO  o.s.o.j.LocalContainerEntityManagerFactoryBean - Initialized JPA EntityManagerFactory for persistence unit 'default'
2026-08-09 04:41:19.168 [Test worker] INFO  o.s.d.j.r.query.QueryEnhancerFactory - Hibernate is in classpath; If applicable, HQL parser will be used.
2026-08-09 04:41:20.633 [Test worker] INFO  o.s.s.c.a.a.c.InitializeUserDetailsBeanManagerConfigurer$InitializeUserDetailsManagerConfigurer - Global AuthenticationManager configured with UserDetailsService bean with name userDetailsServiceImpl
2026-08-09 04:41:21.229 [Test worker] INFO  o.s.b.a.e.web.EndpointLinksResolver - Exposing 1 endpoint beneath base path '/actuator'
2026-08-09 04:41:22.316 [Test worker] INFO  c.t.TheSystemApplicationTests - Started TheSystemApplicationTests in 9.524 seconds (process running for 10.965)
2026-08-09 04:41:22.948 [Test worker] INFO  o.s.b.t.c.SpringBootTestContextBootstrapper - Found @SpringBootConfiguration com.thesystem.TheSystemApplication for test class com.thesystem.modules.auth.controller.AuthControllerIntegrationTest
2026-08-09 04:41:22.986 [Test worker] INFO  c.t.m.a.c.AuthControllerIntegrationTest - Starting AuthControllerIntegrationTest using Java 21.0.12 with PID 32589 (started by naga in /home/naga/Workspace/Projects/THE-SYSTEM/Backend)
2026-08-09 04:41:22.986 [Test worker] DEBUG c.t.m.a.c.AuthControllerIntegrationTest - Running with Spring Boot v3.4.5, Spring v6.2.6
2026-08-09 04:41:22.987 [Test worker] INFO  c.t.m.a.c.AuthControllerIntegrationTest - No active profile set, falling back to 1 default profile: "default"
2026-08-09 04:41:23.286 [Test worker] INFO  o.s.d.r.c.RepositoryConfigurationDelegate - Bootstrapping Spring Data JPA repositories in DEFAULT mode.
2026-08-09 04:41:23.322 [Test worker] INFO  o.s.d.r.c.RepositoryConfigurationDelegate - Finished Spring Data repository scanning in 34 ms. Found 18 JPA repository interfaces.
2026-08-09 04:41:24.170 [Test worker] INFO  o.s.o.j.p.SpringPersistenceUnitInfo - No LoadTimeWeaver setup: ignoring JPA class transformer
2026-08-09 04:41:24.172 [Test worker] INFO  com.zaxxer.hikari.HikariDataSource - HikariPool-2 - Starting...
2026-08-09 04:41:24.174 [Test worker] INFO  com.zaxxer.hikari.pool.HikariPool - HikariPool-2 - Added connection conn10: url=jdbc:h2:mem:thesystem user=SA
2026-08-09 04:41:24.175 [Test worker] INFO  com.zaxxer.hikari.HikariDataSource - HikariPool-2 - Start completed.
2026-08-09 04:41:24.176 [Test worker] WARN  org.hibernate.orm.deprecation - HHH90000025: H2Dialect does not need to be specified explicitly using 'hibernate.dialect' (remove the property setting and it will be selected by default)
2026-08-09 04:41:24.476 [Test worker] INFO  o.s.o.j.LocalContainerEntityManagerFactoryBean - Initialized JPA EntityManagerFactory for persistence unit 'default'
2026-08-09 04:41:25.761 [Test worker] INFO  o.s.s.c.a.a.c.InitializeUserDetailsBeanManagerConfigurer$InitializeUserDetailsManagerConfigurer - Global AuthenticationManager configured with UserDetailsService bean with name userDetailsServiceImpl
2026-08-09 04:41:26.195 [Test worker] INFO  o.s.b.a.e.web.EndpointLinksResolver - Exposing 1 endpoint beneath base path '/actuator'
2026-08-09 04:41:26.945 [Test worker] INFO  o.s.b.t.m.w.SpringBootMockServletContext - Initializing Spring TestDispatcherServlet ''
2026-08-09 04:41:26.946 [Test worker] INFO  o.s.t.w.s.TestDispatcherServlet - Initializing Servlet ''
2026-08-09 04:41:26.950 [Test worker] INFO  o.s.t.w.s.TestDispatcherServlet - Completed initialization in 4 ms
2026-08-09 04:41:27.008 [Test worker] INFO  c.t.m.a.c.AuthControllerIntegrationTest - Started AuthControllerIntegrationTest in 4.054 seconds (process running for 15.657)
2026-08-09 04:41:28.417 [Test worker] INFO  o.s.b.t.c.SpringBootTestContextBootstrapper - Found @SpringBootConfiguration com.thesystem.TheSystemApplication for test class com.thesystem.modules.goal.controller.GoalControllerIntegrationTest
2026-08-09 04:41:28.485 [Test worker] INFO  c.t.m.g.c.GoalControllerIntegrationTest - Starting GoalControllerIntegrationTest using Java 21.0.12 with PID 32589 (started by naga in /home/naga/Workspace/Projects/THE-SYSTEM/Backend)
2026-08-09 04:41:28.486 [Test worker] DEBUG c.t.m.g.c.GoalControllerIntegrationTest - Running with Spring Boot v3.4.5, Spring v6.2.6
2026-08-09 04:41:28.487 [Test worker] INFO  c.t.m.g.c.GoalControllerIntegrationTest - No active profile set, falling back to 1 default profile: "default"
2026-08-09 04:41:29.018 [Test worker] INFO  o.s.d.r.c.RepositoryConfigurationDelegate - Bootstrapping Spring Data JPA repositories in DEFAULT mode.
2026-08-09 04:41:29.079 [Test worker] INFO  o.s.d.r.c.RepositoryConfigurationDelegate - Finished Spring Data repository scanning in 57 ms. Found 18 JPA repository interfaces.
2026-08-09 04:41:29.944 [Test worker] INFO  o.s.o.j.p.SpringPersistenceUnitInfo - No LoadTimeWeaver setup: ignoring JPA class transformer
2026-08-09 04:41:29.945 [Test worker] INFO  com.zaxxer.hikari.HikariDataSource - HikariPool-3 - Starting...
2026-08-09 04:41:29.947 [Test worker] INFO  com.zaxxer.hikari.pool.HikariPool - HikariPool-3 - Added connection conn20: url=jdbc:h2:mem:thesystem user=SA
2026-08-09 04:41:29.948 [Test worker] INFO  com.zaxxer.hikari.HikariDataSource - HikariPool-3 - Start completed.
2026-08-09 04:41:29.949 [Test worker] WARN  org.hibernate.orm.deprecation - HHH90000025: H2Dialect does not need to be specified explicitly using 'hibernate.dialect' (remove the property setting and it will be selected by default)
2026-08-09 04:41:30.261 [Test worker] INFO  o.s.o.j.LocalContainerEntityManagerFactoryBean - Initialized JPA EntityManagerFactory for persistence unit 'default'
2026-08-09 04:41:31.637 [Test worker] INFO  o.s.s.c.a.a.c.InitializeUserDetailsBeanManagerConfigurer$InitializeUserDetailsManagerConfigurer - Global AuthenticationManager configured with UserDetailsService bean with name userDetailsServiceImpl
2026-08-09 04:41:32.101 [Test worker] INFO  o.s.b.a.e.web.EndpointLinksResolver - Exposing 1 endpoint beneath base path '/actuator'
2026-08-09 04:41:33.007 [Test worker] INFO  o.s.b.t.m.w.SpringBootMockServletContext - Initializing Spring TestDispatcherServlet ''
2026-08-09 04:41:33.008 [Test worker] INFO  o.s.t.w.s.TestDispatcherServlet - Initializing Servlet ''
2026-08-09 04:41:33.010 [Test worker] INFO  o.s.t.w.s.TestDispatcherServlet - Completed initialization in 1 ms
2026-08-09 04:41:33.068 [Test worker] INFO  c.t.m.g.c.GoalControllerIntegrationTest - Started GoalControllerIntegrationTest in 4.641 seconds (process running for 21.717)
2026-08-09 04:41:34.186 [Test worker] INFO  o.s.b.t.c.SpringBootTestContextBootstrapper - Found @SpringBootConfiguration com.thesystem.TheSystemApplication for test class com.thesystem.modules.settings.controller.SettingsControllerIntegrationTest
2026-08-09 04:41:34.216 [Test worker] INFO  c.t.m.s.c.SettingsControllerIntegrationTest - Starting SettingsControllerIntegrationTest using Java 21.0.12 with PID 32589 (started by naga in /home/naga/Workspace/Projects/THE-SYSTEM/Backend)
2026-08-09 04:41:34.216 [Test worker] DEBUG c.t.m.s.c.SettingsControllerIntegrationTest - Running with Spring Boot v3.4.5, Spring v6.2.6
2026-08-09 04:41:34.216 [Test worker] INFO  c.t.m.s.c.SettingsControllerIntegrationTest - No active profile set, falling back to 1 default profile: "default"
2026-08-09 04:41:34.625 [Test worker] INFO  o.s.d.r.c.RepositoryConfigurationDelegate - Bootstrapping Spring Data JPA repositories in DEFAULT mode.
2026-08-09 04:41:34.669 [Test worker] INFO  o.s.d.r.c.RepositoryConfigurationDelegate - Finished Spring Data repository scanning in 42 ms. Found 18 JPA repository interfaces.
2026-08-09 04:41:35.236 [Test worker] INFO  o.s.o.j.p.SpringPersistenceUnitInfo - No LoadTimeWeaver setup: ignoring JPA class transformer
2026-08-09 04:41:35.237 [Test worker] INFO  com.zaxxer.hikari.HikariDataSource - HikariPool-4 - Starting...
2026-08-09 04:41:35.240 [Test worker] INFO  com.zaxxer.hikari.pool.HikariPool - HikariPool-4 - Added connection conn30: url=jdbc:h2:mem:thesystem user=SA
2026-08-09 04:41:35.240 [Test worker] INFO  com.zaxxer.hikari.HikariDataSource - HikariPool-4 - Start completed.
2026-08-09 04:41:35.241 [Test worker] WARN  org.hibernate.orm.deprecation - HHH90000025: H2Dialect does not need to be specified explicitly using 'hibernate.dialect' (remove the property setting and it will be selected by default)
2026-08-09 04:41:35.449 [Test worker] INFO  o.s.o.j.LocalContainerEntityManagerFactoryBean - Initialized JPA EntityManagerFactory for persistence unit 'default'
2026-08-09 04:41:36.357 [Test worker] INFO  o.s.s.c.a.a.c.InitializeUserDetailsBeanManagerConfigurer$InitializeUserDetailsManagerConfigurer - Global AuthenticationManager configured with UserDetailsService bean with name userDetailsServiceImpl
2026-08-09 04:41:36.676 [Test worker] INFO  o.s.b.a.e.web.EndpointLinksResolver - Exposing 1 endpoint beneath base path '/actuator'
2026-08-09 04:41:37.344 [Test worker] INFO  o.s.b.t.m.w.SpringBootMockServletContext - Initializing Spring TestDispatcherServlet ''
2026-08-09 04:41:37.344 [Test worker] INFO  o.s.t.w.s.TestDispatcherServlet - Initializing Servlet ''
2026-08-09 04:41:37.347 [Test worker] INFO  o.s.t.w.s.TestDispatcherServlet - Completed initialization in 3 ms
2026-08-09 04:41:37.393 [Test worker] INFO  c.t.m.s.c.SettingsControllerIntegrationTest - Started SettingsControllerIntegrationTest in 3.202 seconds (process running for 26.042)
2026-08-09 04:41:37.765 [Test worker] INFO  o.s.b.t.c.SpringBootTestContextBootstrapper - Found @SpringBootConfiguration com.thesystem.TheSystemApplication for test class com.thesystem.modules.task.controller.TaskControllerIntegrationTest
2026-08-09 04:41:37.797 [Test worker] INFO  c.t.m.t.c.TaskControllerIntegrationTest - Starting TaskControllerIntegrationTest using Java 21.0.12 with PID 32589 (started by naga in /home/naga/Workspace/Projects/THE-SYSTEM/Backend)
2026-08-09 04:41:37.797 [Test worker] DEBUG c.t.m.t.c.TaskControllerIntegrationTest - Running with Spring Boot v3.4.5, Spring v6.2.6
2026-08-09 04:41:37.798 [Test worker] INFO  c.t.m.t.c.TaskControllerIntegrationTest - No active profile set, falling back to 1 default profile: "default"
2026-08-09 04:41:38.164 [Test worker] INFO  o.s.d.r.c.RepositoryConfigurationDelegate - Bootstrapping Spring Data JPA repositories in DEFAULT mode.
2026-08-09 04:41:38.202 [Test worker] INFO  o.s.d.r.c.RepositoryConfigurationDelegate - Finished Spring Data repository scanning in 35 ms. Found 18 JPA repository interfaces.
2026-08-09 04:41:38.669 [Test worker] INFO  o.s.o.j.p.SpringPersistenceUnitInfo - No LoadTimeWeaver setup: ignoring JPA class transformer
2026-08-09 04:41:38.670 [Test worker] INFO  com.zaxxer.hikari.HikariDataSource - HikariPool-5 - Starting...
2026-08-09 04:41:38.672 [Test worker] INFO  com.zaxxer.hikari.pool.HikariPool - HikariPool-5 - Added connection conn40: url=jdbc:h2:mem:thesystem user=SA
2026-08-09 04:41:38.673 [Test worker] INFO  com.zaxxer.hikari.HikariDataSource - HikariPool-5 - Start completed.
2026-08-09 04:41:38.674 [Test worker] WARN  org.hibernate.orm.deprecation - HHH90000025: H2Dialect does not need to be specified explicitly using 'hibernate.dialect' (remove the property setting and it will be selected by default)
2026-08-09 04:41:38.828 [Test worker] INFO  o.s.o.j.LocalContainerEntityManagerFactoryBean - Initialized JPA EntityManagerFactory for persistence unit 'default'
2026-08-09 04:41:39.598 [Test worker] INFO  o.s.s.c.a.a.c.InitializeUserDetailsBeanManagerConfigurer$InitializeUserDetailsManagerConfigurer - Global AuthenticationManager configured with UserDetailsService bean with name userDetailsServiceImpl
2026-08-09 04:41:39.855 [Test worker] INFO  o.s.b.a.e.web.EndpointLinksResolver - Exposing 1 endpoint beneath base path '/actuator'
2026-08-09 04:41:40.418 [Test worker] INFO  o.s.b.t.m.w.SpringBootMockServletContext - Initializing Spring TestDispatcherServlet ''
2026-08-09 04:41:40.419 [Test worker] INFO  o.s.t.w.s.TestDispatcherServlet - Initializing Servlet ''
2026-08-09 04:41:40.420 [Test worker] INFO  o.s.t.w.s.TestDispatcherServlet - Completed initialization in 1 ms
2026-08-09 04:41:40.461 [Test worker] INFO  c.t.m.t.c.TaskControllerIntegrationTest - Started TaskControllerIntegrationTest in 2.691 seconds (process running for 29.11)
2026-08-09 04:41:41.705 [Test worker] INFO  o.s.b.t.c.SpringBootTestContextBootstrapper - Found @SpringBootConfiguration com.thesystem.TheSystemApplication for test class com.thesystem.modules.user.controller.UserControllerIntegrationTest
2026-08-09 04:41:41.727 [Test worker] INFO  c.t.m.u.c.UserControllerIntegrationTest - Starting UserControllerIntegrationTest using Java 21.0.12 with PID 32589 (started by naga in /home/naga/Workspace/Projects/THE-SYSTEM/Backend)
2026-08-09 04:41:41.727 [Test worker] DEBUG c.t.m.u.c.UserControllerIntegrationTest - Running with Spring Boot v3.4.5, Spring v6.2.6
2026-08-09 04:41:41.728 [Test worker] INFO  c.t.m.u.c.UserControllerIntegrationTest - No active profile set, falling back to 1 default profile: "default"
2026-08-09 04:41:41.958 [Test worker] INFO  o.s.d.r.c.RepositoryConfigurationDelegate - Bootstrapping Spring Data JPA repositories in DEFAULT mode.
2026-08-09 04:41:41.990 [Test worker] INFO  o.s.d.r.c.RepositoryConfigurationDelegate - Finished Spring Data repository scanning in 30 ms. Found 18 JPA repository interfaces.
2026-08-09 04:41:42.365 [Test worker] INFO  o.s.o.j.p.SpringPersistenceUnitInfo - No LoadTimeWeaver setup: ignoring JPA class transformer
2026-08-09 04:41:42.366 [Test worker] INFO  com.zaxxer.hikari.HikariDataSource - HikariPool-6 - Starting...
2026-08-09 04:41:42.368 [Test worker] INFO  com.zaxxer.hikari.pool.HikariPool - HikariPool-6 - Added connection conn50: url=jdbc:h2:mem:thesystem user=SA
2026-08-09 04:41:42.368 [Test worker] INFO  com.zaxxer.hikari.HikariDataSource - HikariPool-6 - Start completed.
2026-08-09 04:41:42.369 [Test worker] WARN  org.hibernate.orm.deprecation - HHH90000025: H2Dialect does not need to be specified explicitly using 'hibernate.dialect' (remove the property setting and it will be selected by default)
2026-08-09 04:41:42.520 [Test worker] INFO  o.s.o.j.LocalContainerEntityManagerFactoryBean - Initialized JPA EntityManagerFactory for persistence unit 'default'
2026-08-09 04:41:43.141 [Test worker] INFO  o.s.s.c.a.a.c.InitializeUserDetailsBeanManagerConfigurer$InitializeUserDetailsManagerConfigurer - Global AuthenticationManager configured with UserDetailsService bean with name userDetailsServiceImpl
2026-08-09 04:41:43.360 [Test worker] INFO  o.s.b.a.e.web.EndpointLinksResolver - Exposing 1 endpoint beneath base path '/actuator'
2026-08-09 04:41:43.790 [Test worker] INFO  o.s.b.t.m.w.SpringBootMockServletContext - Initializing Spring TestDispatcherServlet ''
2026-08-09 04:41:43.791 [Test worker] INFO  o.s.t.w.s.TestDispatcherServlet - Initializing Servlet ''
2026-08-09 04:41:43.792 [Test worker] INFO  o.s.t.w.s.TestDispatcherServlet - Completed initialization in 1 ms
2026-08-09 04:41:43.824 [Test worker] INFO  c.t.m.u.c.UserControllerIntegrationTest - Started UserControllerIntegrationTest in 2.116 seconds (process running for 32.473)
2026-08-09 04:41:44.096 [Test worker] INFO  o.s.b.t.c.SpringBootTestContextBootstrapper - Found @SpringBootConfiguration com.thesystem.TheSystemApplication for test class com.thesystem.modules.xp.controller.XpControllerIntegrationTest
2026-08-09 04:41:44.118 [Test worker] INFO  c.t.m.x.c.XpControllerIntegrationTest - Starting XpControllerIntegrationTest using Java 21.0.12 with PID 32589 (started by naga in /home/naga/Workspace/Projects/THE-SYSTEM/Backend)
2026-08-09 04:41:44.118 [Test worker] DEBUG c.t.m.x.c.XpControllerIntegrationTest - Running with Spring Boot v3.4.5, Spring v6.2.6
2026-08-09 04:41:44.119 [Test worker] INFO  c.t.m.x.c.XpControllerIntegrationTest - No active profile set, falling back to 1 default profile: "default"
2026-08-09 04:41:44.356 [Test worker] INFO  o.s.d.r.c.RepositoryConfigurationDelegate - Bootstrapping Spring Data JPA repositories in DEFAULT mode.
2026-08-09 04:41:44.387 [Test worker] INFO  o.s.d.r.c.RepositoryConfigurationDelegate - Finished Spring Data repository scanning in 28 ms. Found 18 JPA repository interfaces.
2026-08-09 04:41:44.728 [Test worker] INFO  o.s.o.j.p.SpringPersistenceUnitInfo - No LoadTimeWeaver setup: ignoring JPA class transformer
2026-08-09 04:41:44.729 [Test worker] INFO  com.zaxxer.hikari.HikariDataSource - HikariPool-7 - Starting...
2026-08-09 04:41:44.731 [Test worker] INFO  com.zaxxer.hikari.pool.HikariPool - HikariPool-7 - Added connection conn60: url=jdbc:h2:mem:thesystem user=SA
2026-08-09 04:41:44.731 [Test worker] INFO  com.zaxxer.hikari.HikariDataSource - HikariPool-7 - Start completed.
2026-08-09 04:41:44.732 [Test worker] WARN  org.hibernate.orm.deprecation - HHH90000025: H2Dialect does not need to be specified explicitly using 'hibernate.dialect' (remove the property setting and it will be selected by default)
2026-08-09 04:41:44.844 [Test worker] INFO  o.s.o.j.LocalContainerEntityManagerFactoryBean - Initialized JPA EntityManagerFactory for persistence unit 'default'
2026-08-09 04:41:45.350 [Test worker] INFO  o.s.s.c.a.a.c.InitializeUserDetailsBeanManagerConfigurer$InitializeUserDetailsManagerConfigurer - Global AuthenticationManager configured with UserDetailsService bean with name userDetailsServiceImpl
2026-08-09 04:41:45.531 [Test worker] INFO  o.s.b.a.e.web.EndpointLinksResolver - Exposing 1 endpoint beneath base path '/actuator'
2026-08-09 04:41:45.959 [Test worker] INFO  o.s.b.t.m.w.SpringBootMockServletContext - Initializing Spring TestDispatcherServlet ''
2026-08-09 04:41:45.959 [Test worker] INFO  o.s.t.w.s.TestDispatcherServlet - Initializing Servlet ''
2026-08-09 04:41:45.961 [Test worker] INFO  o.s.t.w.s.TestDispatcherServlet - Completed initialization in 1 ms
2026-08-09 04:41:45.991 [Test worker] INFO  c.t.m.x.c.XpControllerIntegrationTest - Started XpControllerIntegrationTest in 1.891 seconds (process running for 34.64)
2026-08-09 04:41:47.034 [SpringApplicationShutdownHook] INFO  o.s.o.j.LocalContainerEntityManagerFactoryBean - Closing JPA EntityManagerFactory for persistence unit 'default'
2026-08-09 04:41:47.036 [SpringApplicationShutdownHook] INFO  com.zaxxer.hikari.HikariDataSource - HikariPool-1 - Shutdown initiated...
2026-08-09 04:41:47.039 [SpringApplicationShutdownHook] INFO  com.zaxxer.hikari.HikariDataSource - HikariPool-1 - Shutdown completed.
2026-08-09 04:41:47.043 [SpringApplicationShutdownHook] INFO  o.s.o.j.LocalContainerEntityManagerFactoryBean - Closing JPA EntityManagerFactory for persistence unit 'default'
2026-08-09 04:41:47.044 [SpringApplicationShutdownHook] INFO  com.zaxxer.hikari.HikariDataSource - HikariPool-2 - Shutdown initiated...
2026-08-09 04:41:47.045 [SpringApplicationShutdownHook] INFO  com.zaxxer.hikari.HikariDataSource - HikariPool-2 - Shutdown completed.
2026-08-09 04:41:47.050 [SpringApplicationShutdownHook] INFO  o.s.o.j.LocalContainerEntityManagerFactoryBean - Closing JPA EntityManagerFactory for persistence unit 'default'
2026-08-09 04:41:47.051 [SpringApplicationShutdownHook] INFO  com.zaxxer.hikari.HikariDataSource - HikariPool-3 - Shutdown initiated...
2026-08-09 04:41:47.052 [SpringApplicationShutdownHook] INFO  com.zaxxer.hikari.HikariDataSource - HikariPool-3 - Shutdown completed.
2026-08-09 04:41:47.056 [SpringApplicationShutdownHook] INFO  o.s.o.j.LocalContainerEntityManagerFactoryBean - Closing JPA EntityManagerFactory for persistence unit 'default'
2026-08-09 04:41:47.057 [SpringApplicationShutdownHook] INFO  com.zaxxer.hikari.HikariDataSource - HikariPool-4 - Shutdown initiated...
2026-08-09 04:41:47.058 [SpringApplicationShutdownHook] INFO  com.zaxxer.hikari.HikariDataSource - HikariPool-4 - Shutdown completed.
2026-08-09 04:41:47.061 [SpringApplicationShutdownHook] INFO  o.s.o.j.LocalContainerEntityManagerFactoryBean - Closing JPA EntityManagerFactory for persistence unit 'default'
2026-08-09 04:41:47.062 [SpringApplicationShutdownHook] INFO  com.zaxxer.hikari.HikariDataSource - HikariPool-5 - Shutdown initiated...
2026-08-09 04:41:47.063 [SpringApplicationShutdownHook] INFO  com.zaxxer.hikari.HikariDataSource - HikariPool-5 - Shutdown completed.
2026-08-09 04:41:47.067 [SpringApplicationShutdownHook] INFO  o.s.o.j.LocalContainerEntityManagerFactoryBean - Closing JPA EntityManagerFactory for persistence unit 'default'
2026-08-09 04:41:47.068 [SpringApplicationShutdownHook] INFO  com.zaxxer.hikari.HikariDataSource - HikariPool-6 - Shutdown initiated...
2026-08-09 04:41:47.069 [SpringApplicationShutdownHook] INFO  com.zaxxer.hikari.HikariDataSource - HikariPool-6 - Shutdown completed.
2026-08-09 04:41:47.072 [SpringApplicationShutdownHook] INFO  o.s.o.j.LocalContainerEntityManagerFactoryBean - Closing JPA EntityManagerFactory for persistence unit 'default'
2026-08-09 04:41:47.073 [SpringApplicationShutdownHook] INFO  com.zaxxer.hikari.HikariDataSource - HikariPool-7 - Shutdown initiated...
2026-08-09 04:41:47.074 [SpringApplicationShutdownHook] INFO  com.zaxxer.hikari.HikariDataSource - HikariPool-7 - Shutdown completed.
2026-08-09 04:42:06.074 [Test worker] INFO  c.t.TheSystemApplicationTests - Starting TheSystemApplicationTests using Java 21.0.12 with PID 32919 (started by naga in /home/naga/Workspace/Projects/THE-SYSTEM/Backend)
2026-08-09 04:42:06.077 [Test worker] DEBUG c.t.TheSystemApplicationTests - Running with Spring Boot v3.4.5, Spring v6.2.6
2026-08-09 04:42:06.078 [Test worker] INFO  c.t.TheSystemApplicationTests - No active profile set, falling back to 1 default profile: "default"
2026-08-09 04:42:06.979 [Test worker] INFO  o.s.d.r.c.RepositoryConfigurationDelegate - Bootstrapping Spring Data JPA repositories in DEFAULT mode.
2026-08-09 04:42:07.104 [Test worker] INFO  o.s.d.r.c.RepositoryConfigurationDelegate - Finished Spring Data repository scanning in 112 ms. Found 18 JPA repository interfaces.
2026-08-09 04:42:08.869 [Test worker] INFO  o.s.o.j.p.SpringPersistenceUnitInfo - No LoadTimeWeaver setup: ignoring JPA class transformer
2026-08-09 04:42:08.904 [Test worker] INFO  com.zaxxer.hikari.HikariDataSource - HikariPool-1 - Starting...
2026-08-09 04:42:09.059 [Test worker] INFO  com.zaxxer.hikari.pool.HikariPool - HikariPool-1 - Added connection conn0: url=jdbc:h2:mem:thesystem user=SA
2026-08-09 04:42:09.062 [Test worker] INFO  com.zaxxer.hikari.HikariDataSource - HikariPool-1 - Start completed.
2026-08-09 04:42:09.087 [Test worker] WARN  org.hibernate.orm.deprecation - HHH90000025: H2Dialect does not need to be specified explicitly using 'hibernate.dialect' (remove the property setting and it will be selected by default)
2026-08-09 04:42:10.234 [Test worker] INFO  o.s.o.j.LocalContainerEntityManagerFactoryBean - Initialized JPA EntityManagerFactory for persistence unit 'default'
2026-08-09 04:42:11.176 [Test worker] INFO  o.s.d.j.r.query.QueryEnhancerFactory - Hibernate is in classpath; If applicable, HQL parser will be used.
2026-08-09 04:42:12.460 [Test worker] INFO  o.s.s.c.a.a.c.InitializeUserDetailsBeanManagerConfigurer$InitializeUserDetailsManagerConfigurer - Global AuthenticationManager configured with UserDetailsService bean with name userDetailsServiceImpl
2026-08-09 04:42:13.073 [Test worker] INFO  o.s.b.a.e.web.EndpointLinksResolver - Exposing 1 endpoint beneath base path '/actuator'
2026-08-09 04:42:14.254 [Test worker] INFO  c.t.TheSystemApplicationTests - Started TheSystemApplicationTests in 8.635 seconds (process running for 12.667)
2026-08-09 04:42:14.409 [Test worker] INFO  o.s.b.t.c.SpringBootTestContextBootstrapper - Found @SpringBootConfiguration com.thesystem.TheSystemApplication for test class com.thesystem.modules.auth.controller.AuthControllerIntegrationTest
2026-08-09 04:42:14.442 [Test worker] INFO  c.t.m.a.c.AuthControllerIntegrationTest - Starting AuthControllerIntegrationTest using Java 21.0.12 with PID 32919 (started by naga in /home/naga/Workspace/Projects/THE-SYSTEM/Backend)
2026-08-09 04:42:14.442 [Test worker] DEBUG c.t.m.a.c.AuthControllerIntegrationTest - Running with Spring Boot v3.4.5, Spring v6.2.6
2026-08-09 04:42:14.443 [Test worker] INFO  c.t.m.a.c.AuthControllerIntegrationTest - No active profile set, falling back to 1 default profile: "default"
2026-08-09 04:42:14.713 [Test worker] INFO  o.s.d.r.c.RepositoryConfigurationDelegate - Bootstrapping Spring Data JPA repositories in DEFAULT mode.
2026-08-09 04:42:14.750 [Test worker] INFO  o.s.d.r.c.RepositoryConfigurationDelegate - Finished Spring Data repository scanning in 35 ms. Found 18 JPA repository interfaces.
2026-08-09 04:42:15.208 [Test worker] INFO  o.s.o.j.p.SpringPersistenceUnitInfo - No LoadTimeWeaver setup: ignoring JPA class transformer
2026-08-09 04:42:15.209 [Test worker] INFO  com.zaxxer.hikari.HikariDataSource - HikariPool-2 - Starting...
2026-08-09 04:42:15.211 [Test worker] INFO  com.zaxxer.hikari.pool.HikariPool - HikariPool-2 - Added connection conn10: url=jdbc:h2:mem:thesystem user=SA
2026-08-09 04:42:15.212 [Test worker] INFO  com.zaxxer.hikari.HikariDataSource - HikariPool-2 - Start completed.
2026-08-09 04:42:15.213 [Test worker] WARN  org.hibernate.orm.deprecation - HHH90000025: H2Dialect does not need to be specified explicitly using 'hibernate.dialect' (remove the property setting and it will be selected by default)
2026-08-09 04:42:15.405 [Test worker] INFO  o.s.o.j.LocalContainerEntityManagerFactoryBean - Initialized JPA EntityManagerFactory for persistence unit 'default'
2026-08-09 04:42:16.225 [Test worker] INFO  o.s.s.c.a.a.c.InitializeUserDetailsBeanManagerConfigurer$InitializeUserDetailsManagerConfigurer - Global AuthenticationManager configured with UserDetailsService bean with name userDetailsServiceImpl
2026-08-09 04:42:16.489 [Test worker] INFO  o.s.b.a.e.web.EndpointLinksResolver - Exposing 1 endpoint beneath base path '/actuator'
2026-08-09 04:42:17.031 [Test worker] INFO  o.s.b.t.m.w.SpringBootMockServletContext - Initializing Spring TestDispatcherServlet ''
2026-08-09 04:42:17.032 [Test worker] INFO  o.s.t.w.s.TestDispatcherServlet - Initializing Servlet ''
2026-08-09 04:42:17.034 [Test worker] INFO  o.s.t.w.s.TestDispatcherServlet - Completed initialization in 2 ms
2026-08-09 04:42:17.075 [Test worker] INFO  c.t.m.a.c.AuthControllerIntegrationTest - Started AuthControllerIntegrationTest in 2.66 seconds (process running for 15.488)
2026-08-09 04:42:17.940 [Test worker] INFO  o.s.b.t.c.SpringBootTestContextBootstrapper - Found @SpringBootConfiguration com.thesystem.TheSystemApplication for test class com.thesystem.modules.goal.controller.GoalControllerIntegrationTest
2026-08-09 04:42:17.963 [Test worker] INFO  c.t.m.g.c.GoalControllerIntegrationTest - Starting GoalControllerIntegrationTest using Java 21.0.12 with PID 32919 (started by naga in /home/naga/Workspace/Projects/THE-SYSTEM/Backend)
2026-08-09 04:42:17.963 [Test worker] DEBUG c.t.m.g.c.GoalControllerIntegrationTest - Running with Spring Boot v3.4.5, Spring v6.2.6
2026-08-09 04:42:17.964 [Test worker] INFO  c.t.m.g.c.GoalControllerIntegrationTest - No active profile set, falling back to 1 default profile: "default"
2026-08-09 04:42:18.261 [Test worker] INFO  o.s.d.r.c.RepositoryConfigurationDelegate - Bootstrapping Spring Data JPA repositories in DEFAULT mode.
2026-08-09 04:42:18.291 [Test worker] INFO  o.s.d.r.c.RepositoryConfigurationDelegate - Finished Spring Data repository scanning in 28 ms. Found 18 JPA repository interfaces.
2026-08-09 04:42:18.677 [Test worker] INFO  o.s.o.j.p.SpringPersistenceUnitInfo - No LoadTimeWeaver setup: ignoring JPA class transformer
2026-08-09 04:42:18.678 [Test worker] INFO  com.zaxxer.hikari.HikariDataSource - HikariPool-3 - Starting...
2026-08-09 04:42:18.680 [Test worker] INFO  com.zaxxer.hikari.pool.HikariPool - HikariPool-3 - Added connection conn20: url=jdbc:h2:mem:thesystem user=SA
2026-08-09 04:42:18.680 [Test worker] INFO  com.zaxxer.hikari.HikariDataSource - HikariPool-3 - Start completed.
2026-08-09 04:42:18.681 [Test worker] WARN  org.hibernate.orm.deprecation - HHH90000025: H2Dialect does not need to be specified explicitly using 'hibernate.dialect' (remove the property setting and it will be selected by default)
2026-08-09 04:42:18.836 [Test worker] INFO  o.s.o.j.LocalContainerEntityManagerFactoryBean - Initialized JPA EntityManagerFactory for persistence unit 'default'
2026-08-09 04:42:19.501 [Test worker] INFO  o.s.s.c.a.a.c.InitializeUserDetailsBeanManagerConfigurer$InitializeUserDetailsManagerConfigurer - Global AuthenticationManager configured with UserDetailsService bean with name userDetailsServiceImpl
2026-08-09 04:42:19.743 [Test worker] INFO  o.s.b.a.e.web.EndpointLinksResolver - Exposing 1 endpoint beneath base path '/actuator'
2026-08-09 04:42:20.254 [Test worker] INFO  o.s.b.t.m.w.SpringBootMockServletContext - Initializing Spring TestDispatcherServlet ''
2026-08-09 04:42:20.255 [Test worker] INFO  o.s.t.w.s.TestDispatcherServlet - Initializing Servlet ''
2026-08-09 04:42:20.256 [Test worker] INFO  o.s.t.w.s.TestDispatcherServlet - Completed initialization in 1 ms
2026-08-09 04:42:20.290 [Test worker] INFO  c.t.m.g.c.GoalControllerIntegrationTest - Started GoalControllerIntegrationTest in 2.347 seconds (process running for 18.703)
2026-08-09 04:42:20.706 [Test worker] INFO  o.s.b.t.c.SpringBootTestContextBootstrapper - Found @SpringBootConfiguration com.thesystem.TheSystemApplication for test class com.thesystem.modules.settings.controller.SettingsControllerIntegrationTest
2026-08-09 04:42:20.727 [Test worker] INFO  c.t.m.s.c.SettingsControllerIntegrationTest - Starting SettingsControllerIntegrationTest using Java 21.0.12 with PID 32919 (started by naga in /home/naga/Workspace/Projects/THE-SYSTEM/Backend)
2026-08-09 04:42:20.727 [Test worker] DEBUG c.t.m.s.c.SettingsControllerIntegrationTest - Running with Spring Boot v3.4.5, Spring v6.2.6
2026-08-09 04:42:20.727 [Test worker] INFO  c.t.m.s.c.SettingsControllerIntegrationTest - No active profile set, falling back to 1 default profile: "default"
2026-08-09 04:42:20.917 [Test worker] INFO  o.s.d.r.c.RepositoryConfigurationDelegate - Bootstrapping Spring Data JPA repositories in DEFAULT mode.
2026-08-09 04:42:20.950 [Test worker] INFO  o.s.d.r.c.RepositoryConfigurationDelegate - Finished Spring Data repository scanning in 31 ms. Found 18 JPA repository interfaces.
2026-08-09 04:42:21.342 [Test worker] INFO  o.s.o.j.p.SpringPersistenceUnitInfo - No LoadTimeWeaver setup: ignoring JPA class transformer
2026-08-09 04:42:21.343 [Test worker] INFO  com.zaxxer.hikari.HikariDataSource - HikariPool-4 - Starting...
2026-08-09 04:42:21.345 [Test worker] INFO  com.zaxxer.hikari.pool.HikariPool - HikariPool-4 - Added connection conn30: url=jdbc:h2:mem:thesystem user=SA
2026-08-09 04:42:21.345 [Test worker] INFO  com.zaxxer.hikari.HikariDataSource - HikariPool-4 - Start completed.
2026-08-09 04:42:21.346 [Test worker] WARN  org.hibernate.orm.deprecation - HHH90000025: H2Dialect does not need to be specified explicitly using 'hibernate.dialect' (remove the property setting and it will be selected by default)
2026-08-09 04:42:21.471 [Test worker] INFO  o.s.o.j.LocalContainerEntityManagerFactoryBean - Initialized JPA EntityManagerFactory for persistence unit 'default'
2026-08-09 04:42:22.070 [Test worker] INFO  o.s.s.c.a.a.c.InitializeUserDetailsBeanManagerConfigurer$InitializeUserDetailsManagerConfigurer - Global AuthenticationManager configured with UserDetailsService bean with name userDetailsServiceImpl
2026-08-09 04:42:22.296 [Test worker] INFO  o.s.b.a.e.web.EndpointLinksResolver - Exposing 1 endpoint beneath base path '/actuator'
2026-08-09 04:42:22.722 [Test worker] INFO  o.s.b.t.m.w.SpringBootMockServletContext - Initializing Spring TestDispatcherServlet ''
2026-08-09 04:42:22.723 [Test worker] INFO  o.s.t.w.s.TestDispatcherServlet - Initializing Servlet ''
2026-08-09 04:42:22.724 [Test worker] INFO  o.s.t.w.s.TestDispatcherServlet - Completed initialization in 1 ms
2026-08-09 04:42:22.756 [Test worker] INFO  c.t.m.s.c.SettingsControllerIntegrationTest - Started SettingsControllerIntegrationTest in 2.046 seconds (process running for 21.17)
2026-08-09 04:42:23.076 [Test worker] INFO  o.s.b.t.c.SpringBootTestContextBootstrapper - Found @SpringBootConfiguration com.thesystem.TheSystemApplication for test class com.thesystem.modules.task.controller.TaskControllerIntegrationTest
2026-08-09 04:42:23.102 [Test worker] INFO  c.t.m.t.c.TaskControllerIntegrationTest - Starting TaskControllerIntegrationTest using Java 21.0.12 with PID 32919 (started by naga in /home/naga/Workspace/Projects/THE-SYSTEM/Backend)
2026-08-09 04:42:23.102 [Test worker] DEBUG c.t.m.t.c.TaskControllerIntegrationTest - Running with Spring Boot v3.4.5, Spring v6.2.6
2026-08-09 04:42:23.103 [Test worker] INFO  c.t.m.t.c.TaskControllerIntegrationTest - No active profile set, falling back to 1 default profile: "default"
2026-08-09 04:42:23.301 [Test worker] INFO  o.s.d.r.c.RepositoryConfigurationDelegate - Bootstrapping Spring Data JPA repositories in DEFAULT mode.
2026-08-09 04:42:23.329 [Test worker] INFO  o.s.d.r.c.RepositoryConfigurationDelegate - Finished Spring Data repository scanning in 26 ms. Found 18 JPA repository interfaces.
2026-08-09 04:42:23.668 [Test worker] INFO  o.s.o.j.p.SpringPersistenceUnitInfo - No LoadTimeWeaver setup: ignoring JPA class transformer
2026-08-09 04:42:23.669 [Test worker] INFO  com.zaxxer.hikari.HikariDataSource - HikariPool-5 - Starting...
2026-08-09 04:42:23.670 [Test worker] INFO  com.zaxxer.hikari.pool.HikariPool - HikariPool-5 - Added connection conn40: url=jdbc:h2:mem:thesystem user=SA
2026-08-09 04:42:23.671 [Test worker] INFO  com.zaxxer.hikari.HikariDataSource - HikariPool-5 - Start completed.
2026-08-09 04:42:23.671 [Test worker] WARN  org.hibernate.orm.deprecation - HHH90000025: H2Dialect does not need to be specified explicitly using 'hibernate.dialect' (remove the property setting and it will be selected by default)
2026-08-09 04:42:23.796 [Test worker] INFO  o.s.o.j.LocalContainerEntityManagerFactoryBean - Initialized JPA EntityManagerFactory for persistence unit 'default'
2026-08-09 04:42:24.355 [Test worker] INFO  o.s.s.c.a.a.c.InitializeUserDetailsBeanManagerConfigurer$InitializeUserDetailsManagerConfigurer - Global AuthenticationManager configured with UserDetailsService bean with name userDetailsServiceImpl
2026-08-09 04:42:24.549 [Test worker] INFO  o.s.b.a.e.web.EndpointLinksResolver - Exposing 1 endpoint beneath base path '/actuator'
2026-08-09 04:42:24.974 [Test worker] INFO  o.s.b.t.m.w.SpringBootMockServletContext - Initializing Spring TestDispatcherServlet ''
2026-08-09 04:42:24.975 [Test worker] INFO  o.s.t.w.s.TestDispatcherServlet - Initializing Servlet ''
2026-08-09 04:42:25.017 [Test worker] INFO  o.s.t.w.s.TestDispatcherServlet - Completed initialization in 1 ms
2026-08-09 04:42:25.051 [Test worker] INFO  c.t.m.t.c.TaskControllerIntegrationTest - Started TaskControllerIntegrationTest in 1.97 seconds (process running for 23.464)
2026-08-09 04:42:26.059 [Test worker] INFO  o.s.b.t.c.SpringBootTestContextBootstrapper - Found @SpringBootConfiguration com.thesystem.TheSystemApplication for test class com.thesystem.modules.user.controller.UserControllerIntegrationTest
2026-08-09 04:42:26.080 [Test worker] INFO  c.t.m.u.c.UserControllerIntegrationTest - Starting UserControllerIntegrationTest using Java 21.0.12 with PID 32919 (started by naga in /home/naga/Workspace/Projects/THE-SYSTEM/Backend)
2026-08-09 04:42:26.080 [Test worker] DEBUG c.t.m.u.c.UserControllerIntegrationTest - Running with Spring Boot v3.4.5, Spring v6.2.6
2026-08-09 04:42:26.080 [Test worker] INFO  c.t.m.u.c.UserControllerIntegrationTest - No active profile set, falling back to 1 default profile: "default"
2026-08-09 04:42:26.259 [Test worker] INFO  o.s.d.r.c.RepositoryConfigurationDelegate - Bootstrapping Spring Data JPA repositories in DEFAULT mode.
2026-08-09 04:42:26.285 [Test worker] INFO  o.s.d.r.c.RepositoryConfigurationDelegate - Finished Spring Data repository scanning in 24 ms. Found 18 JPA repository interfaces.
2026-08-09 04:42:26.572 [Test worker] INFO  o.s.o.j.p.SpringPersistenceUnitInfo - No LoadTimeWeaver setup: ignoring JPA class transformer
2026-08-09 04:42:26.573 [Test worker] INFO  com.zaxxer.hikari.HikariDataSource - HikariPool-6 - Starting...
2026-08-09 04:42:26.574 [Test worker] INFO  com.zaxxer.hikari.pool.HikariPool - HikariPool-6 - Added connection conn50: url=jdbc:h2:mem:thesystem user=SA
2026-08-09 04:42:26.575 [Test worker] INFO  com.zaxxer.hikari.HikariDataSource - HikariPool-6 - Start completed.
2026-08-09 04:42:26.575 [Test worker] WARN  org.hibernate.orm.deprecation - HHH90000025: H2Dialect does not need to be specified explicitly using 'hibernate.dialect' (remove the property setting and it will be selected by default)
2026-08-09 04:42:26.680 [Test worker] INFO  o.s.o.j.LocalContainerEntityManagerFactoryBean - Initialized JPA EntityManagerFactory for persistence unit 'default'
2026-08-09 04:42:27.193 [Test worker] INFO  o.s.s.c.a.a.c.InitializeUserDetailsBeanManagerConfigurer$InitializeUserDetailsManagerConfigurer - Global AuthenticationManager configured with UserDetailsService bean with name userDetailsServiceImpl
2026-08-09 04:42:27.390 [Test worker] INFO  o.s.b.a.e.web.EndpointLinksResolver - Exposing 1 endpoint beneath base path '/actuator'
2026-08-09 04:42:27.795 [Test worker] INFO  o.s.b.t.m.w.SpringBootMockServletContext - Initializing Spring TestDispatcherServlet ''
2026-08-09 04:42:27.795 [Test worker] INFO  o.s.t.w.s.TestDispatcherServlet - Initializing Servlet ''
2026-08-09 04:42:27.797 [Test worker] INFO  o.s.t.w.s.TestDispatcherServlet - Completed initialization in 1 ms
2026-08-09 04:42:27.837 [Test worker] INFO  c.t.m.u.c.UserControllerIntegrationTest - Started UserControllerIntegrationTest in 1.774 seconds (process running for 26.251)
2026-08-09 04:42:28.119 [Test worker] INFO  o.s.b.t.c.SpringBootTestContextBootstrapper - Found @SpringBootConfiguration com.thesystem.TheSystemApplication for test class com.thesystem.modules.xp.controller.XpControllerIntegrationTest
2026-08-09 04:42:28.138 [Test worker] INFO  c.t.m.x.c.XpControllerIntegrationTest - Starting XpControllerIntegrationTest using Java 21.0.12 with PID 32919 (started by naga in /home/naga/Workspace/Projects/THE-SYSTEM/Backend)
2026-08-09 04:42:28.139 [Test worker] DEBUG c.t.m.x.c.XpControllerIntegrationTest - Running with Spring Boot v3.4.5, Spring v6.2.6
2026-08-09 04:42:28.139 [Test worker] INFO  c.t.m.x.c.XpControllerIntegrationTest - No active profile set, falling back to 1 default profile: "default"
2026-08-09 04:42:28.320 [Test worker] INFO  o.s.d.r.c.RepositoryConfigurationDelegate - Bootstrapping Spring Data JPA repositories in DEFAULT mode.
2026-08-09 04:42:28.344 [Test worker] INFO  o.s.d.r.c.RepositoryConfigurationDelegate - Finished Spring Data repository scanning in 22 ms. Found 18 JPA repository interfaces.
2026-08-09 04:42:28.679 [Test worker] INFO  o.s.o.j.p.SpringPersistenceUnitInfo - No LoadTimeWeaver setup: ignoring JPA class transformer
2026-08-09 04:42:28.680 [Test worker] INFO  com.zaxxer.hikari.HikariDataSource - HikariPool-7 - Starting...
2026-08-09 04:42:28.681 [Test worker] INFO  com.zaxxer.hikari.pool.HikariPool - HikariPool-7 - Added connection conn60: url=jdbc:h2:mem:thesystem user=SA
2026-08-09 04:42:28.682 [Test worker] INFO  com.zaxxer.hikari.HikariDataSource - HikariPool-7 - Start completed.
2026-08-09 04:42:28.683 [Test worker] WARN  org.hibernate.orm.deprecation - HHH90000025: H2Dialect does not need to be specified explicitly using 'hibernate.dialect' (remove the property setting and it will be selected by default)
2026-08-09 04:42:28.780 [Test worker] INFO  o.s.o.j.LocalContainerEntityManagerFactoryBean - Initialized JPA EntityManagerFactory for persistence unit 'default'
2026-08-09 04:42:29.282 [Test worker] INFO  o.s.s.c.a.a.c.InitializeUserDetailsBeanManagerConfigurer$InitializeUserDetailsManagerConfigurer - Global AuthenticationManager configured with UserDetailsService bean with name userDetailsServiceImpl
2026-08-09 04:42:29.458 [Test worker] INFO  o.s.b.a.e.web.EndpointLinksResolver - Exposing 1 endpoint beneath base path '/actuator'
2026-08-09 04:42:29.816 [Test worker] INFO  o.s.b.t.m.w.SpringBootMockServletContext - Initializing Spring TestDispatcherServlet ''
2026-08-09 04:42:29.816 [Test worker] INFO  o.s.t.w.s.TestDispatcherServlet - Initializing Servlet ''
2026-08-09 04:42:29.817 [Test worker] INFO  o.s.t.w.s.TestDispatcherServlet - Completed initialization in 1 ms
2026-08-09 04:42:29.863 [Test worker] INFO  c.t.m.x.c.XpControllerIntegrationTest - Started XpControllerIntegrationTest in 1.74 seconds (process running for 28.276)
2026-08-09 04:42:30.105 [SpringApplicationShutdownHook] INFO  o.s.o.j.LocalContainerEntityManagerFactoryBean - Closing JPA EntityManagerFactory for persistence unit 'default'
2026-08-09 04:42:30.108 [SpringApplicationShutdownHook] INFO  com.zaxxer.hikari.HikariDataSource - HikariPool-1 - Shutdown initiated...
2026-08-09 04:42:30.110 [SpringApplicationShutdownHook] INFO  com.zaxxer.hikari.HikariDataSource - HikariPool-1 - Shutdown completed.
2026-08-09 04:42:30.115 [SpringApplicationShutdownHook] INFO  o.s.o.j.LocalContainerEntityManagerFactoryBean - Closing JPA EntityManagerFactory for persistence unit 'default'
2026-08-09 04:42:30.116 [SpringApplicationShutdownHook] INFO  com.zaxxer.hikari.HikariDataSource - HikariPool-2 - Shutdown initiated...
2026-08-09 04:42:30.117 [SpringApplicationShutdownHook] INFO  com.zaxxer.hikari.HikariDataSource - HikariPool-2 - Shutdown completed.
2026-08-09 04:42:30.122 [SpringApplicationShutdownHook] INFO  o.s.o.j.LocalContainerEntityManagerFactoryBean - Closing JPA EntityManagerFactory for persistence unit 'default'
2026-08-09 04:42:30.123 [SpringApplicationShutdownHook] INFO  com.zaxxer.hikari.HikariDataSource - HikariPool-3 - Shutdown initiated...
2026-08-09 04:42:30.123 [SpringApplicationShutdownHook] INFO  com.zaxxer.hikari.HikariDataSource - HikariPool-3 - Shutdown completed.
2026-08-09 04:42:30.127 [SpringApplicationShutdownHook] INFO  o.s.o.j.LocalContainerEntityManagerFactoryBean - Closing JPA EntityManagerFactory for persistence unit 'default'
2026-08-09 04:42:30.128 [SpringApplicationShutdownHook] INFO  com.zaxxer.hikari.HikariDataSource - HikariPool-4 - Shutdown initiated...
2026-08-09 04:42:30.129 [SpringApplicationShutdownHook] INFO  com.zaxxer.hikari.HikariDataSource - HikariPool-4 - Shutdown completed.
2026-08-09 04:42:30.132 [SpringApplicationShutdownHook] INFO  o.s.o.j.LocalContainerEntityManagerFactoryBean - Closing JPA EntityManagerFactory for persistence unit 'default'
2026-08-09 04:42:30.133 [SpringApplicationShutdownHook] INFO  com.zaxxer.hikari.HikariDataSource - HikariPool-5 - Shutdown initiated...
2026-08-09 04:42:30.134 [SpringApplicationShutdownHook] INFO  com.zaxxer.hikari.HikariDataSource - HikariPool-5 - Shutdown completed.
2026-08-09 04:42:30.138 [SpringApplicationShutdownHook] INFO  o.s.o.j.LocalContainerEntityManagerFactoryBean - Closing JPA EntityManagerFactory for persistence unit 'default'
2026-08-09 04:42:30.139 [SpringApplicationShutdownHook] INFO  com.zaxxer.hikari.HikariDataSource - HikariPool-6 - Shutdown initiated...
2026-08-09 04:42:30.140 [SpringApplicationShutdownHook] INFO  com.zaxxer.hikari.HikariDataSource - HikariPool-6 - Shutdown completed.
2026-08-09 04:42:30.152 [SpringApplicationShutdownHook] INFO  o.s.o.j.LocalContainerEntityManagerFactoryBean - Closing JPA EntityManagerFactory for persistence unit 'default'
2026-08-09 04:42:30.153 [SpringApplicationShutdownHook] INFO  com.zaxxer.hikari.HikariDataSource - HikariPool-7 - Shutdown initiated...
2026-08-09 04:42:30.155 [SpringApplicationShutdownHook] INFO  com.zaxxer.hikari.HikariDataSource - HikariPool-7 - Shutdown completed.
2026-08-09 04:44:31.973 [Test worker] INFO  c.t.TheSystemApplicationTests - Starting TheSystemApplicationTests using Java 21.0.12 with PID 33736 (started by naga in /home/naga/Workspace/Projects/THE-SYSTEM/Backend)
2026-08-09 04:44:31.974 [Test worker] DEBUG c.t.TheSystemApplicationTests - Running with Spring Boot v3.4.5, Spring v6.2.6
2026-08-09 04:44:31.975 [Test worker] INFO  c.t.TheSystemApplicationTests - No active profile set, falling back to 1 default profile: "default"
2026-08-09 04:44:32.927 [Test worker] INFO  o.s.d.r.c.RepositoryConfigurationDelegate - Bootstrapping Spring Data JPA repositories in DEFAULT mode.
2026-08-09 04:44:33.051 [Test worker] INFO  o.s.d.r.c.RepositoryConfigurationDelegate - Finished Spring Data repository scanning in 111 ms. Found 18 JPA repository interfaces.
2026-08-09 04:44:34.821 [Test worker] INFO  o.s.o.j.p.SpringPersistenceUnitInfo - No LoadTimeWeaver setup: ignoring JPA class transformer
2026-08-09 04:44:34.857 [Test worker] INFO  com.zaxxer.hikari.HikariDataSource - HikariPool-1 - Starting...
2026-08-09 04:44:35.044 [Test worker] INFO  com.zaxxer.hikari.pool.HikariPool - HikariPool-1 - Added connection conn0: url=jdbc:h2:mem:thesystem user=SA
2026-08-09 04:44:35.046 [Test worker] INFO  com.zaxxer.hikari.HikariDataSource - HikariPool-1 - Start completed.
2026-08-09 04:44:35.074 [Test worker] WARN  org.hibernate.orm.deprecation - HHH90000025: H2Dialect does not need to be specified explicitly using 'hibernate.dialect' (remove the property setting and it will be selected by default)
2026-08-09 04:44:36.321 [Test worker] INFO  o.s.o.j.LocalContainerEntityManagerFactoryBean - Initialized JPA EntityManagerFactory for persistence unit 'default'
2026-08-09 04:44:37.405 [Test worker] INFO  o.s.d.j.r.query.QueryEnhancerFactory - Hibernate is in classpath; If applicable, HQL parser will be used.
2026-08-09 04:44:38.815 [Test worker] INFO  o.s.s.c.a.a.c.InitializeUserDetailsBeanManagerConfigurer$InitializeUserDetailsManagerConfigurer - Global AuthenticationManager configured with UserDetailsService bean with name userDetailsServiceImpl
2026-08-09 04:44:39.446 [Test worker] INFO  o.s.b.a.e.web.EndpointLinksResolver - Exposing 1 endpoint beneath base path '/actuator'
2026-08-09 04:44:40.559 [Test worker] INFO  c.t.TheSystemApplicationTests - Started TheSystemApplicationTests in 9.072 seconds (process running for 13.443)
2026-08-09 04:44:40.714 [Test worker] INFO  o.s.b.t.c.SpringBootTestContextBootstrapper - Found @SpringBootConfiguration com.thesystem.TheSystemApplication for test class com.thesystem.modules.auth.controller.AuthControllerIntegrationTest
2026-08-09 04:44:40.748 [Test worker] INFO  c.t.m.a.c.AuthControllerIntegrationTest - Starting AuthControllerIntegrationTest using Java 21.0.12 with PID 33736 (started by naga in /home/naga/Workspace/Projects/THE-SYSTEM/Backend)
2026-08-09 04:44:40.749 [Test worker] DEBUG c.t.m.a.c.AuthControllerIntegrationTest - Running with Spring Boot v3.4.5, Spring v6.2.6
2026-08-09 04:44:40.749 [Test worker] INFO  c.t.m.a.c.AuthControllerIntegrationTest - No active profile set, falling back to 1 default profile: "default"
2026-08-09 04:44:41.017 [Test worker] INFO  o.s.d.r.c.RepositoryConfigurationDelegate - Bootstrapping Spring Data JPA repositories in DEFAULT mode.
2026-08-09 04:44:41.050 [Test worker] INFO  o.s.d.r.c.RepositoryConfigurationDelegate - Finished Spring Data repository scanning in 31 ms. Found 18 JPA repository interfaces.
2026-08-09 04:44:41.537 [Test worker] INFO  o.s.o.j.p.SpringPersistenceUnitInfo - No LoadTimeWeaver setup: ignoring JPA class transformer
2026-08-09 04:44:41.539 [Test worker] INFO  com.zaxxer.hikari.HikariDataSource - HikariPool-2 - Starting...
2026-08-09 04:44:41.545 [Test worker] INFO  com.zaxxer.hikari.pool.HikariPool - HikariPool-2 - Added connection conn10: url=jdbc:h2:mem:thesystem user=SA
2026-08-09 04:44:41.546 [Test worker] INFO  com.zaxxer.hikari.HikariDataSource - HikariPool-2 - Start completed.
2026-08-09 04:44:41.547 [Test worker] WARN  org.hibernate.orm.deprecation - HHH90000025: H2Dialect does not need to be specified explicitly using 'hibernate.dialect' (remove the property setting and it will be selected by default)
2026-08-09 04:44:41.750 [Test worker] INFO  o.s.o.j.LocalContainerEntityManagerFactoryBean - Initialized JPA EntityManagerFactory for persistence unit 'default'
2026-08-09 04:44:42.502 [Test worker] INFO  o.s.s.c.a.a.c.InitializeUserDetailsBeanManagerConfigurer$InitializeUserDetailsManagerConfigurer - Global AuthenticationManager configured with UserDetailsService bean with name userDetailsServiceImpl
2026-08-09 04:44:42.774 [Test worker] INFO  o.s.b.a.e.web.EndpointLinksResolver - Exposing 1 endpoint beneath base path '/actuator'
2026-08-09 04:44:43.298 [Test worker] INFO  o.s.b.t.m.w.SpringBootMockServletContext - Initializing Spring TestDispatcherServlet ''
2026-08-09 04:44:43.299 [Test worker] INFO  o.s.t.w.s.TestDispatcherServlet - Initializing Servlet ''
2026-08-09 04:44:43.301 [Test worker] INFO  o.s.t.w.s.TestDispatcherServlet - Completed initialization in 2 ms
2026-08-09 04:44:43.340 [Test worker] INFO  c.t.m.a.c.AuthControllerIntegrationTest - Started AuthControllerIntegrationTest in 2.622 seconds (process running for 16.224)
2026-08-09 04:44:44.259 [Test worker] INFO  o.s.b.t.c.SpringBootTestContextBootstrapper - Found @SpringBootConfiguration com.thesystem.TheSystemApplication for test class com.thesystem.modules.goal.controller.GoalControllerIntegrationTest
2026-08-09 04:44:44.285 [Test worker] INFO  c.t.m.g.c.GoalControllerIntegrationTest - Starting GoalControllerIntegrationTest using Java 21.0.12 with PID 33736 (started by naga in /home/naga/Workspace/Projects/THE-SYSTEM/Backend)
2026-08-09 04:44:44.285 [Test worker] DEBUG c.t.m.g.c.GoalControllerIntegrationTest - Running with Spring Boot v3.4.5, Spring v6.2.6
2026-08-09 04:44:44.286 [Test worker] INFO  c.t.m.g.c.GoalControllerIntegrationTest - No active profile set, falling back to 1 default profile: "default"
2026-08-09 04:44:44.548 [Test worker] INFO  o.s.d.r.c.RepositoryConfigurationDelegate - Bootstrapping Spring Data JPA repositories in DEFAULT mode.
2026-08-09 04:44:44.580 [Test worker] INFO  o.s.d.r.c.RepositoryConfigurationDelegate - Finished Spring Data repository scanning in 30 ms. Found 18 JPA repository interfaces.
2026-08-09 04:44:44.942 [Test worker] INFO  o.s.o.j.p.SpringPersistenceUnitInfo - No LoadTimeWeaver setup: ignoring JPA class transformer
2026-08-09 04:44:44.943 [Test worker] INFO  com.zaxxer.hikari.HikariDataSource - HikariPool-3 - Starting...
2026-08-09 04:44:44.944 [Test worker] INFO  com.zaxxer.hikari.pool.HikariPool - HikariPool-3 - Added connection conn20: url=jdbc:h2:mem:thesystem user=SA
2026-08-09 04:44:44.945 [Test worker] INFO  com.zaxxer.hikari.HikariDataSource - HikariPool-3 - Start completed.
2026-08-09 04:44:44.946 [Test worker] WARN  org.hibernate.orm.deprecation - HHH90000025: H2Dialect does not need to be specified explicitly using 'hibernate.dialect' (remove the property setting and it will be selected by default)
2026-08-09 04:44:45.085 [Test worker] INFO  o.s.o.j.LocalContainerEntityManagerFactoryBean - Initialized JPA EntityManagerFactory for persistence unit 'default'
2026-08-09 04:44:45.697 [Test worker] INFO  o.s.s.c.a.a.c.InitializeUserDetailsBeanManagerConfigurer$InitializeUserDetailsManagerConfigurer - Global AuthenticationManager configured with UserDetailsService bean with name userDetailsServiceImpl
2026-08-09 04:44:45.911 [Test worker] INFO  o.s.b.a.e.web.EndpointLinksResolver - Exposing 1 endpoint beneath base path '/actuator'
2026-08-09 04:44:46.352 [Test worker] INFO  o.s.b.t.m.w.SpringBootMockServletContext - Initializing Spring TestDispatcherServlet ''
2026-08-09 04:44:46.352 [Test worker] INFO  o.s.t.w.s.TestDispatcherServlet - Initializing Servlet ''
2026-08-09 04:44:46.354 [Test worker] INFO  o.s.t.w.s.TestDispatcherServlet - Completed initialization in 2 ms
2026-08-09 04:44:46.385 [Test worker] INFO  c.t.m.g.c.GoalControllerIntegrationTest - Started GoalControllerIntegrationTest in 2.122 seconds (process running for 19.269)
2026-08-09 04:44:46.794 [Test worker] INFO  o.s.b.t.c.SpringBootTestContextBootstrapper - Found @SpringBootConfiguration com.thesystem.TheSystemApplication for test class com.thesystem.modules.settings.controller.SettingsControllerIntegrationTest
2026-08-09 04:44:46.814 [Test worker] INFO  c.t.m.s.c.SettingsControllerIntegrationTest - Starting SettingsControllerIntegrationTest using Java 21.0.12 with PID 33736 (started by naga in /home/naga/Workspace/Projects/THE-SYSTEM/Backend)
2026-08-09 04:44:46.815 [Test worker] DEBUG c.t.m.s.c.SettingsControllerIntegrationTest - Running with Spring Boot v3.4.5, Spring v6.2.6
2026-08-09 04:44:46.815 [Test worker] INFO  c.t.m.s.c.SettingsControllerIntegrationTest - No active profile set, falling back to 1 default profile: "default"
2026-08-09 04:44:47.009 [Test worker] INFO  o.s.d.r.c.RepositoryConfigurationDelegate - Bootstrapping Spring Data JPA repositories in DEFAULT mode.
2026-08-09 04:44:47.034 [Test worker] INFO  o.s.d.r.c.RepositoryConfigurationDelegate - Finished Spring Data repository scanning in 23 ms. Found 18 JPA repository interfaces.
2026-08-09 04:44:47.396 [Test worker] INFO  o.s.o.j.p.SpringPersistenceUnitInfo - No LoadTimeWeaver setup: ignoring JPA class transformer
2026-08-09 04:44:47.398 [Test worker] INFO  com.zaxxer.hikari.HikariDataSource - HikariPool-4 - Starting...
2026-08-09 04:44:47.399 [Test worker] INFO  com.zaxxer.hikari.pool.HikariPool - HikariPool-4 - Added connection conn30: url=jdbc:h2:mem:thesystem user=SA
2026-08-09 04:44:47.400 [Test worker] INFO  com.zaxxer.hikari.HikariDataSource - HikariPool-4 - Start completed.
2026-08-09 04:44:47.400 [Test worker] WARN  org.hibernate.orm.deprecation - HHH90000025: H2Dialect does not need to be specified explicitly using 'hibernate.dialect' (remove the property setting and it will be selected by default)
2026-08-09 04:44:47.526 [Test worker] INFO  o.s.o.j.LocalContainerEntityManagerFactoryBean - Initialized JPA EntityManagerFactory for persistence unit 'default'
2026-08-09 04:44:48.089 [Test worker] INFO  o.s.s.c.a.a.c.InitializeUserDetailsBeanManagerConfigurer$InitializeUserDetailsManagerConfigurer - Global AuthenticationManager configured with UserDetailsService bean with name userDetailsServiceImpl
2026-08-09 04:44:48.303 [Test worker] INFO  o.s.b.a.e.web.EndpointLinksResolver - Exposing 1 endpoint beneath base path '/actuator'
2026-08-09 04:44:48.682 [Test worker] INFO  o.s.b.t.m.w.SpringBootMockServletContext - Initializing Spring TestDispatcherServlet ''
2026-08-09 04:44:48.682 [Test worker] INFO  o.s.t.w.s.TestDispatcherServlet - Initializing Servlet ''
2026-08-09 04:44:48.683 [Test worker] INFO  o.s.t.w.s.TestDispatcherServlet - Completed initialization in 1 ms
2026-08-09 04:44:48.723 [Test worker] INFO  c.t.m.s.c.SettingsControllerIntegrationTest - Started SettingsControllerIntegrationTest in 1.926 seconds (process running for 21.607)
2026-08-09 04:44:49.007 [Test worker] INFO  o.s.b.t.c.SpringBootTestContextBootstrapper - Found @SpringBootConfiguration com.thesystem.TheSystemApplication for test class com.thesystem.modules.task.controller.TaskControllerIntegrationTest
2026-08-09 04:44:49.034 [Test worker] INFO  c.t.m.t.c.TaskControllerIntegrationTest - Starting TaskControllerIntegrationTest using Java 21.0.12 with PID 33736 (started by naga in /home/naga/Workspace/Projects/THE-SYSTEM/Backend)
2026-08-09 04:44:49.035 [Test worker] DEBUG c.t.m.t.c.TaskControllerIntegrationTest - Running with Spring Boot v3.4.5, Spring v6.2.6
2026-08-09 04:44:49.035 [Test worker] INFO  c.t.m.t.c.TaskControllerIntegrationTest - No active profile set, falling back to 1 default profile: "default"
2026-08-09 04:44:49.257 [Test worker] INFO  o.s.d.r.c.RepositoryConfigurationDelegate - Bootstrapping Spring Data JPA repositories in DEFAULT mode.
2026-08-09 04:44:49.283 [Test worker] INFO  o.s.d.r.c.RepositoryConfigurationDelegate - Finished Spring Data repository scanning in 24 ms. Found 18 JPA repository interfaces.
2026-08-09 04:44:49.608 [Test worker] INFO  o.s.o.j.p.SpringPersistenceUnitInfo - No LoadTimeWeaver setup: ignoring JPA class transformer
2026-08-09 04:44:49.609 [Test worker] INFO  com.zaxxer.hikari.HikariDataSource - HikariPool-5 - Starting...
2026-08-09 04:44:49.611 [Test worker] INFO  com.zaxxer.hikari.pool.HikariPool - HikariPool-5 - Added connection conn40: url=jdbc:h2:mem:thesystem user=SA
2026-08-09 04:44:49.612 [Test worker] INFO  com.zaxxer.hikari.HikariDataSource - HikariPool-5 - Start completed.
2026-08-09 04:44:49.613 [Test worker] WARN  org.hibernate.orm.deprecation - HHH90000025: H2Dialect does not need to be specified explicitly using 'hibernate.dialect' (remove the property setting and it will be selected by default)
2026-08-09 04:44:49.760 [Test worker] INFO  o.s.o.j.LocalContainerEntityManagerFactoryBean - Initialized JPA EntityManagerFactory for persistence unit 'default'
2026-08-09 04:44:50.292 [Test worker] INFO  o.s.s.c.a.a.c.InitializeUserDetailsBeanManagerConfigurer$InitializeUserDetailsManagerConfigurer - Global AuthenticationManager configured with UserDetailsService bean with name userDetailsServiceImpl
2026-08-09 04:44:50.476 [Test worker] INFO  o.s.b.a.e.web.EndpointLinksResolver - Exposing 1 endpoint beneath base path '/actuator'
2026-08-09 04:44:50.812 [Test worker] INFO  o.s.b.t.m.w.SpringBootMockServletContext - Initializing Spring TestDispatcherServlet ''
2026-08-09 04:44:50.813 [Test worker] INFO  o.s.t.w.s.TestDispatcherServlet - Initializing Servlet ''
2026-08-09 04:44:50.815 [Test worker] INFO  o.s.t.w.s.TestDispatcherServlet - Completed initialization in 1 ms
2026-08-09 04:44:50.836 [Test worker] INFO  c.t.m.t.c.TaskControllerIntegrationTest - Started TaskControllerIntegrationTest in 1.825 seconds (process running for 23.72)
2026-08-09 04:44:51.942 [Test worker] INFO  o.s.b.t.c.SpringBootTestContextBootstrapper - Found @SpringBootConfiguration com.thesystem.TheSystemApplication for test class com.thesystem.modules.user.controller.UserControllerIntegrationTest
2026-08-09 04:44:51.962 [Test worker] INFO  c.t.m.u.c.UserControllerIntegrationTest - Starting UserControllerIntegrationTest using Java 21.0.12 with PID 33736 (started by naga in /home/naga/Workspace/Projects/THE-SYSTEM/Backend)
2026-08-09 04:44:51.963 [Test worker] DEBUG c.t.m.u.c.UserControllerIntegrationTest - Running with Spring Boot v3.4.5, Spring v6.2.6
2026-08-09 04:44:51.963 [Test worker] INFO  c.t.m.u.c.UserControllerIntegrationTest - No active profile set, falling back to 1 default profile: "default"
2026-08-09 04:44:52.147 [Test worker] INFO  o.s.d.r.c.RepositoryConfigurationDelegate - Bootstrapping Spring Data JPA repositories in DEFAULT mode.
2026-08-09 04:44:52.170 [Test worker] INFO  o.s.d.r.c.RepositoryConfigurationDelegate - Finished Spring Data repository scanning in 21 ms. Found 18 JPA repository interfaces.
2026-08-09 04:44:52.512 [Test worker] INFO  o.s.o.j.p.SpringPersistenceUnitInfo - No LoadTimeWeaver setup: ignoring JPA class transformer
2026-08-09 04:44:52.513 [Test worker] INFO  com.zaxxer.hikari.HikariDataSource - HikariPool-6 - Starting...
2026-08-09 04:44:52.515 [Test worker] INFO  com.zaxxer.hikari.pool.HikariPool - HikariPool-6 - Added connection conn50: url=jdbc:h2:mem:thesystem user=SA
2026-08-09 04:44:52.516 [Test worker] INFO  com.zaxxer.hikari.HikariDataSource - HikariPool-6 - Start completed.
2026-08-09 04:44:52.516 [Test worker] WARN  org.hibernate.orm.deprecation - HHH90000025: H2Dialect does not need to be specified explicitly using 'hibernate.dialect' (remove the property setting and it will be selected by default)
2026-08-09 04:44:52.628 [Test worker] INFO  o.s.o.j.LocalContainerEntityManagerFactoryBean - Initialized JPA EntityManagerFactory for persistence unit 'default'
2026-08-09 04:44:53.131 [Test worker] INFO  o.s.s.c.a.a.c.InitializeUserDetailsBeanManagerConfigurer$InitializeUserDetailsManagerConfigurer - Global AuthenticationManager configured with UserDetailsService bean with name userDetailsServiceImpl
2026-08-09 04:44:53.294 [Test worker] INFO  o.s.b.a.e.web.EndpointLinksResolver - Exposing 1 endpoint beneath base path '/actuator'
2026-08-09 04:44:53.665 [Test worker] INFO  o.s.b.t.m.w.SpringBootMockServletContext - Initializing Spring TestDispatcherServlet ''
2026-08-09 04:44:53.666 [Test worker] INFO  o.s.t.w.s.TestDispatcherServlet - Initializing Servlet ''
2026-08-09 04:44:53.667 [Test worker] INFO  o.s.t.w.s.TestDispatcherServlet - Completed initialization in 1 ms
2026-08-09 04:44:53.695 [Test worker] INFO  c.t.m.u.c.UserControllerIntegrationTest - Started UserControllerIntegrationTest in 1.749 seconds (process running for 26.579)
2026-08-09 04:44:53.960 [Test worker] INFO  o.s.b.t.c.SpringBootTestContextBootstrapper - Found @SpringBootConfiguration com.thesystem.TheSystemApplication for test class com.thesystem.modules.xp.controller.XpControllerIntegrationTest
2026-08-09 04:44:53.979 [Test worker] INFO  c.t.m.x.c.XpControllerIntegrationTest - Starting XpControllerIntegrationTest using Java 21.0.12 with PID 33736 (started by naga in /home/naga/Workspace/Projects/THE-SYSTEM/Backend)
2026-08-09 04:44:53.979 [Test worker] DEBUG c.t.m.x.c.XpControllerIntegrationTest - Running with Spring Boot v3.4.5, Spring v6.2.6
2026-08-09 04:44:53.979 [Test worker] INFO  c.t.m.x.c.XpControllerIntegrationTest - No active profile set, falling back to 1 default profile: "default"
2026-08-09 04:44:54.141 [Test worker] INFO  o.s.d.r.c.RepositoryConfigurationDelegate - Bootstrapping Spring Data JPA repositories in DEFAULT mode.
2026-08-09 04:44:54.163 [Test worker] INFO  o.s.d.r.c.RepositoryConfigurationDelegate - Finished Spring Data repository scanning in 20 ms. Found 18 JPA repository interfaces.
2026-08-09 04:44:54.476 [Test worker] INFO  o.s.o.j.p.SpringPersistenceUnitInfo - No LoadTimeWeaver setup: ignoring JPA class transformer
2026-08-09 04:44:54.477 [Test worker] INFO  com.zaxxer.hikari.HikariDataSource - HikariPool-7 - Starting...
2026-08-09 04:44:54.479 [Test worker] INFO  com.zaxxer.hikari.pool.HikariPool - HikariPool-7 - Added connection conn60: url=jdbc:h2:mem:thesystem user=SA
2026-08-09 04:44:54.479 [Test worker] INFO  com.zaxxer.hikari.HikariDataSource - HikariPool-7 - Start completed.
2026-08-09 04:44:54.480 [Test worker] WARN  org.hibernate.orm.deprecation - HHH90000025: H2Dialect does not need to be specified explicitly using 'hibernate.dialect' (remove the property setting and it will be selected by default)
2026-08-09 04:44:54.598 [Test worker] INFO  o.s.o.j.LocalContainerEntityManagerFactoryBean - Initialized JPA EntityManagerFactory for persistence unit 'default'
2026-08-09 04:44:55.017 [Test worker] INFO  o.s.s.c.a.a.c.InitializeUserDetailsBeanManagerConfigurer$InitializeUserDetailsManagerConfigurer - Global AuthenticationManager configured with UserDetailsService bean with name userDetailsServiceImpl
2026-08-09 04:44:55.184 [Test worker] INFO  o.s.b.a.e.web.EndpointLinksResolver - Exposing 1 endpoint beneath base path '/actuator'
2026-08-09 04:44:55.459 [Test worker] INFO  o.s.b.t.m.w.SpringBootMockServletContext - Initializing Spring TestDispatcherServlet ''
2026-08-09 04:44:55.459 [Test worker] INFO  o.s.t.w.s.TestDispatcherServlet - Initializing Servlet ''
2026-08-09 04:44:55.460 [Test worker] INFO  o.s.t.w.s.TestDispatcherServlet - Completed initialization in 1 ms
2026-08-09 04:44:55.483 [Test worker] INFO  c.t.m.x.c.XpControllerIntegrationTest - Started XpControllerIntegrationTest in 1.519 seconds (process running for 28.367)
2026-08-09 04:44:55.671 [SpringApplicationShutdownHook] INFO  o.s.o.j.LocalContainerEntityManagerFactoryBean - Closing JPA EntityManagerFactory for persistence unit 'default'
2026-08-09 04:44:55.673 [SpringApplicationShutdownHook] INFO  com.zaxxer.hikari.HikariDataSource - HikariPool-1 - Shutdown initiated...
2026-08-09 04:44:55.675 [SpringApplicationShutdownHook] INFO  com.zaxxer.hikari.HikariDataSource - HikariPool-1 - Shutdown completed.
2026-08-09 04:44:55.680 [SpringApplicationShutdownHook] INFO  o.s.o.j.LocalContainerEntityManagerFactoryBean - Closing JPA EntityManagerFactory for persistence unit 'default'
2026-08-09 04:44:55.680 [SpringApplicationShutdownHook] INFO  com.zaxxer.hikari.HikariDataSource - HikariPool-2 - Shutdown initiated...
2026-08-09 04:44:55.681 [SpringApplicationShutdownHook] INFO  com.zaxxer.hikari.HikariDataSource - HikariPool-2 - Shutdown completed.
2026-08-09 04:44:55.684 [SpringApplicationShutdownHook] INFO  o.s.o.j.LocalContainerEntityManagerFactoryBean - Closing JPA EntityManagerFactory for persistence unit 'default'
2026-08-09 04:44:55.684 [SpringApplicationShutdownHook] INFO  com.zaxxer.hikari.HikariDataSource - HikariPool-3 - Shutdown initiated...
2026-08-09 04:44:55.685 [SpringApplicationShutdownHook] INFO  com.zaxxer.hikari.HikariDataSource - HikariPool-3 - Shutdown completed.
2026-08-09 04:44:55.688 [SpringApplicationShutdownHook] INFO  o.s.o.j.LocalContainerEntityManagerFactoryBean - Closing JPA EntityManagerFactory for persistence unit 'default'
2026-08-09 04:44:55.689 [SpringApplicationShutdownHook] INFO  com.zaxxer.hikari.HikariDataSource - HikariPool-4 - Shutdown initiated...
2026-08-09 04:44:55.695 [SpringApplicationShutdownHook] INFO  com.zaxxer.hikari.HikariDataSource - HikariPool-4 - Shutdown completed.
2026-08-09 04:44:55.700 [SpringApplicationShutdownHook] INFO  o.s.o.j.LocalContainerEntityManagerFactoryBean - Closing JPA EntityManagerFactory for persistence unit 'default'
2026-08-09 04:44:55.701 [SpringApplicationShutdownHook] INFO  com.zaxxer.hikari.HikariDataSource - HikariPool-5 - Shutdown initiated...
2026-08-09 04:44:55.702 [SpringApplicationShutdownHook] INFO  com.zaxxer.hikari.HikariDataSource - HikariPool-5 - Shutdown completed.
2026-08-09 04:44:55.706 [SpringApplicationShutdownHook] INFO  o.s.o.j.LocalContainerEntityManagerFactoryBean - Closing JPA EntityManagerFactory for persistence unit 'default'
2026-08-09 04:44:55.707 [SpringApplicationShutdownHook] INFO  com.zaxxer.hikari.HikariDataSource - HikariPool-6 - Shutdown initiated...
2026-08-09 04:44:55.707 [SpringApplicationShutdownHook] INFO  com.zaxxer.hikari.HikariDataSource - HikariPool-6 - Shutdown completed.
2026-08-09 04:44:55.712 [SpringApplicationShutdownHook] INFO  o.s.o.j.LocalContainerEntityManagerFactoryBean - Closing JPA EntityManagerFactory for persistence unit 'default'
2026-08-09 04:44:55.712 [SpringApplicationShutdownHook] INFO  com.zaxxer.hikari.HikariDataSource - HikariPool-7 - Shutdown initiated...
2026-08-09 04:44:55.714 [SpringApplicationShutdownHook] INFO  com.zaxxer.hikari.HikariDataSource - HikariPool-7 - Shutdown completed.
2026-08-09 05:03:04.444 [Test worker] INFO  c.t.TheSystemApplicationTests - Starting TheSystemApplicationTests using Java 21.0.12 with PID 40452 (started by naga in /home/naga/Workspace/Projects/THE-SYSTEM/Backend)
2026-08-09 05:03:04.446 [Test worker] DEBUG c.t.TheSystemApplicationTests - Running with Spring Boot v3.4.5, Spring v6.2.6
2026-08-09 05:03:04.447 [Test worker] INFO  c.t.TheSystemApplicationTests - No active profile set, falling back to 1 default profile: "default"
2026-08-09 05:03:05.570 [Test worker] INFO  o.s.d.r.c.RepositoryConfigurationDelegate - Bootstrapping Spring Data JPA repositories in DEFAULT mode.
2026-08-09 05:03:05.738 [Test worker] INFO  o.s.d.r.c.RepositoryConfigurationDelegate - Finished Spring Data repository scanning in 151 ms. Found 18 JPA repository interfaces.
2026-08-09 05:03:07.881 [Test worker] INFO  o.s.o.j.p.SpringPersistenceUnitInfo - No LoadTimeWeaver setup: ignoring JPA class transformer
2026-08-09 05:03:07.918 [Test worker] INFO  com.zaxxer.hikari.HikariDataSource - HikariPool-1 - Starting...
2026-08-09 05:03:08.102 [Test worker] INFO  com.zaxxer.hikari.pool.HikariPool - HikariPool-1 - Added connection conn0: url=jdbc:h2:mem:thesystem user=SA
2026-08-09 05:03:08.104 [Test worker] INFO  com.zaxxer.hikari.HikariDataSource - HikariPool-1 - Start completed.
2026-08-09 05:03:08.127 [Test worker] WARN  org.hibernate.orm.deprecation - HHH90000025: H2Dialect does not need to be specified explicitly using 'hibernate.dialect' (remove the property setting and it will be selected by default)
2026-08-09 05:03:09.586 [Test worker] INFO  o.s.o.j.LocalContainerEntityManagerFactoryBean - Initialized JPA EntityManagerFactory for persistence unit 'default'
2026-08-09 05:03:10.745 [Test worker] INFO  o.s.d.j.r.query.QueryEnhancerFactory - Hibernate is in classpath; If applicable, HQL parser will be used.
2026-08-09 05:03:12.411 [Test worker] INFO  o.s.s.c.a.a.c.InitializeUserDetailsBeanManagerConfigurer$InitializeUserDetailsManagerConfigurer - Global AuthenticationManager configured with UserDetailsService bean with name userDetailsServiceImpl
2026-08-09 05:03:13.122 [Test worker] INFO  o.s.b.a.e.web.EndpointLinksResolver - Exposing 1 endpoint beneath base path '/actuator'
2026-08-09 05:03:14.430 [Test worker] INFO  c.t.TheSystemApplicationTests - Started TheSystemApplicationTests in 10.518 seconds (process running for 12.117)
2026-08-09 05:03:15.122 [Test worker] INFO  o.s.b.t.c.SpringBootTestContextBootstrapper - Found @SpringBootConfiguration com.thesystem.TheSystemApplication for test class com.thesystem.modules.auth.controller.AuthControllerIntegrationTest
2026-08-09 05:03:15.162 [Test worker] INFO  c.t.m.a.c.AuthControllerIntegrationTest - Starting AuthControllerIntegrationTest using Java 21.0.12 with PID 40452 (started by naga in /home/naga/Workspace/Projects/THE-SYSTEM/Backend)
2026-08-09 05:03:15.163 [Test worker] DEBUG c.t.m.a.c.AuthControllerIntegrationTest - Running with Spring Boot v3.4.5, Spring v6.2.6
2026-08-09 05:03:15.163 [Test worker] INFO  c.t.m.a.c.AuthControllerIntegrationTest - No active profile set, falling back to 1 default profile: "default"
2026-08-09 05:03:15.481 [Test worker] INFO  o.s.d.r.c.RepositoryConfigurationDelegate - Bootstrapping Spring Data JPA repositories in DEFAULT mode.
2026-08-09 05:03:15.538 [Test worker] INFO  o.s.d.r.c.RepositoryConfigurationDelegate - Finished Spring Data repository scanning in 55 ms. Found 18 JPA repository interfaces.
2026-08-09 05:03:16.690 [Test worker] INFO  o.s.o.j.p.SpringPersistenceUnitInfo - No LoadTimeWeaver setup: ignoring JPA class transformer
2026-08-09 05:03:16.693 [Test worker] INFO  com.zaxxer.hikari.HikariDataSource - HikariPool-2 - Starting...
2026-08-09 05:03:16.695 [Test worker] INFO  com.zaxxer.hikari.pool.HikariPool - HikariPool-2 - Added connection conn10: url=jdbc:h2:mem:thesystem user=SA
2026-08-09 05:03:16.696 [Test worker] INFO  com.zaxxer.hikari.HikariDataSource - HikariPool-2 - Start completed.
2026-08-09 05:03:16.698 [Test worker] WARN  org.hibernate.orm.deprecation - HHH90000025: H2Dialect does not need to be specified explicitly using 'hibernate.dialect' (remove the property setting and it will be selected by default)
2026-08-09 05:03:17.098 [Test worker] INFO  o.s.o.j.LocalContainerEntityManagerFactoryBean - Initialized JPA EntityManagerFactory for persistence unit 'default'
2026-08-09 05:03:18.562 [Test worker] INFO  o.s.s.c.a.a.c.InitializeUserDetailsBeanManagerConfigurer$InitializeUserDetailsManagerConfigurer - Global AuthenticationManager configured with UserDetailsService bean with name userDetailsServiceImpl
2026-08-09 05:03:19.024 [Test worker] INFO  o.s.b.a.e.web.EndpointLinksResolver - Exposing 1 endpoint beneath base path '/actuator'
2026-08-09 05:03:19.800 [Test worker] INFO  o.s.b.t.m.w.SpringBootMockServletContext - Initializing Spring TestDispatcherServlet ''
2026-08-09 05:03:19.801 [Test worker] INFO  o.s.t.w.s.TestDispatcherServlet - Initializing Servlet ''
2026-08-09 05:03:19.806 [Test worker] INFO  o.s.t.w.s.TestDispatcherServlet - Completed initialization in 4 ms
2026-08-09 05:03:19.876 [Test worker] INFO  c.t.m.a.c.AuthControllerIntegrationTest - Started AuthControllerIntegrationTest in 4.748 seconds (process running for 17.563)
2026-08-09 05:03:21.508 [Test worker] INFO  o.s.b.t.c.SpringBootTestContextBootstrapper - Found @SpringBootConfiguration com.thesystem.TheSystemApplication for test class com.thesystem.modules.goal.controller.GoalControllerIntegrationTest
2026-08-09 05:03:21.575 [Test worker] INFO  c.t.m.g.c.GoalControllerIntegrationTest - Starting GoalControllerIntegrationTest using Java 21.0.12 with PID 40452 (started by naga in /home/naga/Workspace/Projects/THE-SYSTEM/Backend)
2026-08-09 05:03:21.576 [Test worker] DEBUG c.t.m.g.c.GoalControllerIntegrationTest - Running with Spring Boot v3.4.5, Spring v6.2.6
2026-08-09 05:03:21.578 [Test worker] INFO  c.t.m.g.c.GoalControllerIntegrationTest - No active profile set, falling back to 1 default profile: "default"
2026-08-09 05:03:22.163 [Test worker] INFO  o.s.d.r.c.RepositoryConfigurationDelegate - Bootstrapping Spring Data JPA repositories in DEFAULT mode.
2026-08-09 05:03:22.249 [Test worker] INFO  o.s.d.r.c.RepositoryConfigurationDelegate - Finished Spring Data repository scanning in 83 ms. Found 18 JPA repository interfaces.
2026-08-09 05:03:23.195 [Test worker] INFO  o.s.o.j.p.SpringPersistenceUnitInfo - No LoadTimeWeaver setup: ignoring JPA class transformer
2026-08-09 05:03:23.198 [Test worker] INFO  com.zaxxer.hikari.HikariDataSource - HikariPool-3 - Starting...
2026-08-09 05:03:23.200 [Test worker] INFO  com.zaxxer.hikari.pool.HikariPool - HikariPool-3 - Added connection conn20: url=jdbc:h2:mem:thesystem user=SA
2026-08-09 05:03:23.201 [Test worker] INFO  com.zaxxer.hikari.HikariDataSource - HikariPool-3 - Start completed.
2026-08-09 05:03:23.202 [Test worker] WARN  org.hibernate.orm.deprecation - HHH90000025: H2Dialect does not need to be specified explicitly using 'hibernate.dialect' (remove the property setting and it will be selected by default)
2026-08-09 05:03:23.554 [Test worker] INFO  o.s.o.j.LocalContainerEntityManagerFactoryBean - Initialized JPA EntityManagerFactory for persistence unit 'default'
2026-08-09 05:03:25.130 [Test worker] INFO  o.s.s.c.a.a.c.InitializeUserDetailsBeanManagerConfigurer$InitializeUserDetailsManagerConfigurer - Global AuthenticationManager configured with UserDetailsService bean with name userDetailsServiceImpl
2026-08-09 05:03:25.634 [Test worker] INFO  o.s.b.a.e.web.EndpointLinksResolver - Exposing 1 endpoint beneath base path '/actuator'
2026-08-09 05:03:26.654 [Test worker] INFO  o.s.b.t.m.w.SpringBootMockServletContext - Initializing Spring TestDispatcherServlet ''
2026-08-09 05:03:26.654 [Test worker] INFO  o.s.t.w.s.TestDispatcherServlet - Initializing Servlet ''
2026-08-09 05:03:26.657 [Test worker] INFO  o.s.t.w.s.TestDispatcherServlet - Completed initialization in 2 ms
2026-08-09 05:03:26.720 [Test worker] INFO  c.t.m.g.c.GoalControllerIntegrationTest - Started GoalControllerIntegrationTest in 5.202 seconds (process running for 24.407)
2026-08-09 05:03:28.008 [Test worker] INFO  o.s.b.t.c.SpringBootTestContextBootstrapper - Found @SpringBootConfiguration com.thesystem.TheSystemApplication for test class com.thesystem.modules.settings.controller.SettingsControllerIntegrationTest
2026-08-09 05:03:28.040 [Test worker] INFO  c.t.m.s.c.SettingsControllerIntegrationTest - Starting SettingsControllerIntegrationTest using Java 21.0.12 with PID 40452 (started by naga in /home/naga/Workspace/Projects/THE-SYSTEM/Backend)
2026-08-09 05:03:28.041 [Test worker] DEBUG c.t.m.s.c.SettingsControllerIntegrationTest - Running with Spring Boot v3.4.5, Spring v6.2.6
2026-08-09 05:03:28.041 [Test worker] INFO  c.t.m.s.c.SettingsControllerIntegrationTest - No active profile set, falling back to 1 default profile: "default"
2026-08-09 05:03:28.430 [Test worker] INFO  o.s.d.r.c.RepositoryConfigurationDelegate - Bootstrapping Spring Data JPA repositories in DEFAULT mode.
2026-08-09 05:03:28.474 [Test worker] INFO  o.s.d.r.c.RepositoryConfigurationDelegate - Finished Spring Data repository scanning in 41 ms. Found 18 JPA repository interfaces.
2026-08-09 05:03:29.118 [Test worker] INFO  o.s.o.j.p.SpringPersistenceUnitInfo - No LoadTimeWeaver setup: ignoring JPA class transformer
2026-08-09 05:03:29.120 [Test worker] INFO  com.zaxxer.hikari.HikariDataSource - HikariPool-4 - Starting...
2026-08-09 05:03:29.123 [Test worker] INFO  com.zaxxer.hikari.pool.HikariPool - HikariPool-4 - Added connection conn30: url=jdbc:h2:mem:thesystem user=SA
2026-08-09 05:03:29.123 [Test worker] INFO  com.zaxxer.hikari.HikariDataSource - HikariPool-4 - Start completed.
2026-08-09 05:03:29.124 [Test worker] WARN  org.hibernate.orm.deprecation - HHH90000025: H2Dialect does not need to be specified explicitly using 'hibernate.dialect' (remove the property setting and it will be selected by default)
2026-08-09 05:03:29.339 [Test worker] INFO  o.s.o.j.LocalContainerEntityManagerFactoryBean - Initialized JPA EntityManagerFactory for persistence unit 'default'
2026-08-09 05:03:30.158 [Test worker] INFO  o.s.s.c.a.a.c.InitializeUserDetailsBeanManagerConfigurer$InitializeUserDetailsManagerConfigurer - Global AuthenticationManager configured with UserDetailsService bean with name userDetailsServiceImpl
2026-08-09 05:03:30.441 [Test worker] INFO  o.s.b.a.e.web.EndpointLinksResolver - Exposing 1 endpoint beneath base path '/actuator'
2026-08-09 05:03:31.023 [Test worker] INFO  o.s.b.t.m.w.SpringBootMockServletContext - Initializing Spring TestDispatcherServlet ''
2026-08-09 05:03:31.024 [Test worker] INFO  o.s.t.w.s.TestDispatcherServlet - Initializing Servlet ''
2026-08-09 05:03:31.026 [Test worker] INFO  o.s.t.w.s.TestDispatcherServlet - Completed initialization in 2 ms
2026-08-09 05:03:31.065 [Test worker] INFO  c.t.m.s.c.SettingsControllerIntegrationTest - Started SettingsControllerIntegrationTest in 3.052 seconds (process running for 28.752)
2026-08-09 05:03:31.559 [Test worker] INFO  o.s.b.t.c.SpringBootTestContextBootstrapper - Found @SpringBootConfiguration com.thesystem.TheSystemApplication for test class com.thesystem.modules.task.controller.TaskControllerIntegrationTest
2026-08-09 05:03:31.590 [Test worker] INFO  c.t.m.t.c.TaskControllerIntegrationTest - Starting TaskControllerIntegrationTest using Java 21.0.12 with PID 40452 (started by naga in /home/naga/Workspace/Projects/THE-SYSTEM/Backend)
2026-08-09 05:03:31.592 [Test worker] DEBUG c.t.m.t.c.TaskControllerIntegrationTest - Running with Spring Boot v3.4.5, Spring v6.2.6
2026-08-09 05:03:31.592 [Test worker] INFO  c.t.m.t.c.TaskControllerIntegrationTest - No active profile set, falling back to 1 default profile: "default"
2026-08-09 05:03:31.877 [Test worker] INFO  o.s.d.r.c.RepositoryConfigurationDelegate - Bootstrapping Spring Data JPA repositories in DEFAULT mode.
2026-08-09 05:03:31.916 [Test worker] INFO  o.s.d.r.c.RepositoryConfigurationDelegate - Finished Spring Data repository scanning in 37 ms. Found 18 JPA repository interfaces.
2026-08-09 05:03:32.451 [Test worker] INFO  o.s.o.j.p.SpringPersistenceUnitInfo - No LoadTimeWeaver setup: ignoring JPA class transformer
2026-08-09 05:03:32.459 [Test worker] INFO  com.zaxxer.hikari.HikariDataSource - HikariPool-5 - Starting...
2026-08-09 05:03:32.462 [Test worker] INFO  com.zaxxer.hikari.pool.HikariPool - HikariPool-5 - Added connection conn40: url=jdbc:h2:mem:thesystem user=SA
2026-08-09 05:03:32.464 [Test worker] INFO  com.zaxxer.hikari.HikariDataSource - HikariPool-5 - Start completed.
2026-08-09 05:03:32.466 [Test worker] WARN  org.hibernate.orm.deprecation - HHH90000025: H2Dialect does not need to be specified explicitly using 'hibernate.dialect' (remove the property setting and it will be selected by default)
2026-08-09 05:03:32.704 [Test worker] INFO  o.s.o.j.LocalContainerEntityManagerFactoryBean - Initialized JPA EntityManagerFactory for persistence unit 'default'
2026-08-09 05:03:33.355 [Test worker] INFO  o.s.s.c.a.a.c.InitializeUserDetailsBeanManagerConfigurer$InitializeUserDetailsManagerConfigurer - Global AuthenticationManager configured with UserDetailsService bean with name userDetailsServiceImpl
2026-08-09 05:03:33.593 [Test worker] INFO  o.s.b.a.e.web.EndpointLinksResolver - Exposing 1 endpoint beneath base path '/actuator'
2026-08-09 05:03:34.204 [Test worker] INFO  o.s.b.t.m.w.SpringBootMockServletContext - Initializing Spring TestDispatcherServlet ''
2026-08-09 05:03:34.205 [Test worker] INFO  o.s.t.w.s.TestDispatcherServlet - Initializing Servlet ''
2026-08-09 05:03:34.208 [Test worker] INFO  o.s.t.w.s.TestDispatcherServlet - Completed initialization in 1 ms
2026-08-09 05:03:34.254 [Test worker] INFO  c.t.m.t.c.TaskControllerIntegrationTest - Started TaskControllerIntegrationTest in 2.69 seconds (process running for 31.941)
2026-08-09 05:03:35.617 [Test worker] INFO  o.s.b.t.c.SpringBootTestContextBootstrapper - Found @SpringBootConfiguration com.thesystem.TheSystemApplication for test class com.thesystem.modules.user.controller.UserControllerIntegrationTest
2026-08-09 05:03:35.641 [Test worker] INFO  c.t.m.u.c.UserControllerIntegrationTest - Starting UserControllerIntegrationTest using Java 21.0.12 with PID 40452 (started by naga in /home/naga/Workspace/Projects/THE-SYSTEM/Backend)
2026-08-09 05:03:35.641 [Test worker] DEBUG c.t.m.u.c.UserControllerIntegrationTest - Running with Spring Boot v3.4.5, Spring v6.2.6
2026-08-09 05:03:35.642 [Test worker] INFO  c.t.m.u.c.UserControllerIntegrationTest - No active profile set, falling back to 1 default profile: "default"
2026-08-09 05:03:35.839 [Test worker] INFO  o.s.d.r.c.RepositoryConfigurationDelegate - Bootstrapping Spring Data JPA repositories in DEFAULT mode.
2026-08-09 05:03:35.866 [Test worker] INFO  o.s.d.r.c.RepositoryConfigurationDelegate - Finished Spring Data repository scanning in 24 ms. Found 18 JPA repository interfaces.
2026-08-09 05:03:36.284 [Test worker] INFO  o.s.o.j.p.SpringPersistenceUnitInfo - No LoadTimeWeaver setup: ignoring JPA class transformer
2026-08-09 05:03:36.285 [Test worker] INFO  com.zaxxer.hikari.HikariDataSource - HikariPool-6 - Starting...
2026-08-09 05:03:36.289 [Test worker] INFO  com.zaxxer.hikari.pool.HikariPool - HikariPool-6 - Added connection conn50: url=jdbc:h2:mem:thesystem user=SA
2026-08-09 05:03:36.289 [Test worker] INFO  com.zaxxer.hikari.HikariDataSource - HikariPool-6 - Start completed.
2026-08-09 05:03:36.290 [Test worker] WARN  org.hibernate.orm.deprecation - HHH90000025: H2Dialect does not need to be specified explicitly using 'hibernate.dialect' (remove the property setting and it will be selected by default)
2026-08-09 05:03:36.429 [Test worker] INFO  o.s.o.j.LocalContainerEntityManagerFactoryBean - Initialized JPA EntityManagerFactory for persistence unit 'default'
2026-08-09 05:03:37.042 [Test worker] INFO  o.s.s.c.a.a.c.InitializeUserDetailsBeanManagerConfigurer$InitializeUserDetailsManagerConfigurer - Global AuthenticationManager configured with UserDetailsService bean with name userDetailsServiceImpl
2026-08-09 05:03:37.260 [Test worker] INFO  o.s.b.a.e.web.EndpointLinksResolver - Exposing 1 endpoint beneath base path '/actuator'
2026-08-09 05:03:37.660 [Test worker] INFO  o.s.b.t.m.w.SpringBootMockServletContext - Initializing Spring TestDispatcherServlet ''
2026-08-09 05:03:37.661 [Test worker] INFO  o.s.t.w.s.TestDispatcherServlet - Initializing Servlet ''
2026-08-09 05:03:37.662 [Test worker] INFO  o.s.t.w.s.TestDispatcherServlet - Completed initialization in 1 ms
2026-08-09 05:03:37.699 [Test worker] INFO  c.t.m.u.c.UserControllerIntegrationTest - Started UserControllerIntegrationTest in 2.078 seconds (process running for 35.386)
2026-08-09 05:03:37.996 [Test worker] INFO  o.s.b.t.c.SpringBootTestContextBootstrapper - Found @SpringBootConfiguration com.thesystem.TheSystemApplication for test class com.thesystem.modules.xp.controller.XpControllerIntegrationTest
2026-08-09 05:03:38.021 [Test worker] INFO  c.t.m.x.c.XpControllerIntegrationTest - Starting XpControllerIntegrationTest using Java 21.0.12 with PID 40452 (started by naga in /home/naga/Workspace/Projects/THE-SYSTEM/Backend)
2026-08-09 05:03:38.021 [Test worker] DEBUG c.t.m.x.c.XpControllerIntegrationTest - Running with Spring Boot v3.4.5, Spring v6.2.6
2026-08-09 05:03:38.021 [Test worker] INFO  c.t.m.x.c.XpControllerIntegrationTest - No active profile set, falling back to 1 default profile: "default"
2026-08-09 05:03:38.222 [Test worker] INFO  o.s.d.r.c.RepositoryConfigurationDelegate - Bootstrapping Spring Data JPA repositories in DEFAULT mode.
2026-08-09 05:03:38.245 [Test worker] INFO  o.s.d.r.c.RepositoryConfigurationDelegate - Finished Spring Data repository scanning in 22 ms. Found 18 JPA repository interfaces.
2026-08-09 05:03:38.583 [Test worker] INFO  o.s.o.j.p.SpringPersistenceUnitInfo - No LoadTimeWeaver setup: ignoring JPA class transformer
2026-08-09 05:03:38.584 [Test worker] INFO  com.zaxxer.hikari.HikariDataSource - HikariPool-7 - Starting...
2026-08-09 05:03:38.586 [Test worker] INFO  com.zaxxer.hikari.pool.HikariPool - HikariPool-7 - Added connection conn60: url=jdbc:h2:mem:thesystem user=SA
2026-08-09 05:03:38.586 [Test worker] INFO  com.zaxxer.hikari.HikariDataSource - HikariPool-7 - Start completed.
2026-08-09 05:03:38.587 [Test worker] WARN  org.hibernate.orm.deprecation - HHH90000025: H2Dialect does not need to be specified explicitly using 'hibernate.dialect' (remove the property setting and it will be selected by default)
2026-08-09 05:03:38.731 [Test worker] INFO  o.s.o.j.LocalContainerEntityManagerFactoryBean - Initialized JPA EntityManagerFactory for persistence unit 'default'
2026-08-09 05:03:39.307 [Test worker] INFO  o.s.s.c.a.a.c.InitializeUserDetailsBeanManagerConfigurer$InitializeUserDetailsManagerConfigurer - Global AuthenticationManager configured with UserDetailsService bean with name userDetailsServiceImpl
2026-08-09 05:03:39.491 [Test worker] INFO  o.s.b.a.e.web.EndpointLinksResolver - Exposing 1 endpoint beneath base path '/actuator'
2026-08-09 05:03:39.830 [Test worker] INFO  o.s.b.t.m.w.SpringBootMockServletContext - Initializing Spring TestDispatcherServlet ''
2026-08-09 05:03:39.831 [Test worker] INFO  o.s.t.w.s.TestDispatcherServlet - Initializing Servlet ''
2026-08-09 05:03:39.832 [Test worker] INFO  o.s.t.w.s.TestDispatcherServlet - Completed initialization in 1 ms
2026-08-09 05:03:39.872 [Test worker] INFO  c.t.m.x.c.XpControllerIntegrationTest - Started XpControllerIntegrationTest in 1.871 seconds (process running for 37.559)
2026-08-09 05:03:41.118 [SpringApplicationShutdownHook] INFO  o.s.o.j.LocalContainerEntityManagerFactoryBean - Closing JPA EntityManagerFactory for persistence unit 'default'
2026-08-09 05:03:41.122 [SpringApplicationShutdownHook] INFO  com.zaxxer.hikari.HikariDataSource - HikariPool-1 - Shutdown initiated...
2026-08-09 05:03:41.125 [SpringApplicationShutdownHook] INFO  com.zaxxer.hikari.HikariDataSource - HikariPool-1 - Shutdown completed.
2026-08-09 05:03:41.130 [SpringApplicationShutdownHook] INFO  o.s.o.j.LocalContainerEntityManagerFactoryBean - Closing JPA EntityManagerFactory for persistence unit 'default'
2026-08-09 05:03:41.131 [SpringApplicationShutdownHook] INFO  com.zaxxer.hikari.HikariDataSource - HikariPool-2 - Shutdown initiated...
2026-08-09 05:03:41.131 [SpringApplicationShutdownHook] INFO  com.zaxxer.hikari.HikariDataSource - HikariPool-2 - Shutdown completed.
2026-08-09 05:03:41.135 [SpringApplicationShutdownHook] INFO  o.s.o.j.LocalContainerEntityManagerFactoryBean - Closing JPA EntityManagerFactory for persistence unit 'default'
2026-08-09 05:03:41.136 [SpringApplicationShutdownHook] INFO  com.zaxxer.hikari.HikariDataSource - HikariPool-3 - Shutdown initiated...
2026-08-09 05:03:41.137 [SpringApplicationShutdownHook] INFO  com.zaxxer.hikari.HikariDataSource - HikariPool-3 - Shutdown completed.
2026-08-09 05:03:41.141 [SpringApplicationShutdownHook] INFO  o.s.o.j.LocalContainerEntityManagerFactoryBean - Closing JPA EntityManagerFactory for persistence unit 'default'
2026-08-09 05:03:41.142 [SpringApplicationShutdownHook] INFO  com.zaxxer.hikari.HikariDataSource - HikariPool-4 - Shutdown initiated...
2026-08-09 05:03:41.143 [SpringApplicationShutdownHook] INFO  com.zaxxer.hikari.HikariDataSource - HikariPool-4 - Shutdown completed.
2026-08-09 05:03:41.147 [SpringApplicationShutdownHook] INFO  o.s.o.j.LocalContainerEntityManagerFactoryBean - Closing JPA EntityManagerFactory for persistence unit 'default'
2026-08-09 05:03:41.147 [SpringApplicationShutdownHook] INFO  com.zaxxer.hikari.HikariDataSource - HikariPool-5 - Shutdown initiated...
2026-08-09 05:03:41.148 [SpringApplicationShutdownHook] INFO  com.zaxxer.hikari.HikariDataSource - HikariPool-5 - Shutdown completed.
2026-08-09 05:03:41.151 [SpringApplicationShutdownHook] INFO  o.s.o.j.LocalContainerEntityManagerFactoryBean - Closing JPA EntityManagerFactory for persistence unit 'default'
2026-08-09 05:03:41.152 [SpringApplicationShutdownHook] INFO  com.zaxxer.hikari.HikariDataSource - HikariPool-6 - Shutdown initiated...
2026-08-09 05:03:41.153 [SpringApplicationShutdownHook] INFO  com.zaxxer.hikari.HikariDataSource - HikariPool-6 - Shutdown completed.
2026-08-09 05:03:41.157 [SpringApplicationShutdownHook] INFO  o.s.o.j.LocalContainerEntityManagerFactoryBean - Closing JPA EntityManagerFactory for persistence unit 'default'
2026-08-09 05:03:41.158 [SpringApplicationShutdownHook] INFO  com.zaxxer.hikari.HikariDataSource - HikariPool-7 - Shutdown initiated...
2026-08-09 05:03:41.159 [SpringApplicationShutdownHook] INFO  com.zaxxer.hikari.HikariDataSource - HikariPool-7 - Shutdown completed.
2026-08-09 05:27:01.766 [Test worker] INFO  c.t.TheSystemApplicationTests - Starting TheSystemApplicationTests using Java 21.0.12 with PID 45612 (started by naga in /home/naga/Workspace/Projects/THE-SYSTEM/Backend)
2026-08-09 05:27:01.768 [Test worker] DEBUG c.t.TheSystemApplicationTests - Running with Spring Boot v3.4.5, Spring v6.2.6
2026-08-09 05:27:01.770 [Test worker] INFO  c.t.TheSystemApplicationTests - No active profile set, falling back to 1 default profile: "default"
2026-08-09 05:27:02.851 [Test worker] INFO  o.s.d.r.c.RepositoryConfigurationDelegate - Bootstrapping Spring Data JPA repositories in DEFAULT mode.
2026-08-09 05:27:02.996 [Test worker] INFO  o.s.d.r.c.RepositoryConfigurationDelegate - Finished Spring Data repository scanning in 131 ms. Found 18 JPA repository interfaces.
2026-08-09 05:27:05.046 [Test worker] INFO  o.s.o.j.p.SpringPersistenceUnitInfo - No LoadTimeWeaver setup: ignoring JPA class transformer
2026-08-09 05:27:05.093 [Test worker] INFO  com.zaxxer.hikari.HikariDataSource - HikariPool-1 - Starting...
2026-08-09 05:27:05.304 [Test worker] INFO  com.zaxxer.hikari.pool.HikariPool - HikariPool-1 - Added connection conn0: url=jdbc:h2:mem:thesystem user=SA
2026-08-09 05:27:05.306 [Test worker] INFO  com.zaxxer.hikari.HikariDataSource - HikariPool-1 - Start completed.
2026-08-09 05:27:05.329 [Test worker] WARN  org.hibernate.orm.deprecation - HHH90000025: H2Dialect does not need to be specified explicitly using 'hibernate.dialect' (remove the property setting and it will be selected by default)
2026-08-09 05:27:06.725 [Test worker] INFO  o.s.o.j.LocalContainerEntityManagerFactoryBean - Initialized JPA EntityManagerFactory for persistence unit 'default'
2026-08-09 05:27:07.863 [Test worker] INFO  o.s.d.j.r.query.QueryEnhancerFactory - Hibernate is in classpath; If applicable, HQL parser will be used.
2026-08-09 05:27:09.363 [Test worker] INFO  o.s.s.c.a.a.c.InitializeUserDetailsBeanManagerConfigurer$InitializeUserDetailsManagerConfigurer - Global AuthenticationManager configured with UserDetailsService bean with name userDetailsServiceImpl
2026-08-09 05:27:10.027 [Test worker] INFO  o.s.b.a.e.web.EndpointLinksResolver - Exposing 1 endpoint beneath base path '/actuator'
2026-08-09 05:27:11.224 [Test worker] INFO  c.t.TheSystemApplicationTests - Started TheSystemApplicationTests in 9.955 seconds (process running for 11.435)
2026-08-09 05:27:11.802 [Test worker] INFO  o.s.b.t.c.SpringBootTestContextBootstrapper - Found @SpringBootConfiguration com.thesystem.TheSystemApplication for test class com.thesystem.modules.auth.controller.AuthControllerIntegrationTest
2026-08-09 05:27:11.849 [Test worker] INFO  c.t.m.a.c.AuthControllerIntegrationTest - Starting AuthControllerIntegrationTest using Java 21.0.12 with PID 45612 (started by naga in /home/naga/Workspace/Projects/THE-SYSTEM/Backend)
2026-08-09 05:27:11.850 [Test worker] DEBUG c.t.m.a.c.AuthControllerIntegrationTest - Running with Spring Boot v3.4.5, Spring v6.2.6
2026-08-09 05:27:11.853 [Test worker] INFO  c.t.m.a.c.AuthControllerIntegrationTest - No active profile set, falling back to 1 default profile: "default"
2026-08-09 05:27:12.194 [Test worker] INFO  o.s.d.r.c.RepositoryConfigurationDelegate - Bootstrapping Spring Data JPA repositories in DEFAULT mode.
2026-08-09 05:27:12.244 [Test worker] INFO  o.s.d.r.c.RepositoryConfigurationDelegate - Finished Spring Data repository scanning in 47 ms. Found 18 JPA repository interfaces.
2026-08-09 05:27:13.297 [Test worker] INFO  o.s.o.j.p.SpringPersistenceUnitInfo - No LoadTimeWeaver setup: ignoring JPA class transformer
2026-08-09 05:27:13.301 [Test worker] INFO  com.zaxxer.hikari.HikariDataSource - HikariPool-2 - Starting...
2026-08-09 05:27:13.304 [Test worker] INFO  com.zaxxer.hikari.pool.HikariPool - HikariPool-2 - Added connection conn10: url=jdbc:h2:mem:thesystem user=SA
2026-08-09 05:27:13.305 [Test worker] INFO  com.zaxxer.hikari.HikariDataSource - HikariPool-2 - Start completed.
2026-08-09 05:27:13.306 [Test worker] WARN  org.hibernate.orm.deprecation - HHH90000025: H2Dialect does not need to be specified explicitly using 'hibernate.dialect' (remove the property setting and it will be selected by default)
2026-08-09 05:27:13.643 [Test worker] INFO  o.s.o.j.LocalContainerEntityManagerFactoryBean - Initialized JPA EntityManagerFactory for persistence unit 'default'
2026-08-09 05:27:14.914 [Test worker] INFO  o.s.s.c.a.a.c.InitializeUserDetailsBeanManagerConfigurer$InitializeUserDetailsManagerConfigurer - Global AuthenticationManager configured with UserDetailsService bean with name userDetailsServiceImpl
2026-08-09 05:27:15.284 [Test worker] INFO  o.s.b.a.e.web.EndpointLinksResolver - Exposing 1 endpoint beneath base path '/actuator'
2026-08-09 05:27:16.112 [Test worker] INFO  o.s.b.t.m.w.SpringBootMockServletContext - Initializing Spring TestDispatcherServlet ''
2026-08-09 05:27:16.113 [Test worker] INFO  o.s.t.w.s.TestDispatcherServlet - Initializing Servlet ''
2026-08-09 05:27:16.159 [Test worker] INFO  o.s.t.w.s.TestDispatcherServlet - Completed initialization in 5 ms
2026-08-09 05:27:16.250 [Test worker] INFO  c.t.m.a.c.AuthControllerIntegrationTest - Started AuthControllerIntegrationTest in 4.441 seconds (process running for 16.461)
2026-08-09 05:27:17.747 [Test worker] INFO  o.s.b.t.c.SpringBootTestContextBootstrapper - Found @SpringBootConfiguration com.thesystem.TheSystemApplication for test class com.thesystem.modules.goal.controller.GoalControllerIntegrationTest
2026-08-09 05:27:17.820 [Test worker] INFO  c.t.m.g.c.GoalControllerIntegrationTest - Starting GoalControllerIntegrationTest using Java 21.0.12 with PID 45612 (started by naga in /home/naga/Workspace/Projects/THE-SYSTEM/Backend)
2026-08-09 05:27:17.821 [Test worker] DEBUG c.t.m.g.c.GoalControllerIntegrationTest - Running with Spring Boot v3.4.5, Spring v6.2.6
2026-08-09 05:27:17.822 [Test worker] INFO  c.t.m.g.c.GoalControllerIntegrationTest - No active profile set, falling back to 1 default profile: "default"
2026-08-09 05:27:18.439 [Test worker] INFO  o.s.d.r.c.RepositoryConfigurationDelegate - Bootstrapping Spring Data JPA repositories in DEFAULT mode.
2026-08-09 05:27:18.507 [Test worker] INFO  o.s.d.r.c.RepositoryConfigurationDelegate - Finished Spring Data repository scanning in 66 ms. Found 18 JPA repository interfaces.
2026-08-09 05:27:19.444 [Test worker] INFO  o.s.o.j.p.SpringPersistenceUnitInfo - No LoadTimeWeaver setup: ignoring JPA class transformer
2026-08-09 05:27:19.447 [Test worker] INFO  com.zaxxer.hikari.HikariDataSource - HikariPool-3 - Starting...
2026-08-09 05:27:19.449 [Test worker] INFO  com.zaxxer.hikari.pool.HikariPool - HikariPool-3 - Added connection conn20: url=jdbc:h2:mem:thesystem user=SA
2026-08-09 05:27:19.450 [Test worker] INFO  com.zaxxer.hikari.HikariDataSource - HikariPool-3 - Start completed.
2026-08-09 05:27:19.451 [Test worker] WARN  org.hibernate.orm.deprecation - HHH90000025: H2Dialect does not need to be specified explicitly using 'hibernate.dialect' (remove the property setting and it will be selected by default)
2026-08-09 05:27:19.732 [Test worker] INFO  o.s.o.j.LocalContainerEntityManagerFactoryBean - Initialized JPA EntityManagerFactory for persistence unit 'default'
2026-08-09 05:27:21.262 [Test worker] INFO  o.s.s.c.a.a.c.InitializeUserDetailsBeanManagerConfigurer$InitializeUserDetailsManagerConfigurer - Global AuthenticationManager configured with UserDetailsService bean with name userDetailsServiceImpl
2026-08-09 05:27:21.821 [Test worker] INFO  o.s.b.a.e.web.EndpointLinksResolver - Exposing 1 endpoint beneath base path '/actuator'
2026-08-09 05:27:22.733 [Test worker] INFO  o.s.b.t.m.w.SpringBootMockServletContext - Initializing Spring TestDispatcherServlet ''
2026-08-09 05:27:22.733 [Test worker] INFO  o.s.t.w.s.TestDispatcherServlet - Initializing Servlet ''
2026-08-09 05:27:22.737 [Test worker] INFO  o.s.t.w.s.TestDispatcherServlet - Completed initialization in 3 ms
2026-08-09 05:27:22.809 [Test worker] INFO  c.t.m.g.c.GoalControllerIntegrationTest - Started GoalControllerIntegrationTest in 5.051 seconds (process running for 23.019)
2026-08-09 05:27:23.916 [Test worker] INFO  o.s.b.t.c.SpringBootTestContextBootstrapper - Found @SpringBootConfiguration com.thesystem.TheSystemApplication for test class com.thesystem.modules.settings.controller.SettingsControllerIntegrationTest
2026-08-09 05:27:23.950 [Test worker] INFO  c.t.m.s.c.SettingsControllerIntegrationTest - Starting SettingsControllerIntegrationTest using Java 21.0.12 with PID 45612 (started by naga in /home/naga/Workspace/Projects/THE-SYSTEM/Backend)
2026-08-09 05:27:23.951 [Test worker] DEBUG c.t.m.s.c.SettingsControllerIntegrationTest - Running with Spring Boot v3.4.5, Spring v6.2.6
2026-08-09 05:27:23.952 [Test worker] INFO  c.t.m.s.c.SettingsControllerIntegrationTest - No active profile set, falling back to 1 default profile: "default"
2026-08-09 05:27:24.281 [Test worker] INFO  o.s.d.r.c.RepositoryConfigurationDelegate - Bootstrapping Spring Data JPA repositories in DEFAULT mode.
2026-08-09 05:27:24.324 [Test worker] INFO  o.s.d.r.c.RepositoryConfigurationDelegate - Finished Spring Data repository scanning in 40 ms. Found 18 JPA repository interfaces.
2026-08-09 05:27:24.941 [Test worker] INFO  o.s.o.j.p.SpringPersistenceUnitInfo - No LoadTimeWeaver setup: ignoring JPA class transformer
2026-08-09 05:27:24.942 [Test worker] INFO  com.zaxxer.hikari.HikariDataSource - HikariPool-4 - Starting...
2026-08-09 05:27:24.944 [Test worker] INFO  com.zaxxer.hikari.pool.HikariPool - HikariPool-4 - Added connection conn30: url=jdbc:h2:mem:thesystem user=SA
2026-08-09 05:27:24.945 [Test worker] INFO  com.zaxxer.hikari.HikariDataSource - HikariPool-4 - Start completed.
2026-08-09 05:27:24.946 [Test worker] WARN  org.hibernate.orm.deprecation - HHH90000025: H2Dialect does not need to be specified explicitly using 'hibernate.dialect' (remove the property setting and it will be selected by default)
2026-08-09 05:27:25.177 [Test worker] INFO  o.s.o.j.LocalContainerEntityManagerFactoryBean - Initialized JPA EntityManagerFactory for persistence unit 'default'
2026-08-09 05:27:25.974 [Test worker] INFO  o.s.s.c.a.a.c.InitializeUserDetailsBeanManagerConfigurer$InitializeUserDetailsManagerConfigurer - Global AuthenticationManager configured with UserDetailsService bean with name userDetailsServiceImpl
2026-08-09 05:27:26.257 [Test worker] INFO  o.s.b.a.e.web.EndpointLinksResolver - Exposing 1 endpoint beneath base path '/actuator'
2026-08-09 05:27:26.901 [Test worker] INFO  o.s.b.t.m.w.SpringBootMockServletContext - Initializing Spring TestDispatcherServlet ''
2026-08-09 05:27:26.902 [Test worker] INFO  o.s.t.w.s.TestDispatcherServlet - Initializing Servlet ''
2026-08-09 05:27:26.904 [Test worker] INFO  o.s.t.w.s.TestDispatcherServlet - Completed initialization in 1 ms
2026-08-09 05:27:26.945 [Test worker] INFO  c.t.m.s.c.SettingsControllerIntegrationTest - Started SettingsControllerIntegrationTest in 3.022 seconds (process running for 27.156)
2026-08-09 05:27:27.343 [Test worker] INFO  o.s.b.t.c.SpringBootTestContextBootstrapper - Found @SpringBootConfiguration com.thesystem.TheSystemApplication for test class com.thesystem.modules.task.controller.TaskControllerIntegrationTest
2026-08-09 05:27:27.380 [Test worker] INFO  c.t.m.t.c.TaskControllerIntegrationTest - Starting TaskControllerIntegrationTest using Java 21.0.12 with PID 45612 (started by naga in /home/naga/Workspace/Projects/THE-SYSTEM/Backend)
2026-08-09 05:27:27.381 [Test worker] DEBUG c.t.m.t.c.TaskControllerIntegrationTest - Running with Spring Boot v3.4.5, Spring v6.2.6
2026-08-09 05:27:27.381 [Test worker] INFO  c.t.m.t.c.TaskControllerIntegrationTest - No active profile set, falling back to 1 default profile: "default"
2026-08-09 05:27:27.645 [Test worker] INFO  o.s.d.r.c.RepositoryConfigurationDelegate - Bootstrapping Spring Data JPA repositories in DEFAULT mode.
2026-08-09 05:27:27.678 [Test worker] INFO  o.s.d.r.c.RepositoryConfigurationDelegate - Finished Spring Data repository scanning in 31 ms. Found 18 JPA repository interfaces.
2026-08-09 05:27:28.087 [Test worker] INFO  o.s.o.j.p.SpringPersistenceUnitInfo - No LoadTimeWeaver setup: ignoring JPA class transformer
2026-08-09 05:27:28.089 [Test worker] INFO  com.zaxxer.hikari.HikariDataSource - HikariPool-5 - Starting...
2026-08-09 05:27:28.090 [Test worker] INFO  com.zaxxer.hikari.pool.HikariPool - HikariPool-5 - Added connection conn40: url=jdbc:h2:mem:thesystem user=SA
2026-08-09 05:27:28.091 [Test worker] INFO  com.zaxxer.hikari.HikariDataSource - HikariPool-5 - Start completed.
2026-08-09 05:27:28.092 [Test worker] WARN  org.hibernate.orm.deprecation - HHH90000025: H2Dialect does not need to be specified explicitly using 'hibernate.dialect' (remove the property setting and it will be selected by default)
2026-08-09 05:27:28.262 [Test worker] INFO  o.s.o.j.LocalContainerEntityManagerFactoryBean - Initialized JPA EntityManagerFactory for persistence unit 'default'
2026-08-09 05:27:28.934 [Test worker] INFO  o.s.s.c.a.a.c.InitializeUserDetailsBeanManagerConfigurer$InitializeUserDetailsManagerConfigurer - Global AuthenticationManager configured with UserDetailsService bean with name userDetailsServiceImpl
2026-08-09 05:27:29.197 [Test worker] INFO  o.s.b.a.e.web.EndpointLinksResolver - Exposing 1 endpoint beneath base path '/actuator'
2026-08-09 05:27:29.727 [Test worker] INFO  o.s.b.t.m.w.SpringBootMockServletContext - Initializing Spring TestDispatcherServlet ''
2026-08-09 05:27:29.728 [Test worker] INFO  o.s.t.w.s.TestDispatcherServlet - Initializing Servlet ''
2026-08-09 05:27:29.730 [Test worker] INFO  o.s.t.w.s.TestDispatcherServlet - Completed initialization in 2 ms
2026-08-09 05:27:29.768 [Test worker] INFO  c.t.m.t.c.TaskControllerIntegrationTest - Started TaskControllerIntegrationTest in 2.42 seconds (process running for 29.979)
2026-08-09 05:27:31.041 [Test worker] INFO  o.s.b.t.c.SpringBootTestContextBootstrapper - Found @SpringBootConfiguration com.thesystem.TheSystemApplication for test class com.thesystem.modules.user.controller.UserControllerIntegrationTest
2026-08-09 05:27:31.062 [Test worker] INFO  c.t.m.u.c.UserControllerIntegrationTest - Starting UserControllerIntegrationTest using Java 21.0.12 with PID 45612 (started by naga in /home/naga/Workspace/Projects/THE-SYSTEM/Backend)
2026-08-09 05:27:31.063 [Test worker] DEBUG c.t.m.u.c.UserControllerIntegrationTest - Running with Spring Boot v3.4.5, Spring v6.2.6
2026-08-09 05:27:31.063 [Test worker] INFO  c.t.m.u.c.UserControllerIntegrationTest - No active profile set, falling back to 1 default profile: "default"
2026-08-09 05:27:31.282 [Test worker] INFO  o.s.d.r.c.RepositoryConfigurationDelegate - Bootstrapping Spring Data JPA repositories in DEFAULT mode.
2026-08-09 05:27:31.310 [Test worker] INFO  o.s.d.r.c.RepositoryConfigurationDelegate - Finished Spring Data repository scanning in 25 ms. Found 18 JPA repository interfaces.
2026-08-09 05:27:31.661 [Test worker] INFO  o.s.o.j.p.SpringPersistenceUnitInfo - No LoadTimeWeaver setup: ignoring JPA class transformer
2026-08-09 05:27:31.681 [Test worker] INFO  com.zaxxer.hikari.HikariDataSource - HikariPool-6 - Starting...
2026-08-09 05:27:31.683 [Test worker] INFO  com.zaxxer.hikari.pool.HikariPool - HikariPool-6 - Added connection conn50: url=jdbc:h2:mem:thesystem user=SA
2026-08-09 05:27:31.684 [Test worker] INFO  com.zaxxer.hikari.HikariDataSource - HikariPool-6 - Start completed.
2026-08-09 05:27:31.685 [Test worker] WARN  org.hibernate.orm.deprecation - HHH90000025: H2Dialect does not need to be specified explicitly using 'hibernate.dialect' (remove the property setting and it will be selected by default)
2026-08-09 05:27:31.887 [Test worker] INFO  o.s.o.j.LocalContainerEntityManagerFactoryBean - Initialized JPA EntityManagerFactory for persistence unit 'default'
2026-08-09 05:27:32.505 [Test worker] INFO  o.s.s.c.a.a.c.InitializeUserDetailsBeanManagerConfigurer$InitializeUserDetailsManagerConfigurer - Global AuthenticationManager configured with UserDetailsService bean with name userDetailsServiceImpl
2026-08-09 05:27:32.705 [Test worker] INFO  o.s.b.a.e.web.EndpointLinksResolver - Exposing 1 endpoint beneath base path '/actuator'
2026-08-09 05:27:33.125 [Test worker] INFO  o.s.b.t.m.w.SpringBootMockServletContext - Initializing Spring TestDispatcherServlet ''
2026-08-09 05:27:33.126 [Test worker] INFO  o.s.t.w.s.TestDispatcherServlet - Initializing Servlet ''
2026-08-09 05:27:33.127 [Test worker] INFO  o.s.t.w.s.TestDispatcherServlet - Completed initialization in 1 ms
2026-08-09 05:27:33.171 [Test worker] INFO  c.t.m.u.c.UserControllerIntegrationTest - Started UserControllerIntegrationTest in 2.127 seconds (process running for 33.382)
2026-08-09 05:27:33.458 [Test worker] INFO  o.s.b.t.c.SpringBootTestContextBootstrapper - Found @SpringBootConfiguration com.thesystem.TheSystemApplication for test class com.thesystem.modules.xp.controller.XpControllerIntegrationTest
2026-08-09 05:27:33.482 [Test worker] INFO  c.t.m.x.c.XpControllerIntegrationTest - Starting XpControllerIntegrationTest using Java 21.0.12 with PID 45612 (started by naga in /home/naga/Workspace/Projects/THE-SYSTEM/Backend)
2026-08-09 05:27:33.483 [Test worker] DEBUG c.t.m.x.c.XpControllerIntegrationTest - Running with Spring Boot v3.4.5, Spring v6.2.6
2026-08-09 05:27:33.483 [Test worker] INFO  c.t.m.x.c.XpControllerIntegrationTest - No active profile set, falling back to 1 default profile: "default"
2026-08-09 05:27:33.670 [Test worker] INFO  o.s.d.r.c.RepositoryConfigurationDelegate - Bootstrapping Spring Data JPA repositories in DEFAULT mode.
2026-08-09 05:27:33.693 [Test worker] INFO  o.s.d.r.c.RepositoryConfigurationDelegate - Finished Spring Data repository scanning in 21 ms. Found 18 JPA repository interfaces.
2026-08-09 05:27:34.057 [Test worker] INFO  o.s.o.j.p.SpringPersistenceUnitInfo - No LoadTimeWeaver setup: ignoring JPA class transformer
2026-08-09 05:27:34.058 [Test worker] INFO  com.zaxxer.hikari.HikariDataSource - HikariPool-7 - Starting...
2026-08-09 05:27:34.060 [Test worker] INFO  com.zaxxer.hikari.pool.HikariPool - HikariPool-7 - Added connection conn60: url=jdbc:h2:mem:thesystem user=SA
2026-08-09 05:27:34.060 [Test worker] INFO  com.zaxxer.hikari.HikariDataSource - HikariPool-7 - Start completed.
2026-08-09 05:27:34.060 [Test worker] WARN  org.hibernate.orm.deprecation - HHH90000025: H2Dialect does not need to be specified explicitly using 'hibernate.dialect' (remove the property setting and it will be selected by default)
2026-08-09 05:27:34.183 [Test worker] INFO  o.s.o.j.LocalContainerEntityManagerFactoryBean - Initialized JPA EntityManagerFactory for persistence unit 'default'
2026-08-09 05:27:34.694 [Test worker] INFO  o.s.s.c.a.a.c.InitializeUserDetailsBeanManagerConfigurer$InitializeUserDetailsManagerConfigurer - Global AuthenticationManager configured with UserDetailsService bean with name userDetailsServiceImpl
2026-08-09 05:27:34.844 [Test worker] INFO  o.s.b.a.e.web.EndpointLinksResolver - Exposing 1 endpoint beneath base path '/actuator'
2026-08-09 05:27:35.141 [Test worker] INFO  o.s.b.t.m.w.SpringBootMockServletContext - Initializing Spring TestDispatcherServlet ''
2026-08-09 05:27:35.142 [Test worker] INFO  o.s.t.w.s.TestDispatcherServlet - Initializing Servlet ''
2026-08-09 05:27:35.143 [Test worker] INFO  o.s.t.w.s.TestDispatcherServlet - Completed initialization in 1 ms
2026-08-09 05:27:35.179 [Test worker] INFO  c.t.m.x.c.XpControllerIntegrationTest - Started XpControllerIntegrationTest in 1.716 seconds (process running for 35.39)
2026-08-09 05:27:36.288 [SpringApplicationShutdownHook] INFO  o.s.o.j.LocalContainerEntityManagerFactoryBean - Closing JPA EntityManagerFactory for persistence unit 'default'
2026-08-09 05:27:36.291 [SpringApplicationShutdownHook] INFO  com.zaxxer.hikari.HikariDataSource - HikariPool-1 - Shutdown initiated...
2026-08-09 05:27:36.294 [SpringApplicationShutdownHook] INFO  com.zaxxer.hikari.HikariDataSource - HikariPool-1 - Shutdown completed.
2026-08-09 05:27:36.297 [SpringApplicationShutdownHook] INFO  o.s.o.j.LocalContainerEntityManagerFactoryBean - Closing JPA EntityManagerFactory for persistence unit 'default'
2026-08-09 05:27:36.298 [SpringApplicationShutdownHook] INFO  com.zaxxer.hikari.HikariDataSource - HikariPool-2 - Shutdown initiated...
2026-08-09 05:27:36.299 [SpringApplicationShutdownHook] INFO  com.zaxxer.hikari.HikariDataSource - HikariPool-2 - Shutdown completed.
2026-08-09 05:27:36.304 [SpringApplicationShutdownHook] INFO  o.s.o.j.LocalContainerEntityManagerFactoryBean - Closing JPA EntityManagerFactory for persistence unit 'default'
2026-08-09 05:27:36.305 [SpringApplicationShutdownHook] INFO  com.zaxxer.hikari.HikariDataSource - HikariPool-3 - Shutdown initiated...
2026-08-09 05:27:36.306 [SpringApplicationShutdownHook] INFO  com.zaxxer.hikari.HikariDataSource - HikariPool-3 - Shutdown completed.
2026-08-09 05:27:36.310 [SpringApplicationShutdownHook] INFO  o.s.o.j.LocalContainerEntityManagerFactoryBean - Closing JPA EntityManagerFactory for persistence unit 'default'
2026-08-09 05:27:36.311 [SpringApplicationShutdownHook] INFO  com.zaxxer.hikari.HikariDataSource - HikariPool-4 - Shutdown initiated...
2026-08-09 05:27:36.312 [SpringApplicationShutdownHook] INFO  com.zaxxer.hikari.HikariDataSource - HikariPool-4 - Shutdown completed.
2026-08-09 05:27:36.316 [SpringApplicationShutdownHook] INFO  o.s.o.j.LocalContainerEntityManagerFactoryBean - Closing JPA EntityManagerFactory for persistence unit 'default'
2026-08-09 05:27:36.317 [SpringApplicationShutdownHook] INFO  com.zaxxer.hikari.HikariDataSource - HikariPool-5 - Shutdown initiated...
2026-08-09 05:27:36.318 [SpringApplicationShutdownHook] INFO  com.zaxxer.hikari.HikariDataSource - HikariPool-5 - Shutdown completed.
2026-08-09 05:27:36.322 [SpringApplicationShutdownHook] INFO  o.s.o.j.LocalContainerEntityManagerFactoryBean - Closing JPA EntityManagerFactory for persistence unit 'default'
2026-08-09 05:27:36.323 [SpringApplicationShutdownHook] INFO  com.zaxxer.hikari.HikariDataSource - HikariPool-6 - Shutdown initiated...
2026-08-09 05:27:36.324 [SpringApplicationShutdownHook] INFO  com.zaxxer.hikari.HikariDataSource - HikariPool-6 - Shutdown completed.
2026-08-09 05:27:36.328 [SpringApplicationShutdownHook] INFO  o.s.o.j.LocalContainerEntityManagerFactoryBean - Closing JPA EntityManagerFactory for persistence unit 'default'
2026-08-09 05:27:36.329 [SpringApplicationShutdownHook] INFO  com.zaxxer.hikari.HikariDataSource - HikariPool-7 - Shutdown initiated...
2026-08-09 05:27:36.330 [SpringApplicationShutdownHook] INFO  com.zaxxer.hikari.HikariDataSource - HikariPool-7 - Shutdown completed.
2026-08-09 06:03:06.691 [Test worker] INFO  c.t.TheSystemApplicationTests - Starting TheSystemApplicationTests using Java 21.0.12 with PID 53265 (started by naga in /home/naga/Workspace/Projects/THE-SYSTEM/Backend)
2026-08-09 06:03:06.693 [Test worker] DEBUG c.t.TheSystemApplicationTests - Running with Spring Boot v3.4.5, Spring v6.2.6
2026-08-09 06:03:06.694 [Test worker] INFO  c.t.TheSystemApplicationTests - No active profile set, falling back to 1 default profile: "default"
2026-08-09 06:03:07.749 [Test worker] INFO  o.s.d.r.c.RepositoryConfigurationDelegate - Bootstrapping Spring Data JPA repositories in DEFAULT mode.
2026-08-09 06:03:07.885 [Test worker] INFO  o.s.d.r.c.RepositoryConfigurationDelegate - Finished Spring Data repository scanning in 124 ms. Found 18 JPA repository interfaces.
2026-08-09 06:03:09.992 [Test worker] INFO  o.s.o.j.p.SpringPersistenceUnitInfo - No LoadTimeWeaver setup: ignoring JPA class transformer
2026-08-09 06:03:10.037 [Test worker] INFO  com.zaxxer.hikari.HikariDataSource - HikariPool-1 - Starting...
2026-08-09 06:03:10.238 [Test worker] INFO  com.zaxxer.hikari.pool.HikariPool - HikariPool-1 - Added connection conn0: url=jdbc:h2:mem:thesystem user=SA
2026-08-09 06:03:10.242 [Test worker] INFO  com.zaxxer.hikari.HikariDataSource - HikariPool-1 - Start completed.
2026-08-09 06:03:10.271 [Test worker] WARN  org.hibernate.orm.deprecation - HHH90000025: H2Dialect does not need to be specified explicitly using 'hibernate.dialect' (remove the property setting and it will be selected by default)
2026-08-09 06:03:11.718 [Test worker] INFO  o.s.o.j.LocalContainerEntityManagerFactoryBean - Initialized JPA EntityManagerFactory for persistence unit 'default'
2026-08-09 06:03:12.883 [Test worker] INFO  o.s.d.j.r.query.QueryEnhancerFactory - Hibernate is in classpath; If applicable, HQL parser will be used.
2026-08-09 06:03:14.432 [Test worker] INFO  o.s.s.c.a.a.c.InitializeUserDetailsBeanManagerConfigurer$InitializeUserDetailsManagerConfigurer - Global AuthenticationManager configured with UserDetailsService bean with name userDetailsServiceImpl
2026-08-09 06:03:15.086 [Test worker] INFO  o.s.b.a.e.web.EndpointLinksResolver - Exposing 1 endpoint beneath base path '/actuator'
2026-08-09 06:03:16.279 [Test worker] INFO  c.t.TheSystemApplicationTests - Started TheSystemApplicationTests in 10.063 seconds (process running for 11.499)
2026-08-09 06:03:16.897 [Test worker] INFO  o.s.b.t.c.SpringBootTestContextBootstrapper - Found @SpringBootConfiguration com.thesystem.TheSystemApplication for test class com.thesystem.modules.auth.controller.AuthControllerIntegrationTest
2026-08-09 06:03:16.937 [Test worker] INFO  c.t.m.a.c.AuthControllerIntegrationTest - Starting AuthControllerIntegrationTest using Java 21.0.12 with PID 53265 (started by naga in /home/naga/Workspace/Projects/THE-SYSTEM/Backend)
2026-08-09 06:03:16.938 [Test worker] DEBUG c.t.m.a.c.AuthControllerIntegrationTest - Running with Spring Boot v3.4.5, Spring v6.2.6
2026-08-09 06:03:16.938 [Test worker] INFO  c.t.m.a.c.AuthControllerIntegrationTest - No active profile set, falling back to 1 default profile: "default"
2026-08-09 06:03:17.227 [Test worker] INFO  o.s.d.r.c.RepositoryConfigurationDelegate - Bootstrapping Spring Data JPA repositories in DEFAULT mode.
2026-08-09 06:03:17.265 [Test worker] INFO  o.s.d.r.c.RepositoryConfigurationDelegate - Finished Spring Data repository scanning in 36 ms. Found 18 JPA repository interfaces.
2026-08-09 06:03:18.220 [Test worker] INFO  o.s.o.j.p.SpringPersistenceUnitInfo - No LoadTimeWeaver setup: ignoring JPA class transformer
2026-08-09 06:03:18.222 [Test worker] INFO  com.zaxxer.hikari.HikariDataSource - HikariPool-2 - Starting...
2026-08-09 06:03:18.224 [Test worker] INFO  com.zaxxer.hikari.pool.HikariPool - HikariPool-2 - Added connection conn10: url=jdbc:h2:mem:thesystem user=SA
2026-08-09 06:03:18.225 [Test worker] INFO  com.zaxxer.hikari.HikariDataSource - HikariPool-2 - Start completed.
2026-08-09 06:03:18.227 [Test worker] WARN  org.hibernate.orm.deprecation - HHH90000025: H2Dialect does not need to be specified explicitly using 'hibernate.dialect' (remove the property setting and it will be selected by default)
2026-08-09 06:03:18.553 [Test worker] INFO  o.s.o.j.LocalContainerEntityManagerFactoryBean - Initialized JPA EntityManagerFactory for persistence unit 'default'
2026-08-09 06:03:19.924 [Test worker] INFO  o.s.s.c.a.a.c.InitializeUserDetailsBeanManagerConfigurer$InitializeUserDetailsManagerConfigurer - Global AuthenticationManager configured with UserDetailsService bean with name userDetailsServiceImpl
2026-08-09 06:03:20.366 [Test worker] INFO  o.s.b.a.e.web.EndpointLinksResolver - Exposing 1 endpoint beneath base path '/actuator'
2026-08-09 06:03:21.182 [Test worker] INFO  o.s.b.t.m.w.SpringBootMockServletContext - Initializing Spring TestDispatcherServlet ''
2026-08-09 06:03:21.183 [Test worker] INFO  o.s.t.w.s.TestDispatcherServlet - Initializing Servlet ''
2026-08-09 06:03:21.187 [Test worker] INFO  o.s.t.w.s.TestDispatcherServlet - Completed initialization in 4 ms
2026-08-09 06:03:21.254 [Test worker] INFO  c.t.m.a.c.AuthControllerIntegrationTest - Started AuthControllerIntegrationTest in 4.351 seconds (process running for 16.475)
2026-08-09 06:03:22.896 [Test worker] INFO  o.s.b.t.c.SpringBootTestContextBootstrapper - Found @SpringBootConfiguration com.thesystem.TheSystemApplication for test class com.thesystem.modules.goal.controller.GoalControllerIntegrationTest
2026-08-09 06:03:22.967 [Test worker] INFO  c.t.m.g.c.GoalControllerIntegrationTest - Starting GoalControllerIntegrationTest using Java 21.0.12 with PID 53265 (started by naga in /home/naga/Workspace/Projects/THE-SYSTEM/Backend)
2026-08-09 06:03:22.967 [Test worker] DEBUG c.t.m.g.c.GoalControllerIntegrationTest - Running with Spring Boot v3.4.5, Spring v6.2.6
2026-08-09 06:03:22.968 [Test worker] INFO  c.t.m.g.c.GoalControllerIntegrationTest - No active profile set, falling back to 1 default profile: "default"
2026-08-09 06:03:23.550 [Test worker] INFO  o.s.d.r.c.RepositoryConfigurationDelegate - Bootstrapping Spring Data JPA repositories in DEFAULT mode.
2026-08-09 06:03:23.654 [Test worker] INFO  o.s.d.r.c.RepositoryConfigurationDelegate - Finished Spring Data repository scanning in 77 ms. Found 18 JPA repository interfaces.
2026-08-09 06:03:24.531 [Test worker] INFO  o.s.o.j.p.SpringPersistenceUnitInfo - No LoadTimeWeaver setup: ignoring JPA class transformer
2026-08-09 06:03:24.533 [Test worker] INFO  com.zaxxer.hikari.HikariDataSource - HikariPool-3 - Starting...
2026-08-09 06:03:24.534 [Test worker] INFO  com.zaxxer.hikari.pool.HikariPool - HikariPool-3 - Added connection conn20: url=jdbc:h2:mem:thesystem user=SA
2026-08-09 06:03:24.535 [Test worker] INFO  com.zaxxer.hikari.HikariDataSource - HikariPool-3 - Start completed.
2026-08-09 06:03:24.537 [Test worker] WARN  org.hibernate.orm.deprecation - HHH90000025: H2Dialect does not need to be specified explicitly using 'hibernate.dialect' (remove the property setting and it will be selected by default)
2026-08-09 06:03:24.855 [Test worker] INFO  o.s.o.j.LocalContainerEntityManagerFactoryBean - Initialized JPA EntityManagerFactory for persistence unit 'default'
2026-08-09 06:03:26.337 [Test worker] INFO  o.s.s.c.a.a.c.InitializeUserDetailsBeanManagerConfigurer$InitializeUserDetailsManagerConfigurer - Global AuthenticationManager configured with UserDetailsService bean with name userDetailsServiceImpl
2026-08-09 06:03:26.833 [Test worker] INFO  o.s.b.a.e.web.EndpointLinksResolver - Exposing 1 endpoint beneath base path '/actuator'
2026-08-09 06:03:27.782 [Test worker] INFO  o.s.b.t.m.w.SpringBootMockServletContext - Initializing Spring TestDispatcherServlet ''
2026-08-09 06:03:27.782 [Test worker] INFO  o.s.t.w.s.TestDispatcherServlet - Initializing Servlet ''
2026-08-09 06:03:27.784 [Test worker] INFO  o.s.t.w.s.TestDispatcherServlet - Completed initialization in 1 ms
2026-08-09 06:03:27.848 [Test worker] INFO  c.t.m.g.c.GoalControllerIntegrationTest - Started GoalControllerIntegrationTest in 4.942 seconds (process running for 23.07)
2026-08-09 06:03:28.957 [Test worker] INFO  o.s.b.t.c.SpringBootTestContextBootstrapper - Found @SpringBootConfiguration com.thesystem.TheSystemApplication for test class com.thesystem.modules.settings.controller.SettingsControllerIntegrationTest
2026-08-09 06:03:28.987 [Test worker] INFO  c.t.m.s.c.SettingsControllerIntegrationTest - Starting SettingsControllerIntegrationTest using Java 21.0.12 with PID 53265 (started by naga in /home/naga/Workspace/Projects/THE-SYSTEM/Backend)
2026-08-09 06:03:28.988 [Test worker] DEBUG c.t.m.s.c.SettingsControllerIntegrationTest - Running with Spring Boot v3.4.5, Spring v6.2.6
2026-08-09 06:03:28.988 [Test worker] INFO  c.t.m.s.c.SettingsControllerIntegrationTest - No active profile set, falling back to 1 default profile: "default"
2026-08-09 06:03:29.372 [Test worker] INFO  o.s.d.r.c.RepositoryConfigurationDelegate - Bootstrapping Spring Data JPA repositories in DEFAULT mode.
2026-08-09 06:03:29.413 [Test worker] INFO  o.s.d.r.c.RepositoryConfigurationDelegate - Finished Spring Data repository scanning in 39 ms. Found 18 JPA repository interfaces.
2026-08-09 06:03:29.887 [Test worker] INFO  o.s.o.j.p.SpringPersistenceUnitInfo - No LoadTimeWeaver setup: ignoring JPA class transformer
2026-08-09 06:03:29.889 [Test worker] INFO  com.zaxxer.hikari.HikariDataSource - HikariPool-4 - Starting...
2026-08-09 06:03:29.891 [Test worker] INFO  com.zaxxer.hikari.pool.HikariPool - HikariPool-4 - Added connection conn30: url=jdbc:h2:mem:thesystem user=SA
2026-08-09 06:03:29.892 [Test worker] INFO  com.zaxxer.hikari.HikariDataSource - HikariPool-4 - Start completed.
2026-08-09 06:03:29.893 [Test worker] WARN  org.hibernate.orm.deprecation - HHH90000025: H2Dialect does not need to be specified explicitly using 'hibernate.dialect' (remove the property setting and it will be selected by default)
2026-08-09 06:03:30.066 [Test worker] INFO  o.s.o.j.LocalContainerEntityManagerFactoryBean - Initialized JPA EntityManagerFactory for persistence unit 'default'
2026-08-09 06:03:30.814 [Test worker] INFO  o.s.s.c.a.a.c.InitializeUserDetailsBeanManagerConfigurer$InitializeUserDetailsManagerConfigurer - Global AuthenticationManager configured with UserDetailsService bean with name userDetailsServiceImpl
2026-08-09 06:03:31.138 [Test worker] INFO  o.s.b.a.e.web.EndpointLinksResolver - Exposing 1 endpoint beneath base path '/actuator'
2026-08-09 06:03:31.787 [Test worker] INFO  o.s.b.t.m.w.SpringBootMockServletContext - Initializing Spring TestDispatcherServlet ''
2026-08-09 06:03:31.787 [Test worker] INFO  o.s.t.w.s.TestDispatcherServlet - Initializing Servlet ''
2026-08-09 06:03:31.789 [Test worker] INFO  o.s.t.w.s.TestDispatcherServlet - Completed initialization in 2 ms
2026-08-09 06:03:31.832 [Test worker] INFO  c.t.m.s.c.SettingsControllerIntegrationTest - Started SettingsControllerIntegrationTest in 2.869 seconds (process running for 27.053)
2026-08-09 06:03:32.203 [Test worker] INFO  o.s.b.t.c.SpringBootTestContextBootstrapper - Found @SpringBootConfiguration com.thesystem.TheSystemApplication for test class com.thesystem.modules.task.controller.TaskControllerIntegrationTest
2026-08-09 06:03:32.229 [Test worker] INFO  c.t.m.t.c.TaskControllerIntegrationTest - Starting TaskControllerIntegrationTest using Java 21.0.12 with PID 53265 (started by naga in /home/naga/Workspace/Projects/THE-SYSTEM/Backend)
2026-08-09 06:03:32.229 [Test worker] DEBUG c.t.m.t.c.TaskControllerIntegrationTest - Running with Spring Boot v3.4.5, Spring v6.2.6
2026-08-09 06:03:32.230 [Test worker] INFO  c.t.m.t.c.TaskControllerIntegrationTest - No active profile set, falling back to 1 default profile: "default"
2026-08-09 06:03:32.472 [Test worker] INFO  o.s.d.r.c.RepositoryConfigurationDelegate - Bootstrapping Spring Data JPA repositories in DEFAULT mode.
2026-08-09 06:03:32.503 [Test worker] INFO  o.s.d.r.c.RepositoryConfigurationDelegate - Finished Spring Data repository scanning in 29 ms. Found 18 JPA repository interfaces.
2026-08-09 06:03:32.934 [Test worker] INFO  o.s.o.j.p.SpringPersistenceUnitInfo - No LoadTimeWeaver setup: ignoring JPA class transformer
2026-08-09 06:03:32.936 [Test worker] INFO  com.zaxxer.hikari.HikariDataSource - HikariPool-5 - Starting...
2026-08-09 06:03:32.938 [Test worker] INFO  com.zaxxer.hikari.pool.HikariPool - HikariPool-5 - Added connection conn40: url=jdbc:h2:mem:thesystem user=SA
2026-08-09 06:03:32.939 [Test worker] INFO  com.zaxxer.hikari.HikariDataSource - HikariPool-5 - Start completed.
2026-08-09 06:03:32.940 [Test worker] WARN  org.hibernate.orm.deprecation - HHH90000025: H2Dialect does not need to be specified explicitly using 'hibernate.dialect' (remove the property setting and it will be selected by default)
2026-08-09 06:03:33.130 [Test worker] INFO  o.s.o.j.LocalContainerEntityManagerFactoryBean - Initialized JPA EntityManagerFactory for persistence unit 'default'
2026-08-09 06:03:33.736 [Test worker] INFO  o.s.s.c.a.a.c.InitializeUserDetailsBeanManagerConfigurer$InitializeUserDetailsManagerConfigurer - Global AuthenticationManager configured with UserDetailsService bean with name userDetailsServiceImpl
2026-08-09 06:03:33.989 [Test worker] INFO  o.s.b.a.e.web.EndpointLinksResolver - Exposing 1 endpoint beneath base path '/actuator'
2026-08-09 06:03:34.452 [Test worker] INFO  o.s.b.t.m.w.SpringBootMockServletContext - Initializing Spring TestDispatcherServlet ''
2026-08-09 06:03:34.453 [Test worker] INFO  o.s.t.w.s.TestDispatcherServlet - Initializing Servlet ''
2026-08-09 06:03:34.454 [Test worker] INFO  o.s.t.w.s.TestDispatcherServlet - Completed initialization in 1 ms
2026-08-09 06:03:34.496 [Test worker] INFO  c.t.m.t.c.TaskControllerIntegrationTest - Started TaskControllerIntegrationTest in 2.289 seconds (process running for 29.718)
2026-08-09 06:03:35.757 [Test worker] INFO  o.s.b.t.c.SpringBootTestContextBootstrapper - Found @SpringBootConfiguration com.thesystem.TheSystemApplication for test class com.thesystem.modules.user.controller.UserControllerIntegrationTest
2026-08-09 06:03:35.785 [Test worker] INFO  c.t.m.u.c.UserControllerIntegrationTest - Starting UserControllerIntegrationTest using Java 21.0.12 with PID 53265 (started by naga in /home/naga/Workspace/Projects/THE-SYSTEM/Backend)
2026-08-09 06:03:35.785 [Test worker] DEBUG c.t.m.u.c.UserControllerIntegrationTest - Running with Spring Boot v3.4.5, Spring v6.2.6
2026-08-09 06:03:35.786 [Test worker] INFO  c.t.m.u.c.UserControllerIntegrationTest - No active profile set, falling back to 1 default profile: "default"
2026-08-09 06:03:36.039 [Test worker] INFO  o.s.d.r.c.RepositoryConfigurationDelegate - Bootstrapping Spring Data JPA repositories in DEFAULT mode.
2026-08-09 06:03:36.072 [Test worker] INFO  o.s.d.r.c.RepositoryConfigurationDelegate - Finished Spring Data repository scanning in 30 ms. Found 18 JPA repository interfaces.
2026-08-09 06:03:36.481 [Test worker] INFO  o.s.o.j.p.SpringPersistenceUnitInfo - No LoadTimeWeaver setup: ignoring JPA class transformer
2026-08-09 06:03:36.482 [Test worker] INFO  com.zaxxer.hikari.HikariDataSource - HikariPool-6 - Starting...
2026-08-09 06:03:36.484 [Test worker] INFO  com.zaxxer.hikari.pool.HikariPool - HikariPool-6 - Added connection conn50: url=jdbc:h2:mem:thesystem user=SA
2026-08-09 06:03:36.484 [Test worker] INFO  com.zaxxer.hikari.HikariDataSource - HikariPool-6 - Start completed.
2026-08-09 06:03:36.485 [Test worker] WARN  org.hibernate.orm.deprecation - HHH90000025: H2Dialect does not need to be specified explicitly using 'hibernate.dialect' (remove the property setting and it will be selected by default)
2026-08-09 06:03:36.644 [Test worker] INFO  o.s.o.j.LocalContainerEntityManagerFactoryBean - Initialized JPA EntityManagerFactory for persistence unit 'default'
2026-08-09 06:03:37.169 [Test worker] INFO  o.s.s.c.a.a.c.InitializeUserDetailsBeanManagerConfigurer$InitializeUserDetailsManagerConfigurer - Global AuthenticationManager configured with UserDetailsService bean with name userDetailsServiceImpl
2026-08-09 06:03:37.424 [Test worker] INFO  o.s.b.a.e.web.EndpointLinksResolver - Exposing 1 endpoint beneath base path '/actuator'
2026-08-09 06:03:37.745 [Test worker] INFO  o.s.b.t.m.w.SpringBootMockServletContext - Initializing Spring TestDispatcherServlet ''
2026-08-09 06:03:37.746 [Test worker] INFO  o.s.t.w.s.TestDispatcherServlet - Initializing Servlet ''
2026-08-09 06:03:37.747 [Test worker] INFO  o.s.t.w.s.TestDispatcherServlet - Completed initialization in 1 ms
2026-08-09 06:03:37.772 [Test worker] INFO  c.t.m.u.c.UserControllerIntegrationTest - Started UserControllerIntegrationTest in 2.009 seconds (process running for 32.993)
2026-08-09 06:03:38.039 [Test worker] INFO  o.s.b.t.c.SpringBootTestContextBootstrapper - Found @SpringBootConfiguration com.thesystem.TheSystemApplication for test class com.thesystem.modules.xp.controller.XpControllerIntegrationTest
2026-08-09 06:03:38.062 [Test worker] INFO  c.t.m.x.c.XpControllerIntegrationTest - Starting XpControllerIntegrationTest using Java 21.0.12 with PID 53265 (started by naga in /home/naga/Workspace/Projects/THE-SYSTEM/Backend)
2026-08-09 06:03:38.062 [Test worker] DEBUG c.t.m.x.c.XpControllerIntegrationTest - Running with Spring Boot v3.4.5, Spring v6.2.6
2026-08-09 06:03:38.062 [Test worker] INFO  c.t.m.x.c.XpControllerIntegrationTest - No active profile set, falling back to 1 default profile: "default"
2026-08-09 06:03:38.279 [Test worker] INFO  o.s.d.r.c.RepositoryConfigurationDelegate - Bootstrapping Spring Data JPA repositories in DEFAULT mode.
2026-08-09 06:03:38.308 [Test worker] INFO  o.s.d.r.c.RepositoryConfigurationDelegate - Finished Spring Data repository scanning in 28 ms. Found 18 JPA repository interfaces.
2026-08-09 06:03:38.746 [Test worker] INFO  o.s.o.j.p.SpringPersistenceUnitInfo - No LoadTimeWeaver setup: ignoring JPA class transformer
2026-08-09 06:03:38.747 [Test worker] INFO  com.zaxxer.hikari.HikariDataSource - HikariPool-7 - Starting...
2026-08-09 06:03:38.749 [Test worker] INFO  com.zaxxer.hikari.pool.HikariPool - HikariPool-7 - Added connection conn60: url=jdbc:h2:mem:thesystem user=SA
2026-08-09 06:03:38.749 [Test worker] INFO  com.zaxxer.hikari.HikariDataSource - HikariPool-7 - Start completed.
2026-08-09 06:03:38.750 [Test worker] WARN  org.hibernate.orm.deprecation - HHH90000025: H2Dialect does not need to be specified explicitly using 'hibernate.dialect' (remove the property setting and it will be selected by default)
2026-08-09 06:03:38.870 [Test worker] INFO  o.s.o.j.LocalContainerEntityManagerFactoryBean - Initialized JPA EntityManagerFactory for persistence unit 'default'
2026-08-09 06:03:39.312 [Test worker] INFO  o.s.s.c.a.a.c.InitializeUserDetailsBeanManagerConfigurer$InitializeUserDetailsManagerConfigurer - Global AuthenticationManager configured with UserDetailsService bean with name userDetailsServiceImpl
2026-08-09 06:03:39.504 [Test worker] INFO  o.s.b.a.e.web.EndpointLinksResolver - Exposing 1 endpoint beneath base path '/actuator'
2026-08-09 06:03:39.873 [Test worker] INFO  o.s.b.t.m.w.SpringBootMockServletContext - Initializing Spring TestDispatcherServlet ''
2026-08-09 06:03:39.874 [Test worker] INFO  o.s.t.w.s.TestDispatcherServlet - Initializing Servlet ''
2026-08-09 06:03:39.875 [Test worker] INFO  o.s.t.w.s.TestDispatcherServlet - Completed initialization in 1 ms
2026-08-09 06:03:39.906 [Test worker] INFO  c.t.m.x.c.XpControllerIntegrationTest - Started XpControllerIntegrationTest in 1.864 seconds (process running for 35.127)
2026-08-09 06:03:40.992 [SpringApplicationShutdownHook] INFO  o.s.o.j.LocalContainerEntityManagerFactoryBean - Closing JPA EntityManagerFactory for persistence unit 'default'
2026-08-09 06:03:40.995 [SpringApplicationShutdownHook] INFO  com.zaxxer.hikari.HikariDataSource - HikariPool-1 - Shutdown initiated...
2026-08-09 06:03:40.998 [SpringApplicationShutdownHook] INFO  com.zaxxer.hikari.HikariDataSource - HikariPool-1 - Shutdown completed.
2026-08-09 06:03:41.002 [SpringApplicationShutdownHook] INFO  o.s.o.j.LocalContainerEntityManagerFactoryBean - Closing JPA EntityManagerFactory for persistence unit 'default'
2026-08-09 06:03:41.002 [SpringApplicationShutdownHook] INFO  com.zaxxer.hikari.HikariDataSource - HikariPool-2 - Shutdown initiated...
2026-08-09 06:03:41.003 [SpringApplicationShutdownHook] INFO  com.zaxxer.hikari.HikariDataSource - HikariPool-2 - Shutdown completed.
2026-08-09 06:03:41.006 [SpringApplicationShutdownHook] INFO  o.s.o.j.LocalContainerEntityManagerFactoryBean - Closing JPA EntityManagerFactory for persistence unit 'default'
2026-08-09 06:03:41.007 [SpringApplicationShutdownHook] INFO  com.zaxxer.hikari.HikariDataSource - HikariPool-3 - Shutdown initiated...
2026-08-09 06:03:41.010 [SpringApplicationShutdownHook] INFO  com.zaxxer.hikari.HikariDataSource - HikariPool-3 - Shutdown completed.
2026-08-09 06:03:41.013 [SpringApplicationShutdownHook] INFO  o.s.o.j.LocalContainerEntityManagerFactoryBean - Closing JPA EntityManagerFactory for persistence unit 'default'
2026-08-09 06:03:41.014 [SpringApplicationShutdownHook] INFO  com.zaxxer.hikari.HikariDataSource - HikariPool-4 - Shutdown initiated...
2026-08-09 06:03:41.015 [SpringApplicationShutdownHook] INFO  com.zaxxer.hikari.HikariDataSource - HikariPool-4 - Shutdown completed.
2026-08-09 06:03:41.019 [SpringApplicationShutdownHook] INFO  o.s.o.j.LocalContainerEntityManagerFactoryBean - Closing JPA EntityManagerFactory for persistence unit 'default'
2026-08-09 06:03:41.019 [SpringApplicationShutdownHook] INFO  com.zaxxer.hikari.HikariDataSource - HikariPool-5 - Shutdown initiated...
2026-08-09 06:03:41.020 [SpringApplicationShutdownHook] INFO  com.zaxxer.hikari.HikariDataSource - HikariPool-5 - Shutdown completed.
2026-08-09 06:03:41.023 [SpringApplicationShutdownHook] INFO  o.s.o.j.LocalContainerEntityManagerFactoryBean - Closing JPA EntityManagerFactory for persistence unit 'default'
2026-08-09 06:03:41.024 [SpringApplicationShutdownHook] INFO  com.zaxxer.hikari.HikariDataSource - HikariPool-6 - Shutdown initiated...
2026-08-09 06:03:41.025 [SpringApplicationShutdownHook] INFO  com.zaxxer.hikari.HikariDataSource - HikariPool-6 - Shutdown completed.
2026-08-09 06:03:41.028 [SpringApplicationShutdownHook] INFO  o.s.o.j.LocalContainerEntityManagerFactoryBean - Closing JPA EntityManagerFactory for persistence unit 'default'
2026-08-09 06:03:41.029 [SpringApplicationShutdownHook] INFO  com.zaxxer.hikari.HikariDataSource - HikariPool-7 - Shutdown initiated...
2026-08-09 06:03:41.030 [SpringApplicationShutdownHook] INFO  com.zaxxer.hikari.HikariDataSource - HikariPool-7 - Shutdown completed.
2026-08-09 06:07:26.578 [Test worker] INFO  c.t.TheSystemApplicationTests - Starting TheSystemApplicationTests using Java 21.0.12 with PID 54566 (started by naga in /home/naga/Workspace/Projects/THE-SYSTEM/Backend)
2026-08-09 06:07:26.580 [Test worker] DEBUG c.t.TheSystemApplicationTests - Running with Spring Boot v3.4.5, Spring v6.2.6
2026-08-09 06:07:26.581 [Test worker] INFO  c.t.TheSystemApplicationTests - No active profile set, falling back to 1 default profile: "default"
2026-08-09 06:07:27.643 [Test worker] INFO  o.s.d.r.c.RepositoryConfigurationDelegate - Bootstrapping Spring Data JPA repositories in DEFAULT mode.
2026-08-09 06:07:27.772 [Test worker] INFO  o.s.d.r.c.RepositoryConfigurationDelegate - Finished Spring Data repository scanning in 116 ms. Found 18 JPA repository interfaces.
2026-08-09 06:07:29.730 [Test worker] INFO  o.s.o.j.p.SpringPersistenceUnitInfo - No LoadTimeWeaver setup: ignoring JPA class transformer
2026-08-09 06:07:29.763 [Test worker] INFO  com.zaxxer.hikari.HikariDataSource - HikariPool-1 - Starting...
2026-08-09 06:07:29.931 [Test worker] INFO  com.zaxxer.hikari.pool.HikariPool - HikariPool-1 - Added connection conn0: url=jdbc:h2:mem:thesystem user=SA
2026-08-09 06:07:29.933 [Test worker] INFO  com.zaxxer.hikari.HikariDataSource - HikariPool-1 - Start completed.
2026-08-09 06:07:29.955 [Test worker] WARN  org.hibernate.orm.deprecation - HHH90000025: H2Dialect does not need to be specified explicitly using 'hibernate.dialect' (remove the property setting and it will be selected by default)
2026-08-09 06:07:31.306 [Test worker] INFO  o.s.o.j.LocalContainerEntityManagerFactoryBean - Initialized JPA EntityManagerFactory for persistence unit 'default'
2026-08-09 06:07:32.398 [Test worker] INFO  o.s.d.j.r.query.QueryEnhancerFactory - Hibernate is in classpath; If applicable, HQL parser will be used.
2026-08-09 06:07:33.921 [Test worker] INFO  o.s.s.c.a.a.c.InitializeUserDetailsBeanManagerConfigurer$InitializeUserDetailsManagerConfigurer - Global AuthenticationManager configured with UserDetailsService bean with name userDetailsServiceImpl
2026-08-09 06:07:34.662 [Test worker] INFO  o.s.b.a.e.web.EndpointLinksResolver - Exposing 1 endpoint beneath base path '/actuator'
2026-08-09 06:07:35.826 [Test worker] INFO  c.t.TheSystemApplicationTests - Started TheSystemApplicationTests in 9.743 seconds (process running for 11.093)
2026-08-09 06:07:36.470 [Test worker] INFO  o.s.b.t.c.SpringBootTestContextBootstrapper - Found @SpringBootConfiguration com.thesystem.TheSystemApplication for test class com.thesystem.modules.auth.controller.AuthControllerIntegrationTest
2026-08-09 06:07:36.503 [Test worker] INFO  c.t.m.a.c.AuthControllerIntegrationTest - Starting AuthControllerIntegrationTest using Java 21.0.12 with PID 54566 (started by naga in /home/naga/Workspace/Projects/THE-SYSTEM/Backend)
2026-08-09 06:07:36.504 [Test worker] DEBUG c.t.m.a.c.AuthControllerIntegrationTest - Running with Spring Boot v3.4.5, Spring v6.2.6
2026-08-09 06:07:36.504 [Test worker] INFO  c.t.m.a.c.AuthControllerIntegrationTest - No active profile set, falling back to 1 default profile: "default"
2026-08-09 06:07:36.829 [Test worker] INFO  o.s.d.r.c.RepositoryConfigurationDelegate - Bootstrapping Spring Data JPA repositories in DEFAULT mode.
2026-08-09 06:07:36.879 [Test worker] INFO  o.s.d.r.c.RepositoryConfigurationDelegate - Finished Spring Data repository scanning in 47 ms. Found 18 JPA repository interfaces.
2026-08-09 06:07:37.885 [Test worker] INFO  o.s.o.j.p.SpringPersistenceUnitInfo - No LoadTimeWeaver setup: ignoring JPA class transformer
2026-08-09 06:07:37.887 [Test worker] INFO  com.zaxxer.hikari.HikariDataSource - HikariPool-2 - Starting...
2026-08-09 06:07:37.889 [Test worker] INFO  com.zaxxer.hikari.pool.HikariPool - HikariPool-2 - Added connection conn10: url=jdbc:h2:mem:thesystem user=SA
2026-08-09 06:07:37.890 [Test worker] INFO  com.zaxxer.hikari.HikariDataSource - HikariPool-2 - Start completed.
2026-08-09 06:07:37.891 [Test worker] WARN  org.hibernate.orm.deprecation - HHH90000025: H2Dialect does not need to be specified explicitly using 'hibernate.dialect' (remove the property setting and it will be selected by default)
2026-08-09 06:07:38.277 [Test worker] INFO  o.s.o.j.LocalContainerEntityManagerFactoryBean - Initialized JPA EntityManagerFactory for persistence unit 'default'
2026-08-09 06:07:39.605 [Test worker] INFO  o.s.s.c.a.a.c.InitializeUserDetailsBeanManagerConfigurer$InitializeUserDetailsManagerConfigurer - Global AuthenticationManager configured with UserDetailsService bean with name userDetailsServiceImpl
2026-08-09 06:07:40.006 [Test worker] INFO  o.s.b.a.e.web.EndpointLinksResolver - Exposing 1 endpoint beneath base path '/actuator'
2026-08-09 06:07:40.895 [Test worker] INFO  o.s.b.t.m.w.SpringBootMockServletContext - Initializing Spring TestDispatcherServlet ''
2026-08-09 06:07:40.896 [Test worker] INFO  o.s.t.w.s.TestDispatcherServlet - Initializing Servlet ''
2026-08-09 06:07:40.902 [Test worker] INFO  o.s.t.w.s.TestDispatcherServlet - Completed initialization in 5 ms
2026-08-09 06:07:40.959 [Test worker] INFO  c.t.m.a.c.AuthControllerIntegrationTest - Started AuthControllerIntegrationTest in 4.484 seconds (process running for 16.228)
2026-08-09 06:07:42.435 [Test worker] INFO  o.s.b.t.c.SpringBootTestContextBootstrapper - Found @SpringBootConfiguration com.thesystem.TheSystemApplication for test class com.thesystem.modules.goal.controller.GoalControllerIntegrationTest
2026-08-09 06:07:42.495 [Test worker] INFO  c.t.m.g.c.GoalControllerIntegrationTest - Starting GoalControllerIntegrationTest using Java 21.0.12 with PID 54566 (started by naga in /home/naga/Workspace/Projects/THE-SYSTEM/Backend)
2026-08-09 06:07:42.496 [Test worker] DEBUG c.t.m.g.c.GoalControllerIntegrationTest - Running with Spring Boot v3.4.5, Spring v6.2.6
2026-08-09 06:07:42.497 [Test worker] INFO  c.t.m.g.c.GoalControllerIntegrationTest - No active profile set, falling back to 1 default profile: "default"
2026-08-09 06:07:43.115 [Test worker] INFO  o.s.d.r.c.RepositoryConfigurationDelegate - Bootstrapping Spring Data JPA repositories in DEFAULT mode.
2026-08-09 06:07:43.191 [Test worker] INFO  o.s.d.r.c.RepositoryConfigurationDelegate - Finished Spring Data repository scanning in 73 ms. Found 18 JPA repository interfaces.
2026-08-09 06:07:44.156 [Test worker] INFO  o.s.o.j.p.SpringPersistenceUnitInfo - No LoadTimeWeaver setup: ignoring JPA class transformer
2026-08-09 06:07:44.159 [Test worker] INFO  com.zaxxer.hikari.HikariDataSource - HikariPool-3 - Starting...
2026-08-09 06:07:44.162 [Test worker] INFO  com.zaxxer.hikari.pool.HikariPool - HikariPool-3 - Added connection conn20: url=jdbc:h2:mem:thesystem user=SA
2026-08-09 06:07:44.163 [Test worker] INFO  com.zaxxer.hikari.HikariDataSource - HikariPool-3 - Start completed.
2026-08-09 06:07:44.165 [Test worker] WARN  org.hibernate.orm.deprecation - HHH90000025: H2Dialect does not need to be specified explicitly using 'hibernate.dialect' (remove the property setting and it will be selected by default)
2026-08-09 06:07:44.487 [Test worker] INFO  o.s.o.j.LocalContainerEntityManagerFactoryBean - Initialized JPA EntityManagerFactory for persistence unit 'default'
2026-08-09 06:07:45.956 [Test worker] INFO  o.s.s.c.a.a.c.InitializeUserDetailsBeanManagerConfigurer$InitializeUserDetailsManagerConfigurer - Global AuthenticationManager configured with UserDetailsService bean with name userDetailsServiceImpl
2026-08-09 06:07:46.431 [Test worker] INFO  o.s.b.a.e.web.EndpointLinksResolver - Exposing 1 endpoint beneath base path '/actuator'
2026-08-09 06:07:47.340 [Test worker] INFO  o.s.b.t.m.w.SpringBootMockServletContext - Initializing Spring TestDispatcherServlet ''
2026-08-09 06:07:47.341 [Test worker] INFO  o.s.t.w.s.TestDispatcherServlet - Initializing Servlet ''
2026-08-09 06:07:47.344 [Test worker] INFO  o.s.t.w.s.TestDispatcherServlet - Completed initialization in 3 ms
2026-08-09 06:07:47.414 [Test worker] INFO  c.t.m.g.c.GoalControllerIntegrationTest - Started GoalControllerIntegrationTest in 4.969 seconds (process running for 22.682)
2026-08-09 06:07:48.727 [Test worker] INFO  o.s.b.t.c.SpringBootTestContextBootstrapper - Found @SpringBootConfiguration com.thesystem.TheSystemApplication for test class com.thesystem.modules.settings.controller.SettingsControllerIntegrationTest
2026-08-09 06:07:48.775 [Test worker] INFO  c.t.m.s.c.SettingsControllerIntegrationTest - Starting SettingsControllerIntegrationTest using Java 21.0.12 with PID 54566 (started by naga in /home/naga/Workspace/Projects/THE-SYSTEM/Backend)
2026-08-09 06:07:48.776 [Test worker] DEBUG c.t.m.s.c.SettingsControllerIntegrationTest - Running with Spring Boot v3.4.5, Spring v6.2.6
2026-08-09 06:07:48.777 [Test worker] INFO  c.t.m.s.c.SettingsControllerIntegrationTest - No active profile set, falling back to 1 default profile: "default"
2026-08-09 06:07:49.119 [Test worker] INFO  o.s.d.r.c.RepositoryConfigurationDelegate - Bootstrapping Spring Data JPA repositories in DEFAULT mode.
2026-08-09 06:07:49.167 [Test worker] INFO  o.s.d.r.c.RepositoryConfigurationDelegate - Finished Spring Data repository scanning in 46 ms. Found 18 JPA repository interfaces.
2026-08-09 06:07:49.778 [Test worker] INFO  o.s.o.j.p.SpringPersistenceUnitInfo - No LoadTimeWeaver setup: ignoring JPA class transformer
2026-08-09 06:07:49.780 [Test worker] INFO  com.zaxxer.hikari.HikariDataSource - HikariPool-4 - Starting...
2026-08-09 06:07:49.781 [Test worker] INFO  com.zaxxer.hikari.pool.HikariPool - HikariPool-4 - Added connection conn30: url=jdbc:h2:mem:thesystem user=SA
2026-08-09 06:07:49.782 [Test worker] INFO  com.zaxxer.hikari.HikariDataSource - HikariPool-4 - Start completed.
2026-08-09 06:07:49.783 [Test worker] WARN  org.hibernate.orm.deprecation - HHH90000025: H2Dialect does not need to be specified explicitly using 'hibernate.dialect' (remove the property setting and it will be selected by default)
2026-08-09 06:07:50.042 [Test worker] INFO  o.s.o.j.LocalContainerEntityManagerFactoryBean - Initialized JPA EntityManagerFactory for persistence unit 'default'
2026-08-09 06:07:50.871 [Test worker] INFO  o.s.s.c.a.a.c.InitializeUserDetailsBeanManagerConfigurer$InitializeUserDetailsManagerConfigurer - Global AuthenticationManager configured with UserDetailsService bean with name userDetailsServiceImpl
2026-08-09 06:07:51.128 [Test worker] INFO  o.s.b.a.e.web.EndpointLinksResolver - Exposing 1 endpoint beneath base path '/actuator'
2026-08-09 06:07:51.770 [Test worker] INFO  o.s.b.t.m.w.SpringBootMockServletContext - Initializing Spring TestDispatcherServlet ''
2026-08-09 06:07:51.771 [Test worker] INFO  o.s.t.w.s.TestDispatcherServlet - Initializing Servlet ''
2026-08-09 06:07:51.772 [Test worker] INFO  o.s.t.w.s.TestDispatcherServlet - Completed initialization in 1 ms
2026-08-09 06:07:51.812 [Test worker] INFO  c.t.m.s.c.SettingsControllerIntegrationTest - Started SettingsControllerIntegrationTest in 3.072 seconds (process running for 27.08)
2026-08-09 06:07:52.194 [Test worker] INFO  o.s.b.t.c.SpringBootTestContextBootstrapper - Found @SpringBootConfiguration com.thesystem.TheSystemApplication for test class com.thesystem.modules.task.controller.TaskControllerIntegrationTest
2026-08-09 06:07:52.224 [Test worker] INFO  c.t.m.t.c.TaskControllerIntegrationTest - Starting TaskControllerIntegrationTest using Java 21.0.12 with PID 54566 (started by naga in /home/naga/Workspace/Projects/THE-SYSTEM/Backend)
2026-08-09 06:07:52.225 [Test worker] DEBUG c.t.m.t.c.TaskControllerIntegrationTest - Running with Spring Boot v3.4.5, Spring v6.2.6
2026-08-09 06:07:52.226 [Test worker] INFO  c.t.m.t.c.TaskControllerIntegrationTest - No active profile set, falling back to 1 default profile: "default"
2026-08-09 06:07:52.464 [Test worker] INFO  o.s.d.r.c.RepositoryConfigurationDelegate - Bootstrapping Spring Data JPA repositories in DEFAULT mode.
2026-08-09 06:07:52.499 [Test worker] INFO  o.s.d.r.c.RepositoryConfigurationDelegate - Finished Spring Data repository scanning in 32 ms. Found 18 JPA repository interfaces.
2026-08-09 06:07:52.987 [Test worker] INFO  o.s.o.j.p.SpringPersistenceUnitInfo - No LoadTimeWeaver setup: ignoring JPA class transformer
2026-08-09 06:07:52.988 [Test worker] INFO  com.zaxxer.hikari.HikariDataSource - HikariPool-5 - Starting...
2026-08-09 06:07:53.031 [Test worker] INFO  com.zaxxer.hikari.pool.HikariPool - HikariPool-5 - Added connection conn40: url=jdbc:h2:mem:thesystem user=SA
2026-08-09 06:07:53.031 [Test worker] INFO  com.zaxxer.hikari.HikariDataSource - HikariPool-5 - Start completed.
2026-08-09 06:07:53.032 [Test worker] WARN  org.hibernate.orm.deprecation - HHH90000025: H2Dialect does not need to be specified explicitly using 'hibernate.dialect' (remove the property setting and it will be selected by default)
2026-08-09 06:07:53.191 [Test worker] INFO  o.s.o.j.LocalContainerEntityManagerFactoryBean - Initialized JPA EntityManagerFactory for persistence unit 'default'
2026-08-09 06:07:53.800 [Test worker] INFO  o.s.s.c.a.a.c.InitializeUserDetailsBeanManagerConfigurer$InitializeUserDetailsManagerConfigurer - Global AuthenticationManager configured with UserDetailsService bean with name userDetailsServiceImpl
2026-08-09 06:07:54.039 [Test worker] INFO  o.s.b.a.e.web.EndpointLinksResolver - Exposing 1 endpoint beneath base path '/actuator'
2026-08-09 06:07:54.564 [Test worker] INFO  o.s.b.t.m.w.SpringBootMockServletContext - Initializing Spring TestDispatcherServlet ''
2026-08-09 06:07:54.565 [Test worker] INFO  o.s.t.w.s.TestDispatcherServlet - Initializing Servlet ''
2026-08-09 06:07:54.567 [Test worker] INFO  o.s.t.w.s.TestDispatcherServlet - Completed initialization in 2 ms
2026-08-09 06:07:54.606 [Test worker] INFO  c.t.m.t.c.TaskControllerIntegrationTest - Started TaskControllerIntegrationTest in 2.406 seconds (process running for 29.874)
2026-08-09 06:07:55.845 [Test worker] INFO  o.s.b.t.c.SpringBootTestContextBootstrapper - Found @SpringBootConfiguration com.thesystem.TheSystemApplication for test class com.thesystem.modules.user.controller.UserControllerIntegrationTest
2026-08-09 06:07:55.873 [Test worker] INFO  c.t.m.u.c.UserControllerIntegrationTest - Starting UserControllerIntegrationTest using Java 21.0.12 with PID 54566 (started by naga in /home/naga/Workspace/Projects/THE-SYSTEM/Backend)
2026-08-09 06:07:55.874 [Test worker] DEBUG c.t.m.u.c.UserControllerIntegrationTest - Running with Spring Boot v3.4.5, Spring v6.2.6
2026-08-09 06:07:55.874 [Test worker] INFO  c.t.m.u.c.UserControllerIntegrationTest - No active profile set, falling back to 1 default profile: "default"
2026-08-09 06:07:56.085 [Test worker] INFO  o.s.d.r.c.RepositoryConfigurationDelegate - Bootstrapping Spring Data JPA repositories in DEFAULT mode.
2026-08-09 06:07:56.117 [Test worker] INFO  o.s.d.r.c.RepositoryConfigurationDelegate - Finished Spring Data repository scanning in 30 ms. Found 18 JPA repository interfaces.
2026-08-09 06:07:56.480 [Test worker] INFO  o.s.o.j.p.SpringPersistenceUnitInfo - No LoadTimeWeaver setup: ignoring JPA class transformer
2026-08-09 06:07:56.481 [Test worker] INFO  com.zaxxer.hikari.HikariDataSource - HikariPool-6 - Starting...
2026-08-09 06:07:56.483 [Test worker] INFO  com.zaxxer.hikari.pool.HikariPool - HikariPool-6 - Added connection conn50: url=jdbc:h2:mem:thesystem user=SA
2026-08-09 06:07:56.484 [Test worker] INFO  com.zaxxer.hikari.HikariDataSource - HikariPool-6 - Start completed.
2026-08-09 06:07:56.484 [Test worker] WARN  org.hibernate.orm.deprecation - HHH90000025: H2Dialect does not need to be specified explicitly using 'hibernate.dialect' (remove the property setting and it will be selected by default)
2026-08-09 06:07:56.652 [Test worker] INFO  o.s.o.j.LocalContainerEntityManagerFactoryBean - Initialized JPA EntityManagerFactory for persistence unit 'default'
2026-08-09 06:07:57.205 [Test worker] INFO  o.s.s.c.a.a.c.InitializeUserDetailsBeanManagerConfigurer$InitializeUserDetailsManagerConfigurer - Global AuthenticationManager configured with UserDetailsService bean with name userDetailsServiceImpl
2026-08-09 06:07:57.444 [Test worker] INFO  o.s.b.a.e.web.EndpointLinksResolver - Exposing 1 endpoint beneath base path '/actuator'
2026-08-09 06:07:57.879 [Test worker] INFO  o.s.b.t.m.w.SpringBootMockServletContext - Initializing Spring TestDispatcherServlet ''
2026-08-09 06:07:57.879 [Test worker] INFO  o.s.t.w.s.TestDispatcherServlet - Initializing Servlet ''
2026-08-09 06:07:57.880 [Test worker] INFO  o.s.t.w.s.TestDispatcherServlet - Completed initialization in 1 ms
2026-08-09 06:07:57.910 [Test worker] INFO  c.t.m.u.c.UserControllerIntegrationTest - Started UserControllerIntegrationTest in 2.059 seconds (process running for 33.178)
2026-08-09 06:07:58.198 [Test worker] INFO  o.s.b.t.c.SpringBootTestContextBootstrapper - Found @SpringBootConfiguration com.thesystem.TheSystemApplication for test class com.thesystem.modules.xp.controller.XpControllerIntegrationTest
2026-08-09 06:07:58.218 [Test worker] INFO  c.t.m.x.c.XpControllerIntegrationTest - Starting XpControllerIntegrationTest using Java 21.0.12 with PID 54566 (started by naga in /home/naga/Workspace/Projects/THE-SYSTEM/Backend)
2026-08-09 06:07:58.240 [Test worker] DEBUG c.t.m.x.c.XpControllerIntegrationTest - Running with Spring Boot v3.4.5, Spring v6.2.6
2026-08-09 06:07:58.241 [Test worker] INFO  c.t.m.x.c.XpControllerIntegrationTest - No active profile set, falling back to 1 default profile: "default"
2026-08-09 06:07:58.429 [Test worker] INFO  o.s.d.r.c.RepositoryConfigurationDelegate - Bootstrapping Spring Data JPA repositories in DEFAULT mode.
2026-08-09 06:07:58.451 [Test worker] INFO  o.s.d.r.c.RepositoryConfigurationDelegate - Finished Spring Data repository scanning in 19 ms. Found 18 JPA repository interfaces.
2026-08-09 06:07:58.783 [Test worker] INFO  o.s.o.j.p.SpringPersistenceUnitInfo - No LoadTimeWeaver setup: ignoring JPA class transformer
2026-08-09 06:07:58.784 [Test worker] INFO  com.zaxxer.hikari.HikariDataSource - HikariPool-7 - Starting...
2026-08-09 06:07:58.785 [Test worker] INFO  com.zaxxer.hikari.pool.HikariPool - HikariPool-7 - Added connection conn60: url=jdbc:h2:mem:thesystem user=SA
2026-08-09 06:07:58.786 [Test worker] INFO  com.zaxxer.hikari.HikariDataSource - HikariPool-7 - Start completed.
2026-08-09 06:07:58.786 [Test worker] WARN  org.hibernate.orm.deprecation - HHH90000025: H2Dialect does not need to be specified explicitly using 'hibernate.dialect' (remove the property setting and it will be selected by default)
2026-08-09 06:07:58.910 [Test worker] INFO  o.s.o.j.LocalContainerEntityManagerFactoryBean - Initialized JPA EntityManagerFactory for persistence unit 'default'
2026-08-09 06:07:59.421 [Test worker] INFO  o.s.s.c.a.a.c.InitializeUserDetailsBeanManagerConfigurer$InitializeUserDetailsManagerConfigurer - Global AuthenticationManager configured with UserDetailsService bean with name userDetailsServiceImpl
2026-08-09 06:07:59.571 [Test worker] INFO  o.s.b.a.e.web.EndpointLinksResolver - Exposing 1 endpoint beneath base path '/actuator'
2026-08-09 06:07:59.842 [Test worker] INFO  o.s.b.t.m.w.SpringBootMockServletContext - Initializing Spring TestDispatcherServlet ''
2026-08-09 06:07:59.843 [Test worker] INFO  o.s.t.w.s.TestDispatcherServlet - Initializing Servlet ''
2026-08-09 06:07:59.844 [Test worker] INFO  o.s.t.w.s.TestDispatcherServlet - Completed initialization in 1 ms
2026-08-09 06:07:59.871 [Test worker] INFO  c.t.m.x.c.XpControllerIntegrationTest - Started XpControllerIntegrationTest in 1.669 seconds (process running for 35.139)
2026-08-09 06:08:01.121 [SpringApplicationShutdownHook] INFO  o.s.o.j.LocalContainerEntityManagerFactoryBean - Closing JPA EntityManagerFactory for persistence unit 'default'
2026-08-09 06:08:01.124 [SpringApplicationShutdownHook] INFO  com.zaxxer.hikari.HikariDataSource - HikariPool-1 - Shutdown initiated...
2026-08-09 06:08:01.127 [SpringApplicationShutdownHook] INFO  com.zaxxer.hikari.HikariDataSource - HikariPool-1 - Shutdown completed.
2026-08-09 06:08:01.132 [SpringApplicationShutdownHook] INFO  o.s.o.j.LocalContainerEntityManagerFactoryBean - Closing JPA EntityManagerFactory for persistence unit 'default'
2026-08-09 06:08:01.133 [SpringApplicationShutdownHook] INFO  com.zaxxer.hikari.HikariDataSource - HikariPool-2 - Shutdown initiated...
2026-08-09 06:08:01.134 [SpringApplicationShutdownHook] INFO  com.zaxxer.hikari.HikariDataSource - HikariPool-2 - Shutdown completed.
2026-08-09 06:08:01.138 [SpringApplicationShutdownHook] INFO  o.s.o.j.LocalContainerEntityManagerFactoryBean - Closing JPA EntityManagerFactory for persistence unit 'default'
2026-08-09 06:08:01.139 [SpringApplicationShutdownHook] INFO  com.zaxxer.hikari.HikariDataSource - HikariPool-3 - Shutdown initiated...
2026-08-09 06:08:01.140 [SpringApplicationShutdownHook] INFO  com.zaxxer.hikari.HikariDataSource - HikariPool-3 - Shutdown completed.
2026-08-09 06:08:01.145 [SpringApplicationShutdownHook] INFO  o.s.o.j.LocalContainerEntityManagerFactoryBean - Closing JPA EntityManagerFactory for persistence unit 'default'
2026-08-09 06:08:01.146 [SpringApplicationShutdownHook] INFO  com.zaxxer.hikari.HikariDataSource - HikariPool-4 - Shutdown initiated...
2026-08-09 06:08:01.146 [SpringApplicationShutdownHook] INFO  com.zaxxer.hikari.HikariDataSource - HikariPool-4 - Shutdown completed.
2026-08-09 06:08:01.150 [SpringApplicationShutdownHook] INFO  o.s.o.j.LocalContainerEntityManagerFactoryBean - Closing JPA EntityManagerFactory for persistence unit 'default'
2026-08-09 06:08:01.151 [SpringApplicationShutdownHook] INFO  com.zaxxer.hikari.HikariDataSource - HikariPool-5 - Shutdown initiated...
2026-08-09 06:08:01.152 [SpringApplicationShutdownHook] INFO  com.zaxxer.hikari.HikariDataSource - HikariPool-5 - Shutdown completed.
2026-08-09 06:08:01.155 [SpringApplicationShutdownHook] INFO  o.s.o.j.LocalContainerEntityManagerFactoryBean - Closing JPA EntityManagerFactory for persistence unit 'default'
2026-08-09 06:08:01.156 [SpringApplicationShutdownHook] INFO  com.zaxxer.hikari.HikariDataSource - HikariPool-6 - Shutdown initiated...
2026-08-09 06:08:01.157 [SpringApplicationShutdownHook] INFO  com.zaxxer.hikari.HikariDataSource - HikariPool-6 - Shutdown completed.
2026-08-09 06:08:01.160 [SpringApplicationShutdownHook] INFO  o.s.o.j.LocalContainerEntityManagerFactoryBean - Closing JPA EntityManagerFactory for persistence unit 'default'
2026-08-09 06:08:01.161 [SpringApplicationShutdownHook] INFO  com.zaxxer.hikari.HikariDataSource - HikariPool-7 - Shutdown initiated...
2026-08-09 06:08:01.162 [SpringApplicationShutdownHook] INFO  com.zaxxer.hikari.HikariDataSource - HikariPool-7 - Shutdown completed.
2026-08-09 06:09:18.812 [Test worker] INFO  c.t.TheSystemApplicationTests - Starting TheSystemApplicationTests using Java 21.0.12 with PID 55089 (started by naga in /home/naga/Workspace/Projects/THE-SYSTEM/Backend)
2026-08-09 06:09:18.814 [Test worker] DEBUG c.t.TheSystemApplicationTests - Running with Spring Boot v3.4.5, Spring v6.2.6
2026-08-09 06:09:18.815 [Test worker] INFO  c.t.TheSystemApplicationTests - No active profile set, falling back to 1 default profile: "default"
2026-08-09 06:09:19.839 [Test worker] INFO  o.s.d.r.c.RepositoryConfigurationDelegate - Bootstrapping Spring Data JPA repositories in DEFAULT mode.
2026-08-09 06:09:19.985 [Test worker] INFO  o.s.d.r.c.RepositoryConfigurationDelegate - Finished Spring Data repository scanning in 131 ms. Found 18 JPA repository interfaces.
2026-08-09 06:09:21.907 [Test worker] INFO  o.s.o.j.p.SpringPersistenceUnitInfo - No LoadTimeWeaver setup: ignoring JPA class transformer
2026-08-09 06:09:21.940 [Test worker] INFO  com.zaxxer.hikari.HikariDataSource - HikariPool-1 - Starting...
2026-08-09 06:09:22.130 [Test worker] INFO  com.zaxxer.hikari.pool.HikariPool - HikariPool-1 - Added connection conn0: url=jdbc:h2:mem:thesystem user=SA
2026-08-09 06:09:22.133 [Test worker] INFO  com.zaxxer.hikari.HikariDataSource - HikariPool-1 - Start completed.
2026-08-09 06:09:22.156 [Test worker] WARN  org.hibernate.orm.deprecation - HHH90000025: H2Dialect does not need to be specified explicitly using 'hibernate.dialect' (remove the property setting and it will be selected by default)
2026-08-09 06:09:23.373 [Test worker] INFO  o.s.o.j.LocalContainerEntityManagerFactoryBean - Initialized JPA EntityManagerFactory for persistence unit 'default'
2026-08-09 06:09:24.552 [Test worker] INFO  o.s.d.j.r.query.QueryEnhancerFactory - Hibernate is in classpath; If applicable, HQL parser will be used.
2026-08-09 06:09:26.146 [Test worker] INFO  o.s.s.c.a.a.c.InitializeUserDetailsBeanManagerConfigurer$InitializeUserDetailsManagerConfigurer - Global AuthenticationManager configured with UserDetailsService bean with name userDetailsServiceImpl
2026-08-09 06:09:26.835 [Test worker] INFO  o.s.b.a.e.web.EndpointLinksResolver - Exposing 1 endpoint beneath base path '/actuator'
2026-08-09 06:09:28.032 [Test worker] INFO  c.t.TheSystemApplicationTests - Started TheSystemApplicationTests in 9.664 seconds (process running for 14.108)
2026-08-09 06:09:28.207 [Test worker] INFO  o.s.b.t.c.SpringBootTestContextBootstrapper - Found @SpringBootConfiguration com.thesystem.TheSystemApplication for test class com.thesystem.modules.auth.controller.AuthControllerIntegrationTest
2026-08-09 06:09:28.249 [Test worker] INFO  c.t.m.a.c.AuthControllerIntegrationTest - Starting AuthControllerIntegrationTest using Java 21.0.12 with PID 55089 (started by naga in /home/naga/Workspace/Projects/THE-SYSTEM/Backend)
2026-08-09 06:09:28.250 [Test worker] DEBUG c.t.m.a.c.AuthControllerIntegrationTest - Running with Spring Boot v3.4.5, Spring v6.2.6
2026-08-09 06:09:28.250 [Test worker] INFO  c.t.m.a.c.AuthControllerIntegrationTest - No active profile set, falling back to 1 default profile: "default"
2026-08-09 06:09:28.574 [Test worker] INFO  o.s.d.r.c.RepositoryConfigurationDelegate - Bootstrapping Spring Data JPA repositories in DEFAULT mode.
2026-08-09 06:09:28.621 [Test worker] INFO  o.s.d.r.c.RepositoryConfigurationDelegate - Finished Spring Data repository scanning in 44 ms. Found 18 JPA repository interfaces.
2026-08-09 06:09:29.079 [Test worker] INFO  o.s.o.j.p.SpringPersistenceUnitInfo - No LoadTimeWeaver setup: ignoring JPA class transformer
2026-08-09 06:09:29.080 [Test worker] INFO  com.zaxxer.hikari.HikariDataSource - HikariPool-2 - Starting...
2026-08-09 06:09:29.082 [Test worker] INFO  com.zaxxer.hikari.pool.HikariPool - HikariPool-2 - Added connection conn10: url=jdbc:h2:mem:thesystem user=SA
2026-08-09 06:09:29.083 [Test worker] INFO  com.zaxxer.hikari.HikariDataSource - HikariPool-2 - Start completed.
2026-08-09 06:09:29.084 [Test worker] WARN  org.hibernate.orm.deprecation - HHH90000025: H2Dialect does not need to be specified explicitly using 'hibernate.dialect' (remove the property setting and it will be selected by default)
2026-08-09 06:09:29.293 [Test worker] INFO  o.s.o.j.LocalContainerEntityManagerFactoryBean - Initialized JPA EntityManagerFactory for persistence unit 'default'
2026-08-09 06:09:30.030 [Test worker] INFO  o.s.s.c.a.a.c.InitializeUserDetailsBeanManagerConfigurer$InitializeUserDetailsManagerConfigurer - Global AuthenticationManager configured with UserDetailsService bean with name userDetailsServiceImpl
2026-08-09 06:09:30.314 [Test worker] INFO  o.s.b.a.e.web.EndpointLinksResolver - Exposing 1 endpoint beneath base path '/actuator'
2026-08-09 06:09:30.769 [Test worker] INFO  o.s.b.t.m.w.SpringBootMockServletContext - Initializing Spring TestDispatcherServlet ''
2026-08-09 06:09:30.769 [Test worker] INFO  o.s.t.w.s.TestDispatcherServlet - Initializing Servlet ''
2026-08-09 06:09:30.771 [Test worker] INFO  o.s.t.w.s.TestDispatcherServlet - Completed initialization in 2 ms
2026-08-09 06:09:30.808 [Test worker] INFO  c.t.m.a.c.AuthControllerIntegrationTest - Started AuthControllerIntegrationTest in 2.596 seconds (process running for 16.885)
2026-08-09 06:09:31.791 [Test worker] INFO  o.s.b.t.c.SpringBootTestContextBootstrapper - Found @SpringBootConfiguration com.thesystem.TheSystemApplication for test class com.thesystem.modules.goal.controller.GoalControllerIntegrationTest
2026-08-09 06:09:31.820 [Test worker] INFO  c.t.m.g.c.GoalControllerIntegrationTest - Starting GoalControllerIntegrationTest using Java 21.0.12 with PID 55089 (started by naga in /home/naga/Workspace/Projects/THE-SYSTEM/Backend)
2026-08-09 06:09:31.821 [Test worker] DEBUG c.t.m.g.c.GoalControllerIntegrationTest - Running with Spring Boot v3.4.5, Spring v6.2.6
2026-08-09 06:09:31.821 [Test worker] INFO  c.t.m.g.c.GoalControllerIntegrationTest - No active profile set, falling back to 1 default profile: "default"
2026-08-09 06:09:32.070 [Test worker] INFO  o.s.d.r.c.RepositoryConfigurationDelegate - Bootstrapping Spring Data JPA repositories in DEFAULT mode.
2026-08-09 06:09:32.106 [Test worker] INFO  o.s.d.r.c.RepositoryConfigurationDelegate - Finished Spring Data repository scanning in 34 ms. Found 18 JPA repository interfaces.
2026-08-09 06:09:32.512 [Test worker] INFO  o.s.o.j.p.SpringPersistenceUnitInfo - No LoadTimeWeaver setup: ignoring JPA class transformer
2026-08-09 06:09:32.514 [Test worker] INFO  com.zaxxer.hikari.HikariDataSource - HikariPool-3 - Starting...
2026-08-09 06:09:32.516 [Test worker] INFO  com.zaxxer.hikari.pool.HikariPool - HikariPool-3 - Added connection conn20: url=jdbc:h2:mem:thesystem user=SA
2026-08-09 06:09:32.516 [Test worker] INFO  com.zaxxer.hikari.HikariDataSource - HikariPool-3 - Start completed.
2026-08-09 06:09:32.517 [Test worker] WARN  org.hibernate.orm.deprecation - HHH90000025: H2Dialect does not need to be specified explicitly using 'hibernate.dialect' (remove the property setting and it will be selected by default)
2026-08-09 06:09:32.708 [Test worker] INFO  o.s.o.j.LocalContainerEntityManagerFactoryBean - Initialized JPA EntityManagerFactory for persistence unit 'default'
2026-08-09 06:09:33.370 [Test worker] INFO  o.s.s.c.a.a.c.InitializeUserDetailsBeanManagerConfigurer$InitializeUserDetailsManagerConfigurer - Global AuthenticationManager configured with UserDetailsService bean with name userDetailsServiceImpl
2026-08-09 06:09:33.562 [Test worker] INFO  o.s.b.a.e.web.EndpointLinksResolver - Exposing 1 endpoint beneath base path '/actuator'
2026-08-09 06:09:33.988 [Test worker] INFO  o.s.b.t.m.w.SpringBootMockServletContext - Initializing Spring TestDispatcherServlet ''
2026-08-09 06:09:33.989 [Test worker] INFO  o.s.t.w.s.TestDispatcherServlet - Initializing Servlet ''
2026-08-09 06:09:33.990 [Test worker] INFO  o.s.t.w.s.TestDispatcherServlet - Completed initialization in 1 ms
2026-08-09 06:09:34.015 [Test worker] INFO  c.t.m.g.c.GoalControllerIntegrationTest - Started GoalControllerIntegrationTest in 2.218 seconds (process running for 20.092)
2026-08-09 06:09:34.446 [Test worker] INFO  o.s.b.t.c.SpringBootTestContextBootstrapper - Found @SpringBootConfiguration com.thesystem.TheSystemApplication for test class com.thesystem.modules.settings.controller.SettingsControllerIntegrationTest
2026-08-09 06:09:34.468 [Test worker] INFO  c.t.m.s.c.SettingsControllerIntegrationTest - Starting SettingsControllerIntegrationTest using Java 21.0.12 with PID 55089 (started by naga in /home/naga/Workspace/Projects/THE-SYSTEM/Backend)
2026-08-09 06:09:34.468 [Test worker] DEBUG c.t.m.s.c.SettingsControllerIntegrationTest - Running with Spring Boot v3.4.5, Spring v6.2.6
2026-08-09 06:09:34.469 [Test worker] INFO  c.t.m.s.c.SettingsControllerIntegrationTest - No active profile set, falling back to 1 default profile: "default"
2026-08-09 06:09:34.677 [Test worker] INFO  o.s.d.r.c.RepositoryConfigurationDelegate - Bootstrapping Spring Data JPA repositories in DEFAULT mode.
2026-08-09 06:09:34.706 [Test worker] INFO  o.s.d.r.c.RepositoryConfigurationDelegate - Finished Spring Data repository scanning in 27 ms. Found 18 JPA repository interfaces.
2026-08-09 06:09:35.121 [Test worker] INFO  o.s.o.j.p.SpringPersistenceUnitInfo - No LoadTimeWeaver setup: ignoring JPA class transformer
2026-08-09 06:09:35.122 [Test worker] INFO  com.zaxxer.hikari.HikariDataSource - HikariPool-4 - Starting...
2026-08-09 06:09:35.125 [Test worker] INFO  com.zaxxer.hikari.pool.HikariPool - HikariPool-4 - Added connection conn30: url=jdbc:h2:mem:thesystem user=SA
2026-08-09 06:09:35.126 [Test worker] INFO  com.zaxxer.hikari.HikariDataSource - HikariPool-4 - Start completed.
2026-08-09 06:09:35.126 [Test worker] WARN  org.hibernate.orm.deprecation - HHH90000025: H2Dialect does not need to be specified explicitly using 'hibernate.dialect' (remove the property setting and it will be selected by default)
2026-08-09 06:09:35.284 [Test worker] INFO  o.s.o.j.LocalContainerEntityManagerFactoryBean - Initialized JPA EntityManagerFactory for persistence unit 'default'
2026-08-09 06:09:35.840 [Test worker] INFO  o.s.s.c.a.a.c.InitializeUserDetailsBeanManagerConfigurer$InitializeUserDetailsManagerConfigurer - Global AuthenticationManager configured with UserDetailsService bean with name userDetailsServiceImpl
2026-08-09 06:09:36.081 [Test worker] INFO  o.s.b.a.e.web.EndpointLinksResolver - Exposing 1 endpoint beneath base path '/actuator'
2026-08-09 06:09:36.439 [Test worker] INFO  o.s.b.t.m.w.SpringBootMockServletContext - Initializing Spring TestDispatcherServlet ''
2026-08-09 06:09:36.439 [Test worker] INFO  o.s.t.w.s.TestDispatcherServlet - Initializing Servlet ''
2026-08-09 06:09:36.440 [Test worker] INFO  o.s.t.w.s.TestDispatcherServlet - Completed initialization in 1 ms
2026-08-09 06:09:36.464 [Test worker] INFO  c.t.m.s.c.SettingsControllerIntegrationTest - Started SettingsControllerIntegrationTest in 2.014 seconds (process running for 22.541)
2026-08-09 06:09:36.759 [Test worker] INFO  o.s.b.t.c.SpringBootTestContextBootstrapper - Found @SpringBootConfiguration com.thesystem.TheSystemApplication for test class com.thesystem.modules.task.controller.TaskControllerIntegrationTest
2026-08-09 06:09:36.779 [Test worker] INFO  c.t.m.t.c.TaskControllerIntegrationTest - Starting TaskControllerIntegrationTest using Java 21.0.12 with PID 55089 (started by naga in /home/naga/Workspace/Projects/THE-SYSTEM/Backend)
2026-08-09 06:09:36.780 [Test worker] DEBUG c.t.m.t.c.TaskControllerIntegrationTest - Running with Spring Boot v3.4.5, Spring v6.2.6
2026-08-09 06:09:36.780 [Test worker] INFO  c.t.m.t.c.TaskControllerIntegrationTest - No active profile set, falling back to 1 default profile: "default"
2026-08-09 06:09:36.999 [Test worker] INFO  o.s.d.r.c.RepositoryConfigurationDelegate - Bootstrapping Spring Data JPA repositories in DEFAULT mode.
2026-08-09 06:09:37.027 [Test worker] INFO  o.s.d.r.c.RepositoryConfigurationDelegate - Finished Spring Data repository scanning in 27 ms. Found 18 JPA repository interfaces.
2026-08-09 06:09:37.364 [Test worker] INFO  o.s.o.j.p.SpringPersistenceUnitInfo - No LoadTimeWeaver setup: ignoring JPA class transformer
2026-08-09 06:09:37.365 [Test worker] INFO  com.zaxxer.hikari.HikariDataSource - HikariPool-5 - Starting...
2026-08-09 06:09:37.366 [Test worker] INFO  com.zaxxer.hikari.pool.HikariPool - HikariPool-5 - Added connection conn40: url=jdbc:h2:mem:thesystem user=SA
2026-08-09 06:09:37.367 [Test worker] INFO  com.zaxxer.hikari.HikariDataSource - HikariPool-5 - Start completed.
2026-08-09 06:09:37.368 [Test worker] WARN  org.hibernate.orm.deprecation - HHH90000025: H2Dialect does not need to be specified explicitly using 'hibernate.dialect' (remove the property setting and it will be selected by default)
2026-08-09 06:09:37.497 [Test worker] INFO  o.s.o.j.LocalContainerEntityManagerFactoryBean - Initialized JPA EntityManagerFactory for persistence unit 'default'
2026-08-09 06:09:37.966 [Test worker] INFO  o.s.s.c.a.a.c.InitializeUserDetailsBeanManagerConfigurer$InitializeUserDetailsManagerConfigurer - Global AuthenticationManager configured with UserDetailsService bean with name userDetailsServiceImpl
2026-08-09 06:09:38.123 [Test worker] INFO  o.s.b.a.e.web.EndpointLinksResolver - Exposing 1 endpoint beneath base path '/actuator'
2026-08-09 06:09:38.414 [Test worker] INFO  o.s.b.t.m.w.SpringBootMockServletContext - Initializing Spring TestDispatcherServlet ''
2026-08-09 06:09:38.415 [Test worker] INFO  o.s.t.w.s.TestDispatcherServlet - Initializing Servlet ''
2026-08-09 06:09:38.416 [Test worker] INFO  o.s.t.w.s.TestDispatcherServlet - Completed initialization in 1 ms
2026-08-09 06:09:38.439 [Test worker] INFO  c.t.m.t.c.TaskControllerIntegrationTest - Started TaskControllerIntegrationTest in 1.676 seconds (process running for 24.516)
2026-08-09 06:09:39.561 [Test worker] INFO  o.s.b.t.c.SpringBootTestContextBootstrapper - Found @SpringBootConfiguration com.thesystem.TheSystemApplication for test class com.thesystem.modules.user.controller.UserControllerIntegrationTest
2026-08-09 06:09:39.580 [Test worker] INFO  c.t.m.u.c.UserControllerIntegrationTest - Starting UserControllerIntegrationTest using Java 21.0.12 with PID 55089 (started by naga in /home/naga/Workspace/Projects/THE-SYSTEM/Backend)
2026-08-09 06:09:39.580 [Test worker] DEBUG c.t.m.u.c.UserControllerIntegrationTest - Running with Spring Boot v3.4.5, Spring v6.2.6
2026-08-09 06:09:39.580 [Test worker] INFO  c.t.m.u.c.UserControllerIntegrationTest - No active profile set, falling back to 1 default profile: "default"
2026-08-09 06:09:39.770 [Test worker] INFO  o.s.d.r.c.RepositoryConfigurationDelegate - Bootstrapping Spring Data JPA repositories in DEFAULT mode.
2026-08-09 06:09:39.796 [Test worker] INFO  o.s.d.r.c.RepositoryConfigurationDelegate - Finished Spring Data repository scanning in 23 ms. Found 18 JPA repository interfaces.
2026-08-09 06:09:40.125 [Test worker] INFO  o.s.o.j.p.SpringPersistenceUnitInfo - No LoadTimeWeaver setup: ignoring JPA class transformer
2026-08-09 06:09:40.126 [Test worker] INFO  com.zaxxer.hikari.HikariDataSource - HikariPool-6 - Starting...
2026-08-09 06:09:40.127 [Test worker] INFO  com.zaxxer.hikari.pool.HikariPool - HikariPool-6 - Added connection conn50: url=jdbc:h2:mem:thesystem user=SA
2026-08-09 06:09:40.128 [Test worker] INFO  com.zaxxer.hikari.HikariDataSource - HikariPool-6 - Start completed.
2026-08-09 06:09:40.129 [Test worker] WARN  org.hibernate.orm.deprecation - HHH90000025: H2Dialect does not need to be specified explicitly using 'hibernate.dialect' (remove the property setting and it will be selected by default)
2026-08-09 06:09:40.243 [Test worker] INFO  o.s.o.j.LocalContainerEntityManagerFactoryBean - Initialized JPA EntityManagerFactory for persistence unit 'default'
2026-08-09 06:09:40.662 [Test worker] INFO  o.s.s.c.a.a.c.InitializeUserDetailsBeanManagerConfigurer$InitializeUserDetailsManagerConfigurer - Global AuthenticationManager configured with UserDetailsService bean with name userDetailsServiceImpl
2026-08-09 06:09:40.799 [Test worker] INFO  o.s.b.a.e.web.EndpointLinksResolver - Exposing 1 endpoint beneath base path '/actuator'
2026-08-09 06:09:41.101 [Test worker] INFO  o.s.b.t.m.w.SpringBootMockServletContext - Initializing Spring TestDispatcherServlet ''
2026-08-09 06:09:41.101 [Test worker] INFO  o.s.t.w.s.TestDispatcherServlet - Initializing Servlet ''
2026-08-09 06:09:41.103 [Test worker] INFO  o.s.t.w.s.TestDispatcherServlet - Completed initialization in 1 ms
2026-08-09 06:09:41.136 [Test worker] INFO  c.t.m.u.c.UserControllerIntegrationTest - Started UserControllerIntegrationTest in 1.571 seconds (process running for 27.213)
2026-08-09 06:09:41.417 [Test worker] INFO  o.s.b.t.c.SpringBootTestContextBootstrapper - Found @SpringBootConfiguration com.thesystem.TheSystemApplication for test class com.thesystem.modules.xp.controller.XpControllerIntegrationTest
2026-08-09 06:09:41.437 [Test worker] INFO  c.t.m.x.c.XpControllerIntegrationTest - Starting XpControllerIntegrationTest using Java 21.0.12 with PID 55089 (started by naga in /home/naga/Workspace/Projects/THE-SYSTEM/Backend)
2026-08-09 06:09:41.437 [Test worker] DEBUG c.t.m.x.c.XpControllerIntegrationTest - Running with Spring Boot v3.4.5, Spring v6.2.6
2026-08-09 06:09:41.437 [Test worker] INFO  c.t.m.x.c.XpControllerIntegrationTest - No active profile set, falling back to 1 default profile: "default"
2026-08-09 06:09:41.611 [Test worker] INFO  o.s.d.r.c.RepositoryConfigurationDelegate - Bootstrapping Spring Data JPA repositories in DEFAULT mode.
2026-08-09 06:09:41.636 [Test worker] INFO  o.s.d.r.c.RepositoryConfigurationDelegate - Finished Spring Data repository scanning in 23 ms. Found 18 JPA repository interfaces.
2026-08-09 06:09:41.938 [Test worker] INFO  o.s.o.j.p.SpringPersistenceUnitInfo - No LoadTimeWeaver setup: ignoring JPA class transformer
2026-08-09 06:09:41.938 [Test worker] INFO  com.zaxxer.hikari.HikariDataSource - HikariPool-7 - Starting...
2026-08-09 06:09:41.940 [Test worker] INFO  com.zaxxer.hikari.pool.HikariPool - HikariPool-7 - Added connection conn60: url=jdbc:h2:mem:thesystem user=SA
2026-08-09 06:09:41.940 [Test worker] INFO  com.zaxxer.hikari.HikariDataSource - HikariPool-7 - Start completed.
2026-08-09 06:09:41.941 [Test worker] WARN  org.hibernate.orm.deprecation - HHH90000025: H2Dialect does not need to be specified explicitly using 'hibernate.dialect' (remove the property setting and it will be selected by default)
2026-08-09 06:09:42.063 [Test worker] INFO  o.s.o.j.LocalContainerEntityManagerFactoryBean - Initialized JPA EntityManagerFactory for persistence unit 'default'
2026-08-09 06:09:42.534 [Test worker] INFO  o.s.s.c.a.a.c.InitializeUserDetailsBeanManagerConfigurer$InitializeUserDetailsManagerConfigurer - Global AuthenticationManager configured with UserDetailsService bean with name userDetailsServiceImpl
2026-08-09 06:09:42.677 [Test worker] INFO  o.s.b.a.e.web.EndpointLinksResolver - Exposing 1 endpoint beneath base path '/actuator'
2026-08-09 06:09:42.946 [Test worker] INFO  o.s.b.t.m.w.SpringBootMockServletContext - Initializing Spring TestDispatcherServlet ''
2026-08-09 06:09:42.946 [Test worker] INFO  o.s.t.w.s.TestDispatcherServlet - Initializing Servlet ''
2026-08-09 06:09:42.948 [Test worker] INFO  o.s.t.w.s.TestDispatcherServlet - Completed initialization in 1 ms
2026-08-09 06:09:42.970 [Test worker] INFO  c.t.m.x.c.XpControllerIntegrationTest - Started XpControllerIntegrationTest in 1.55 seconds (process running for 29.047)
2026-08-09 06:09:43.173 [SpringApplicationShutdownHook] INFO  o.s.o.j.LocalContainerEntityManagerFactoryBean - Closing JPA EntityManagerFactory for persistence unit 'default'
2026-08-09 06:09:43.175 [SpringApplicationShutdownHook] INFO  com.zaxxer.hikari.HikariDataSource - HikariPool-1 - Shutdown initiated...
2026-08-09 06:09:43.178 [SpringApplicationShutdownHook] INFO  com.zaxxer.hikari.HikariDataSource - HikariPool-1 - Shutdown completed.
2026-08-09 06:09:43.182 [SpringApplicationShutdownHook] INFO  o.s.o.j.LocalContainerEntityManagerFactoryBean - Closing JPA EntityManagerFactory for persistence unit 'default'
2026-08-09 06:09:43.184 [SpringApplicationShutdownHook] INFO  com.zaxxer.hikari.HikariDataSource - HikariPool-2 - Shutdown initiated...
2026-08-09 06:09:43.185 [SpringApplicationShutdownHook] INFO  com.zaxxer.hikari.HikariDataSource - HikariPool-2 - Shutdown completed.
2026-08-09 06:09:43.189 [SpringApplicationShutdownHook] INFO  o.s.o.j.LocalContainerEntityManagerFactoryBean - Closing JPA EntityManagerFactory for persistence unit 'default'
2026-08-09 06:09:43.190 [SpringApplicationShutdownHook] INFO  com.zaxxer.hikari.HikariDataSource - HikariPool-3 - Shutdown initiated...
2026-08-09 06:09:43.191 [SpringApplicationShutdownHook] INFO  com.zaxxer.hikari.HikariDataSource - HikariPool-3 - Shutdown completed.
2026-08-09 06:09:43.195 [SpringApplicationShutdownHook] INFO  o.s.o.j.LocalContainerEntityManagerFactoryBean - Closing JPA EntityManagerFactory for persistence unit 'default'
2026-08-09 06:09:43.196 [SpringApplicationShutdownHook] INFO  com.zaxxer.hikari.HikariDataSource - HikariPool-4 - Shutdown initiated...
2026-08-09 06:09:43.198 [SpringApplicationShutdownHook] INFO  com.zaxxer.hikari.HikariDataSource - HikariPool-4 - Shutdown completed.
2026-08-09 06:09:43.202 [SpringApplicationShutdownHook] INFO  o.s.o.j.LocalContainerEntityManagerFactoryBean - Closing JPA EntityManagerFactory for persistence unit 'default'
2026-08-09 06:09:43.203 [SpringApplicationShutdownHook] INFO  com.zaxxer.hikari.HikariDataSource - HikariPool-5 - Shutdown initiated...
2026-08-09 06:09:43.204 [SpringApplicationShutdownHook] INFO  com.zaxxer.hikari.HikariDataSource - HikariPool-5 - Shutdown completed.
2026-08-09 06:09:43.209 [SpringApplicationShutdownHook] INFO  o.s.o.j.LocalContainerEntityManagerFactoryBean - Closing JPA EntityManagerFactory for persistence unit 'default'
2026-08-09 06:09:43.210 [SpringApplicationShutdownHook] INFO  com.zaxxer.hikari.HikariDataSource - HikariPool-6 - Shutdown initiated...
2026-08-09 06:09:43.211 [SpringApplicationShutdownHook] INFO  com.zaxxer.hikari.HikariDataSource - HikariPool-6 - Shutdown completed.
2026-08-09 06:09:43.215 [SpringApplicationShutdownHook] INFO  o.s.o.j.LocalContainerEntityManagerFactoryBean - Closing JPA EntityManagerFactory for persistence unit 'default'
2026-08-09 06:09:43.216 [SpringApplicationShutdownHook] INFO  com.zaxxer.hikari.HikariDataSource - HikariPool-7 - Shutdown initiated...
2026-08-09 06:09:43.218 [SpringApplicationShutdownHook] INFO  com.zaxxer.hikari.HikariDataSource - HikariPool-7 - Shutdown completed.
2026-08-09 06:10:58.300 [Test worker] INFO  c.t.TheSystemApplicationTests - Starting TheSystemApplicationTests using Java 21.0.12 with PID 55617 (started by naga in /home/naga/Workspace/Projects/THE-SYSTEM/Backend)
2026-08-09 06:10:58.301 [Test worker] DEBUG c.t.TheSystemApplicationTests - Running with Spring Boot v3.4.5, Spring v6.2.6
2026-08-09 06:10:58.303 [Test worker] INFO  c.t.TheSystemApplicationTests - No active profile set, falling back to 1 default profile: "default"
2026-08-09 06:10:59.376 [Test worker] INFO  o.s.d.r.c.RepositoryConfigurationDelegate - Bootstrapping Spring Data JPA repositories in DEFAULT mode.
2026-08-09 06:10:59.533 [Test worker] INFO  o.s.d.r.c.RepositoryConfigurationDelegate - Finished Spring Data repository scanning in 142 ms. Found 18 JPA repository interfaces.
2026-08-09 06:11:01.486 [Test worker] INFO  o.s.o.j.p.SpringPersistenceUnitInfo - No LoadTimeWeaver setup: ignoring JPA class transformer
2026-08-09 06:11:01.515 [Test worker] INFO  com.zaxxer.hikari.HikariDataSource - HikariPool-1 - Starting...
2026-08-09 06:11:01.662 [Test worker] INFO  com.zaxxer.hikari.pool.HikariPool - HikariPool-1 - Added connection conn0: url=jdbc:h2:mem:thesystem user=SA
2026-08-09 06:11:01.664 [Test worker] INFO  com.zaxxer.hikari.HikariDataSource - HikariPool-1 - Start completed.
2026-08-09 06:11:01.685 [Test worker] WARN  org.hibernate.orm.deprecation - HHH90000025: H2Dialect does not need to be specified explicitly using 'hibernate.dialect' (remove the property setting and it will be selected by default)
2026-08-09 06:11:03.056 [Test worker] INFO  o.s.o.j.LocalContainerEntityManagerFactoryBean - Initialized JPA EntityManagerFactory for persistence unit 'default'
2026-08-09 06:11:04.131 [Test worker] INFO  o.s.d.j.r.query.QueryEnhancerFactory - Hibernate is in classpath; If applicable, HQL parser will be used.
2026-08-09 06:11:05.715 [Test worker] INFO  o.s.s.c.a.a.c.InitializeUserDetailsBeanManagerConfigurer$InitializeUserDetailsManagerConfigurer - Global AuthenticationManager configured with UserDetailsService bean with name userDetailsServiceImpl
2026-08-09 06:11:06.417 [Test worker] INFO  o.s.b.a.e.web.EndpointLinksResolver - Exposing 1 endpoint beneath base path '/actuator'
2026-08-09 06:11:07.591 [Test worker] INFO  c.t.TheSystemApplicationTests - Started TheSystemApplicationTests in 9.76 seconds (process running for 11.203)
2026-08-09 06:11:08.236 [Test worker] INFO  o.s.b.t.c.SpringBootTestContextBootstrapper - Found @SpringBootConfiguration com.thesystem.TheSystemApplication for test class com.thesystem.modules.auth.controller.AuthControllerIntegrationTest
2026-08-09 06:11:08.276 [Test worker] INFO  c.t.m.a.c.AuthControllerIntegrationTest - Starting AuthControllerIntegrationTest using Java 21.0.12 with PID 55617 (started by naga in /home/naga/Workspace/Projects/THE-SYSTEM/Backend)
2026-08-09 06:11:08.277 [Test worker] DEBUG c.t.m.a.c.AuthControllerIntegrationTest - Running with Spring Boot v3.4.5, Spring v6.2.6
2026-08-09 06:11:08.277 [Test worker] INFO  c.t.m.a.c.AuthControllerIntegrationTest - No active profile set, falling back to 1 default profile: "default"
2026-08-09 06:11:08.608 [Test worker] INFO  o.s.d.r.c.RepositoryConfigurationDelegate - Bootstrapping Spring Data JPA repositories in DEFAULT mode.
2026-08-09 06:11:08.662 [Test worker] INFO  o.s.d.r.c.RepositoryConfigurationDelegate - Finished Spring Data repository scanning in 51 ms. Found 18 JPA repository interfaces.
2026-08-09 06:11:09.704 [Test worker] INFO  o.s.o.j.p.SpringPersistenceUnitInfo - No LoadTimeWeaver setup: ignoring JPA class transformer
2026-08-09 06:11:09.705 [Test worker] INFO  com.zaxxer.hikari.HikariDataSource - HikariPool-2 - Starting...
2026-08-09 06:11:09.708 [Test worker] INFO  com.zaxxer.hikari.pool.HikariPool - HikariPool-2 - Added connection conn10: url=jdbc:h2:mem:thesystem user=SA
2026-08-09 06:11:09.709 [Test worker] INFO  com.zaxxer.hikari.HikariDataSource - HikariPool-2 - Start completed.
2026-08-09 06:11:09.710 [Test worker] WARN  org.hibernate.orm.deprecation - HHH90000025: H2Dialect does not need to be specified explicitly using 'hibernate.dialect' (remove the property setting and it will be selected by default)
2026-08-09 06:11:09.998 [Test worker] INFO  o.s.o.j.LocalContainerEntityManagerFactoryBean - Initialized JPA EntityManagerFactory for persistence unit 'default'
2026-08-09 06:11:11.366 [Test worker] INFO  o.s.s.c.a.a.c.InitializeUserDetailsBeanManagerConfigurer$InitializeUserDetailsManagerConfigurer - Global AuthenticationManager configured with UserDetailsService bean with name userDetailsServiceImpl
2026-08-09 06:11:11.749 [Test worker] INFO  o.s.b.a.e.web.EndpointLinksResolver - Exposing 1 endpoint beneath base path '/actuator'
2026-08-09 06:11:12.615 [Test worker] INFO  o.s.b.t.m.w.SpringBootMockServletContext - Initializing Spring TestDispatcherServlet ''
2026-08-09 06:11:12.616 [Test worker] INFO  o.s.t.w.s.TestDispatcherServlet - Initializing Servlet ''
2026-08-09 06:11:12.624 [Test worker] INFO  o.s.t.w.s.TestDispatcherServlet - Completed initialization in 3 ms
2026-08-09 06:11:12.695 [Test worker] INFO  c.t.m.a.c.AuthControllerIntegrationTest - Started AuthControllerIntegrationTest in 4.451 seconds (process running for 16.307)
2026-08-09 06:11:14.263 [Test worker] INFO  o.s.b.t.c.SpringBootTestContextBootstrapper - Found @SpringBootConfiguration com.thesystem.TheSystemApplication for test class com.thesystem.modules.goal.controller.GoalControllerIntegrationTest
2026-08-09 06:11:14.326 [Test worker] INFO  c.t.m.g.c.GoalControllerIntegrationTest - Starting GoalControllerIntegrationTest using Java 21.0.12 with PID 55617 (started by naga in /home/naga/Workspace/Projects/THE-SYSTEM/Backend)
2026-08-09 06:11:14.327 [Test worker] DEBUG c.t.m.g.c.GoalControllerIntegrationTest - Running with Spring Boot v3.4.5, Spring v6.2.6
2026-08-09 06:11:14.327 [Test worker] INFO  c.t.m.g.c.GoalControllerIntegrationTest - No active profile set, falling back to 1 default profile: "default"
2026-08-09 06:11:14.913 [Test worker] INFO  o.s.d.r.c.RepositoryConfigurationDelegate - Bootstrapping Spring Data JPA repositories in DEFAULT mode.
2026-08-09 06:11:14.974 [Test worker] INFO  o.s.d.r.c.RepositoryConfigurationDelegate - Finished Spring Data repository scanning in 59 ms. Found 18 JPA repository interfaces.
2026-08-09 06:11:15.924 [Test worker] INFO  o.s.o.j.p.SpringPersistenceUnitInfo - No LoadTimeWeaver setup: ignoring JPA class transformer
2026-08-09 06:11:15.927 [Test worker] INFO  com.zaxxer.hikari.HikariDataSource - HikariPool-3 - Starting...
2026-08-09 06:11:15.929 [Test worker] INFO  com.zaxxer.hikari.pool.HikariPool - HikariPool-3 - Added connection conn20: url=jdbc:h2:mem:thesystem user=SA
2026-08-09 06:11:15.930 [Test worker] INFO  com.zaxxer.hikari.HikariDataSource - HikariPool-3 - Start completed.
2026-08-09 06:11:15.932 [Test worker] WARN  org.hibernate.orm.deprecation - HHH90000025: H2Dialect does not need to be specified explicitly using 'hibernate.dialect' (remove the property setting and it will be selected by default)
2026-08-09 06:11:16.278 [Test worker] INFO  o.s.o.j.LocalContainerEntityManagerFactoryBean - Initialized JPA EntityManagerFactory for persistence unit 'default'
2026-08-09 06:11:17.891 [Test worker] INFO  o.s.s.c.a.a.c.InitializeUserDetailsBeanManagerConfigurer$InitializeUserDetailsManagerConfigurer - Global AuthenticationManager configured with UserDetailsService bean with name userDetailsServiceImpl
2026-08-09 06:11:18.356 [Test worker] INFO  o.s.b.a.e.web.EndpointLinksResolver - Exposing 1 endpoint beneath base path '/actuator'
2026-08-09 06:11:19.211 [Test worker] INFO  o.s.b.t.m.w.SpringBootMockServletContext - Initializing Spring TestDispatcherServlet ''
2026-08-09 06:11:19.212 [Test worker] INFO  o.s.t.w.s.TestDispatcherServlet - Initializing Servlet ''
2026-08-09 06:11:19.214 [Test worker] INFO  o.s.t.w.s.TestDispatcherServlet - Completed initialization in 2 ms
2026-08-09 06:11:19.291 [Test worker] INFO  c.t.m.g.c.GoalControllerIntegrationTest - Started GoalControllerIntegrationTest in 5.017 seconds (process running for 22.903)
2026-08-09 06:11:20.479 [Test worker] INFO  o.s.b.t.c.SpringBootTestContextBootstrapper - Found @SpringBootConfiguration com.thesystem.TheSystemApplication for test class com.thesystem.modules.settings.controller.SettingsControllerIntegrationTest
2026-08-09 06:11:20.508 [Test worker] INFO  c.t.m.s.c.SettingsControllerIntegrationTest - Starting SettingsControllerIntegrationTest using Java 21.0.12 with PID 55617 (started by naga in /home/naga/Workspace/Projects/THE-SYSTEM/Backend)
2026-08-09 06:11:20.508 [Test worker] DEBUG c.t.m.s.c.SettingsControllerIntegrationTest - Running with Spring Boot v3.4.5, Spring v6.2.6
2026-08-09 06:11:20.509 [Test worker] INFO  c.t.m.s.c.SettingsControllerIntegrationTest - No active profile set, falling back to 1 default profile: "default"
2026-08-09 06:11:20.789 [Test worker] INFO  o.s.d.r.c.RepositoryConfigurationDelegate - Bootstrapping Spring Data JPA repositories in DEFAULT mode.
2026-08-09 06:11:20.831 [Test worker] INFO  o.s.d.r.c.RepositoryConfigurationDelegate - Finished Spring Data repository scanning in 40 ms. Found 18 JPA repository interfaces.
2026-08-09 06:11:21.350 [Test worker] INFO  o.s.o.j.p.SpringPersistenceUnitInfo - No LoadTimeWeaver setup: ignoring JPA class transformer
2026-08-09 06:11:21.351 [Test worker] INFO  com.zaxxer.hikari.HikariDataSource - HikariPool-4 - Starting...
2026-08-09 06:11:21.353 [Test worker] INFO  com.zaxxer.hikari.pool.HikariPool - HikariPool-4 - Added connection conn30: url=jdbc:h2:mem:thesystem user=SA
2026-08-09 06:11:21.354 [Test worker] INFO  com.zaxxer.hikari.HikariDataSource - HikariPool-4 - Start completed.
2026-08-09 06:11:21.355 [Test worker] WARN  org.hibernate.orm.deprecation - HHH90000025: H2Dialect does not need to be specified explicitly using 'hibernate.dialect' (remove the property setting and it will be selected by default)
2026-08-09 06:11:21.563 [Test worker] INFO  o.s.o.j.LocalContainerEntityManagerFactoryBean - Initialized JPA EntityManagerFactory for persistence unit 'default'
2026-08-09 06:11:22.304 [Test worker] INFO  o.s.s.c.a.a.c.InitializeUserDetailsBeanManagerConfigurer$InitializeUserDetailsManagerConfigurer - Global AuthenticationManager configured with UserDetailsService bean with name userDetailsServiceImpl
2026-08-09 06:11:22.634 [Test worker] INFO  o.s.b.a.e.web.EndpointLinksResolver - Exposing 1 endpoint beneath base path '/actuator'
2026-08-09 06:11:23.171 [Test worker] INFO  o.s.b.t.m.w.SpringBootMockServletContext - Initializing Spring TestDispatcherServlet ''
2026-08-09 06:11:23.171 [Test worker] INFO  o.s.t.w.s.TestDispatcherServlet - Initializing Servlet ''
2026-08-09 06:11:23.174 [Test worker] INFO  o.s.t.w.s.TestDispatcherServlet - Completed initialization in 3 ms
2026-08-09 06:11:23.213 [Test worker] INFO  c.t.m.s.c.SettingsControllerIntegrationTest - Started SettingsControllerIntegrationTest in 2.729 seconds (process running for 26.825)
2026-08-09 06:11:23.616 [Test worker] INFO  o.s.b.t.c.SpringBootTestContextBootstrapper - Found @SpringBootConfiguration com.thesystem.TheSystemApplication for test class com.thesystem.modules.task.controller.TaskControllerIntegrationTest
2026-08-09 06:11:23.647 [Test worker] INFO  c.t.m.t.c.TaskControllerIntegrationTest - Starting TaskControllerIntegrationTest using Java 21.0.12 with PID 55617 (started by naga in /home/naga/Workspace/Projects/THE-SYSTEM/Backend)
2026-08-09 06:11:23.647 [Test worker] DEBUG c.t.m.t.c.TaskControllerIntegrationTest - Running with Spring Boot v3.4.5, Spring v6.2.6
2026-08-09 06:11:23.648 [Test worker] INFO  c.t.m.t.c.TaskControllerIntegrationTest - No active profile set, falling back to 1 default profile: "default"
2026-08-09 06:11:23.933 [Test worker] INFO  o.s.d.r.c.RepositoryConfigurationDelegate - Bootstrapping Spring Data JPA repositories in DEFAULT mode.
2026-08-09 06:11:23.990 [Test worker] INFO  o.s.d.r.c.RepositoryConfigurationDelegate - Finished Spring Data repository scanning in 55 ms. Found 18 JPA repository interfaces.
2026-08-09 06:11:24.467 [Test worker] INFO  o.s.o.j.p.SpringPersistenceUnitInfo - No LoadTimeWeaver setup: ignoring JPA class transformer
2026-08-09 06:11:24.468 [Test worker] INFO  com.zaxxer.hikari.HikariDataSource - HikariPool-5 - Starting...
2026-08-09 06:11:24.470 [Test worker] INFO  com.zaxxer.hikari.pool.HikariPool - HikariPool-5 - Added connection conn40: url=jdbc:h2:mem:thesystem user=SA
2026-08-09 06:11:24.470 [Test worker] INFO  com.zaxxer.hikari.HikariDataSource - HikariPool-5 - Start completed.
2026-08-09 06:11:24.471 [Test worker] WARN  org.hibernate.orm.deprecation - HHH90000025: H2Dialect does not need to be specified explicitly using 'hibernate.dialect' (remove the property setting and it will be selected by default)
2026-08-09 06:11:24.661 [Test worker] INFO  o.s.o.j.LocalContainerEntityManagerFactoryBean - Initialized JPA EntityManagerFactory for persistence unit 'default'
2026-08-09 06:11:25.362 [Test worker] INFO  o.s.s.c.a.a.c.InitializeUserDetailsBeanManagerConfigurer$InitializeUserDetailsManagerConfigurer - Global AuthenticationManager configured with UserDetailsService bean with name userDetailsServiceImpl
2026-08-09 06:11:25.584 [Test worker] INFO  o.s.b.a.e.web.EndpointLinksResolver - Exposing 1 endpoint beneath base path '/actuator'
2026-08-09 06:11:26.037 [Test worker] INFO  o.s.b.t.m.w.SpringBootMockServletContext - Initializing Spring TestDispatcherServlet ''
2026-08-09 06:11:26.038 [Test worker] INFO  o.s.t.w.s.TestDispatcherServlet - Initializing Servlet ''
2026-08-09 06:11:26.040 [Test worker] INFO  o.s.t.w.s.TestDispatcherServlet - Completed initialization in 1 ms
2026-08-09 06:11:26.087 [Test worker] INFO  c.t.m.t.c.TaskControllerIntegrationTest - Started TaskControllerIntegrationTest in 2.457 seconds (process running for 29.7)
2026-08-09 06:11:27.316 [Test worker] INFO  o.s.b.t.c.SpringBootTestContextBootstrapper - Found @SpringBootConfiguration com.thesystem.TheSystemApplication for test class com.thesystem.modules.user.controller.UserControllerIntegrationTest
2026-08-09 06:11:27.337 [Test worker] INFO  c.t.m.u.c.UserControllerIntegrationTest - Starting UserControllerIntegrationTest using Java 21.0.12 with PID 55617 (started by naga in /home/naga/Workspace/Projects/THE-SYSTEM/Backend)
2026-08-09 06:11:27.337 [Test worker] DEBUG c.t.m.u.c.UserControllerIntegrationTest - Running with Spring Boot v3.4.5, Spring v6.2.6
2026-08-09 06:11:27.338 [Test worker] INFO  c.t.m.u.c.UserControllerIntegrationTest - No active profile set, falling back to 1 default profile: "default"
2026-08-09 06:11:27.529 [Test worker] INFO  o.s.d.r.c.RepositoryConfigurationDelegate - Bootstrapping Spring Data JPA repositories in DEFAULT mode.
2026-08-09 06:11:27.557 [Test worker] INFO  o.s.d.r.c.RepositoryConfigurationDelegate - Finished Spring Data repository scanning in 26 ms. Found 18 JPA repository interfaces.
2026-08-09 06:11:27.913 [Test worker] INFO  o.s.o.j.p.SpringPersistenceUnitInfo - No LoadTimeWeaver setup: ignoring JPA class transformer
2026-08-09 06:11:27.915 [Test worker] INFO  com.zaxxer.hikari.HikariDataSource - HikariPool-6 - Starting...
2026-08-09 06:11:27.917 [Test worker] INFO  com.zaxxer.hikari.pool.HikariPool - HikariPool-6 - Added connection conn50: url=jdbc:h2:mem:thesystem user=SA
2026-08-09 06:11:27.917 [Test worker] INFO  com.zaxxer.hikari.HikariDataSource - HikariPool-6 - Start completed.
2026-08-09 06:11:27.918 [Test worker] WARN  org.hibernate.orm.deprecation - HHH90000025: H2Dialect does not need to be specified explicitly using 'hibernate.dialect' (remove the property setting and it will be selected by default)
2026-08-09 06:11:28.050 [Test worker] INFO  o.s.o.j.LocalContainerEntityManagerFactoryBean - Initialized JPA EntityManagerFactory for persistence unit 'default'
2026-08-09 06:11:28.566 [Test worker] INFO  o.s.s.c.a.a.c.InitializeUserDetailsBeanManagerConfigurer$InitializeUserDetailsManagerConfigurer - Global AuthenticationManager configured with UserDetailsService bean with name userDetailsServiceImpl
2026-08-09 06:11:28.753 [Test worker] INFO  o.s.b.a.e.web.EndpointLinksResolver - Exposing 1 endpoint beneath base path '/actuator'
2026-08-09 06:11:29.071 [Test worker] INFO  o.s.b.t.m.w.SpringBootMockServletContext - Initializing Spring TestDispatcherServlet ''
2026-08-09 06:11:29.072 [Test worker] INFO  o.s.t.w.s.TestDispatcherServlet - Initializing Servlet ''
2026-08-09 06:11:29.073 [Test worker] INFO  o.s.t.w.s.TestDispatcherServlet - Completed initialization in 1 ms
2026-08-09 06:11:29.109 [Test worker] INFO  c.t.m.u.c.UserControllerIntegrationTest - Started UserControllerIntegrationTest in 1.789 seconds (process running for 32.722)
2026-08-09 06:11:29.385 [Test worker] INFO  o.s.b.t.c.SpringBootTestContextBootstrapper - Found @SpringBootConfiguration com.thesystem.TheSystemApplication for test class com.thesystem.modules.xp.controller.XpControllerIntegrationTest
2026-08-09 06:11:29.405 [Test worker] INFO  c.t.m.x.c.XpControllerIntegrationTest - Starting XpControllerIntegrationTest using Java 21.0.12 with PID 55617 (started by naga in /home/naga/Workspace/Projects/THE-SYSTEM/Backend)
2026-08-09 06:11:29.405 [Test worker] DEBUG c.t.m.x.c.XpControllerIntegrationTest - Running with Spring Boot v3.4.5, Spring v6.2.6
2026-08-09 06:11:29.406 [Test worker] INFO  c.t.m.x.c.XpControllerIntegrationTest - No active profile set, falling back to 1 default profile: "default"
2026-08-09 06:11:29.588 [Test worker] INFO  o.s.d.r.c.RepositoryConfigurationDelegate - Bootstrapping Spring Data JPA repositories in DEFAULT mode.
2026-08-09 06:11:29.617 [Test worker] INFO  o.s.d.r.c.RepositoryConfigurationDelegate - Finished Spring Data repository scanning in 27 ms. Found 18 JPA repository interfaces.
2026-08-09 06:11:29.930 [Test worker] INFO  o.s.o.j.p.SpringPersistenceUnitInfo - No LoadTimeWeaver setup: ignoring JPA class transformer
2026-08-09 06:11:29.931 [Test worker] INFO  com.zaxxer.hikari.HikariDataSource - HikariPool-7 - Starting...
2026-08-09 06:11:29.933 [Test worker] INFO  com.zaxxer.hikari.pool.HikariPool - HikariPool-7 - Added connection conn60: url=jdbc:h2:mem:thesystem user=SA
2026-08-09 06:11:29.933 [Test worker] INFO  com.zaxxer.hikari.HikariDataSource - HikariPool-7 - Start completed.
2026-08-09 06:11:29.934 [Test worker] WARN  org.hibernate.orm.deprecation - HHH90000025: H2Dialect does not need to be specified explicitly using 'hibernate.dialect' (remove the property setting and it will be selected by default)
2026-08-09 06:11:30.054 [Test worker] INFO  o.s.o.j.LocalContainerEntityManagerFactoryBean - Initialized JPA EntityManagerFactory for persistence unit 'default'
2026-08-09 06:11:30.470 [Test worker] INFO  o.s.s.c.a.a.c.InitializeUserDetailsBeanManagerConfigurer$InitializeUserDetailsManagerConfigurer - Global AuthenticationManager configured with UserDetailsService bean with name userDetailsServiceImpl
2026-08-09 06:11:30.618 [Test worker] INFO  o.s.b.a.e.web.EndpointLinksResolver - Exposing 1 endpoint beneath base path '/actuator'
2026-08-09 06:11:30.868 [Test worker] INFO  o.s.b.t.m.w.SpringBootMockServletContext - Initializing Spring TestDispatcherServlet ''
2026-08-09 06:11:30.869 [Test worker] INFO  o.s.t.w.s.TestDispatcherServlet - Initializing Servlet ''
2026-08-09 06:11:30.870 [Test worker] INFO  o.s.t.w.s.TestDispatcherServlet - Completed initialization in 1 ms
2026-08-09 06:11:30.902 [Test worker] INFO  c.t.m.x.c.XpControllerIntegrationTest - Started XpControllerIntegrationTest in 1.514 seconds (process running for 34.515)
2026-08-09 06:11:32.086 [SpringApplicationShutdownHook] INFO  o.s.o.j.LocalContainerEntityManagerFactoryBean - Closing JPA EntityManagerFactory for persistence unit 'default'
2026-08-09 06:11:32.089 [SpringApplicationShutdownHook] INFO  com.zaxxer.hikari.HikariDataSource - HikariPool-1 - Shutdown initiated...
2026-08-09 06:11:32.092 [SpringApplicationShutdownHook] INFO  com.zaxxer.hikari.HikariDataSource - HikariPool-1 - Shutdown completed.
2026-08-09 06:11:32.099 [SpringApplicationShutdownHook] INFO  o.s.o.j.LocalContainerEntityManagerFactoryBean - Closing JPA EntityManagerFactory for persistence unit 'default'
2026-08-09 06:11:32.100 [SpringApplicationShutdownHook] INFO  com.zaxxer.hikari.HikariDataSource - HikariPool-2 - Shutdown initiated...
2026-08-09 06:11:32.101 [SpringApplicationShutdownHook] INFO  com.zaxxer.hikari.HikariDataSource - HikariPool-2 - Shutdown completed.
2026-08-09 06:11:32.105 [SpringApplicationShutdownHook] INFO  o.s.o.j.LocalContainerEntityManagerFactoryBean - Closing JPA EntityManagerFactory for persistence unit 'default'
2026-08-09 06:11:32.105 [SpringApplicationShutdownHook] INFO  com.zaxxer.hikari.HikariDataSource - HikariPool-3 - Shutdown initiated...
2026-08-09 06:11:32.106 [SpringApplicationShutdownHook] INFO  com.zaxxer.hikari.HikariDataSource - HikariPool-3 - Shutdown completed.
2026-08-09 06:11:32.110 [SpringApplicationShutdownHook] INFO  o.s.o.j.LocalContainerEntityManagerFactoryBean - Closing JPA EntityManagerFactory for persistence unit 'default'
2026-08-09 06:11:32.111 [SpringApplicationShutdownHook] INFO  com.zaxxer.hikari.HikariDataSource - HikariPool-4 - Shutdown initiated...
2026-08-09 06:11:32.112 [SpringApplicationShutdownHook] INFO  com.zaxxer.hikari.HikariDataSource - HikariPool-4 - Shutdown completed.
2026-08-09 06:11:32.116 [SpringApplicationShutdownHook] INFO  o.s.o.j.LocalContainerEntityManagerFactoryBean - Closing JPA EntityManagerFactory for persistence unit 'default'
2026-08-09 06:11:32.117 [SpringApplicationShutdownHook] INFO  com.zaxxer.hikari.HikariDataSource - HikariPool-5 - Shutdown initiated...
2026-08-09 06:11:32.118 [SpringApplicationShutdownHook] INFO  com.zaxxer.hikari.HikariDataSource - HikariPool-5 - Shutdown completed.
2026-08-09 06:11:32.122 [SpringApplicationShutdownHook] INFO  o.s.o.j.LocalContainerEntityManagerFactoryBean - Closing JPA EntityManagerFactory for persistence unit 'default'
2026-08-09 06:11:32.123 [SpringApplicationShutdownHook] INFO  com.zaxxer.hikari.HikariDataSource - HikariPool-6 - Shutdown initiated...
2026-08-09 06:11:32.124 [SpringApplicationShutdownHook] INFO  com.zaxxer.hikari.HikariDataSource - HikariPool-6 - Shutdown completed.
2026-08-09 06:11:32.128 [SpringApplicationShutdownHook] INFO  o.s.o.j.LocalContainerEntityManagerFactoryBean - Closing JPA EntityManagerFactory for persistence unit 'default'
2026-08-09 06:11:32.129 [SpringApplicationShutdownHook] INFO  com.zaxxer.hikari.HikariDataSource - HikariPool-7 - Shutdown initiated...
2026-08-09 06:11:32.132 [SpringApplicationShutdownHook] INFO  com.zaxxer.hikari.HikariDataSource - HikariPool-7 - Shutdown completed.
2026-08-09 06:35:53.809 [Test worker] INFO  c.t.TheSystemApplicationTests - Starting TheSystemApplicationTests using Java 21.0.12 with PID 60031 (started by naga in /home/naga/Workspace/Projects/THE-SYSTEM/Backend)
2026-08-09 06:35:53.811 [Test worker] DEBUG c.t.TheSystemApplicationTests - Running with Spring Boot v3.4.5, Spring v6.2.6
2026-08-09 06:35:53.812 [Test worker] INFO  c.t.TheSystemApplicationTests - No active profile set, falling back to 1 default profile: "default"
2026-08-09 06:35:54.825 [Test worker] INFO  o.s.d.r.c.RepositoryConfigurationDelegate - Bootstrapping Spring Data JPA repositories in DEFAULT mode.
2026-08-09 06:35:54.961 [Test worker] INFO  o.s.d.r.c.RepositoryConfigurationDelegate - Finished Spring Data repository scanning in 123 ms. Found 18 JPA repository interfaces.
2026-08-09 06:35:56.950 [Test worker] INFO  o.s.o.j.p.SpringPersistenceUnitInfo - No LoadTimeWeaver setup: ignoring JPA class transformer
2026-08-09 06:35:56.992 [Test worker] INFO  com.zaxxer.hikari.HikariDataSource - HikariPool-1 - Starting...
2026-08-09 06:35:57.162 [Test worker] INFO  com.zaxxer.hikari.pool.HikariPool - HikariPool-1 - Added connection conn0: url=jdbc:h2:mem:thesystem user=SA
2026-08-09 06:35:57.165 [Test worker] INFO  com.zaxxer.hikari.HikariDataSource - HikariPool-1 - Start completed.
2026-08-09 06:35:57.188 [Test worker] WARN  org.hibernate.orm.deprecation - HHH90000025: H2Dialect does not need to be specified explicitly using 'hibernate.dialect' (remove the property setting and it will be selected by default)
2026-08-09 06:35:58.468 [Test worker] INFO  o.s.o.j.LocalContainerEntityManagerFactoryBean - Initialized JPA EntityManagerFactory for persistence unit 'default'
2026-08-09 06:35:59.568 [Test worker] INFO  o.s.d.j.r.query.QueryEnhancerFactory - Hibernate is in classpath; If applicable, HQL parser will be used.
2026-08-09 06:36:00.960 [Test worker] INFO  o.s.s.c.a.a.c.InitializeUserDetailsBeanManagerConfigurer$InitializeUserDetailsManagerConfigurer - Global AuthenticationManager configured with UserDetailsService bean with name userDetailsServiceImpl
2026-08-09 06:36:01.597 [Test worker] INFO  o.s.b.a.e.web.EndpointLinksResolver - Exposing 1 endpoint beneath base path '/actuator'
2026-08-09 06:36:02.753 [Test worker] INFO  c.t.TheSystemApplicationTests - Started TheSystemApplicationTests in 9.412 seconds (process running for 10.842)
2026-08-09 06:36:03.358 [Test worker] INFO  o.s.b.t.c.SpringBootTestContextBootstrapper - Found @SpringBootConfiguration com.thesystem.TheSystemApplication for test class com.thesystem.modules.auth.controller.AuthControllerIntegrationTest
2026-08-09 06:36:03.410 [Test worker] INFO  c.t.m.a.c.AuthControllerIntegrationTest - Starting AuthControllerIntegrationTest using Java 21.0.12 with PID 60031 (started by naga in /home/naga/Workspace/Projects/THE-SYSTEM/Backend)
2026-08-09 06:36:03.410 [Test worker] DEBUG c.t.m.a.c.AuthControllerIntegrationTest - Running with Spring Boot v3.4.5, Spring v6.2.6
2026-08-09 06:36:03.410 [Test worker] INFO  c.t.m.a.c.AuthControllerIntegrationTest - No active profile set, falling back to 1 default profile: "default"
2026-08-09 06:36:03.719 [Test worker] INFO  o.s.d.r.c.RepositoryConfigurationDelegate - Bootstrapping Spring Data JPA repositories in DEFAULT mode.
2026-08-09 06:36:03.758 [Test worker] INFO  o.s.d.r.c.RepositoryConfigurationDelegate - Finished Spring Data repository scanning in 37 ms. Found 18 JPA repository interfaces.
2026-08-09 06:36:04.776 [Test worker] INFO  o.s.o.j.p.SpringPersistenceUnitInfo - No LoadTimeWeaver setup: ignoring JPA class transformer
2026-08-09 06:36:04.778 [Test worker] INFO  com.zaxxer.hikari.HikariDataSource - HikariPool-2 - Starting...
2026-08-09 06:36:04.780 [Test worker] INFO  com.zaxxer.hikari.pool.HikariPool - HikariPool-2 - Added connection conn10: url=jdbc:h2:mem:thesystem user=SA
2026-08-09 06:36:04.781 [Test worker] INFO  com.zaxxer.hikari.HikariDataSource - HikariPool-2 - Start completed.
2026-08-09 06:36:04.783 [Test worker] WARN  org.hibernate.orm.deprecation - HHH90000025: H2Dialect does not need to be specified explicitly using 'hibernate.dialect' (remove the property setting and it will be selected by default)
2026-08-09 06:36:05.143 [Test worker] INFO  o.s.o.j.LocalContainerEntityManagerFactoryBean - Initialized JPA EntityManagerFactory for persistence unit 'default'
2026-08-09 06:36:06.508 [Test worker] INFO  o.s.s.c.a.a.c.InitializeUserDetailsBeanManagerConfigurer$InitializeUserDetailsManagerConfigurer - Global AuthenticationManager configured with UserDetailsService bean with name userDetailsServiceImpl
2026-08-09 06:36:06.929 [Test worker] INFO  o.s.b.a.e.web.EndpointLinksResolver - Exposing 1 endpoint beneath base path '/actuator'
2026-08-09 06:36:07.821 [Test worker] INFO  o.s.b.t.m.w.SpringBootMockServletContext - Initializing Spring TestDispatcherServlet ''
2026-08-09 06:36:07.822 [Test worker] INFO  o.s.t.w.s.TestDispatcherServlet - Initializing Servlet ''
2026-08-09 06:36:07.825 [Test worker] INFO  o.s.t.w.s.TestDispatcherServlet - Completed initialization in 3 ms
2026-08-09 06:36:07.886 [Test worker] INFO  c.t.m.a.c.AuthControllerIntegrationTest - Started AuthControllerIntegrationTest in 4.519 seconds (process running for 15.976)
2026-08-09 06:36:09.394 [Test worker] INFO  o.s.b.t.c.SpringBootTestContextBootstrapper - Found @SpringBootConfiguration com.thesystem.TheSystemApplication for test class com.thesystem.modules.goal.controller.GoalControllerIntegrationTest
2026-08-09 06:36:09.448 [Test worker] INFO  c.t.m.g.c.GoalControllerIntegrationTest - Starting GoalControllerIntegrationTest using Java 21.0.12 with PID 60031 (started by naga in /home/naga/Workspace/Projects/THE-SYSTEM/Backend)
2026-08-09 06:36:09.449 [Test worker] DEBUG c.t.m.g.c.GoalControllerIntegrationTest - Running with Spring Boot v3.4.5, Spring v6.2.6
2026-08-09 06:36:09.451 [Test worker] INFO  c.t.m.g.c.GoalControllerIntegrationTest - No active profile set, falling back to 1 default profile: "default"
2026-08-09 06:36:10.097 [Test worker] INFO  o.s.d.r.c.RepositoryConfigurationDelegate - Bootstrapping Spring Data JPA repositories in DEFAULT mode.
2026-08-09 06:36:10.174 [Test worker] INFO  o.s.d.r.c.RepositoryConfigurationDelegate - Finished Spring Data repository scanning in 73 ms. Found 18 JPA repository interfaces.
2026-08-09 06:36:11.141 [Test worker] INFO  o.s.o.j.p.SpringPersistenceUnitInfo - No LoadTimeWeaver setup: ignoring JPA class transformer
2026-08-09 06:36:11.143 [Test worker] INFO  com.zaxxer.hikari.HikariDataSource - HikariPool-3 - Starting...
2026-08-09 06:36:11.147 [Test worker] INFO  com.zaxxer.hikari.pool.HikariPool - HikariPool-3 - Added connection conn20: url=jdbc:h2:mem:thesystem user=SA
2026-08-09 06:36:11.148 [Test worker] INFO  com.zaxxer.hikari.HikariDataSource - HikariPool-3 - Start completed.
2026-08-09 06:36:11.149 [Test worker] WARN  org.hibernate.orm.deprecation - HHH90000025: H2Dialect does not need to be specified explicitly using 'hibernate.dialect' (remove the property setting and it will be selected by default)
2026-08-09 06:36:11.485 [Test worker] INFO  o.s.o.j.LocalContainerEntityManagerFactoryBean - Initialized JPA EntityManagerFactory for persistence unit 'default'
2026-08-09 06:36:13.058 [Test worker] INFO  o.s.s.c.a.a.c.InitializeUserDetailsBeanManagerConfigurer$InitializeUserDetailsManagerConfigurer - Global AuthenticationManager configured with UserDetailsService bean with name userDetailsServiceImpl
2026-08-09 06:36:13.576 [Test worker] INFO  o.s.b.a.e.web.EndpointLinksResolver - Exposing 1 endpoint beneath base path '/actuator'
2026-08-09 06:36:14.457 [Test worker] INFO  o.s.b.t.m.w.SpringBootMockServletContext - Initializing Spring TestDispatcherServlet ''
2026-08-09 06:36:14.458 [Test worker] INFO  o.s.t.w.s.TestDispatcherServlet - Initializing Servlet ''
2026-08-09 06:36:14.460 [Test worker] INFO  o.s.t.w.s.TestDispatcherServlet - Completed initialization in 1 ms
2026-08-09 06:36:14.521 [Test worker] INFO  c.t.m.g.c.GoalControllerIntegrationTest - Started GoalControllerIntegrationTest in 5.119 seconds (process running for 22.611)
2026-08-09 06:36:15.627 [Test worker] INFO  o.s.b.t.c.SpringBootTestContextBootstrapper - Found @SpringBootConfiguration com.thesystem.TheSystemApplication for test class com.thesystem.modules.settings.controller.SettingsControllerIntegrationTest
2026-08-09 06:36:15.662 [Test worker] INFO  c.t.m.s.c.SettingsControllerIntegrationTest - Starting SettingsControllerIntegrationTest using Java 21.0.12 with PID 60031 (started by naga in /home/naga/Workspace/Projects/THE-SYSTEM/Backend)
2026-08-09 06:36:15.663 [Test worker] DEBUG c.t.m.s.c.SettingsControllerIntegrationTest - Running with Spring Boot v3.4.5, Spring v6.2.6
2026-08-09 06:36:15.664 [Test worker] INFO  c.t.m.s.c.SettingsControllerIntegrationTest - No active profile set, falling back to 1 default profile: "default"
2026-08-09 06:36:16.031 [Test worker] INFO  o.s.d.r.c.RepositoryConfigurationDelegate - Bootstrapping Spring Data JPA repositories in DEFAULT mode.
2026-08-09 06:36:16.076 [Test worker] INFO  o.s.d.r.c.RepositoryConfigurationDelegate - Finished Spring Data repository scanning in 42 ms. Found 18 JPA repository interfaces.
2026-08-09 06:36:16.592 [Test worker] INFO  o.s.o.j.p.SpringPersistenceUnitInfo - No LoadTimeWeaver setup: ignoring JPA class transformer
2026-08-09 06:36:16.594 [Test worker] INFO  com.zaxxer.hikari.HikariDataSource - HikariPool-4 - Starting...
2026-08-09 06:36:16.599 [Test worker] INFO  com.zaxxer.hikari.pool.HikariPool - HikariPool-4 - Added connection conn30: url=jdbc:h2:mem:thesystem user=SA
2026-08-09 06:36:16.600 [Test worker] INFO  com.zaxxer.hikari.HikariDataSource - HikariPool-4 - Start completed.
2026-08-09 06:36:16.601 [Test worker] WARN  org.hibernate.orm.deprecation - HHH90000025: H2Dialect does not need to be specified explicitly using 'hibernate.dialect' (remove the property setting and it will be selected by default)
2026-08-09 06:36:16.769 [Test worker] INFO  o.s.o.j.LocalContainerEntityManagerFactoryBean - Initialized JPA EntityManagerFactory for persistence unit 'default'
2026-08-09 06:36:17.534 [Test worker] INFO  o.s.s.c.a.a.c.InitializeUserDetailsBeanManagerConfigurer$InitializeUserDetailsManagerConfigurer - Global AuthenticationManager configured with UserDetailsService bean with name userDetailsServiceImpl
2026-08-09 06:36:17.831 [Test worker] INFO  o.s.b.a.e.web.EndpointLinksResolver - Exposing 1 endpoint beneath base path '/actuator'
2026-08-09 06:36:18.445 [Test worker] INFO  o.s.b.t.m.w.SpringBootMockServletContext - Initializing Spring TestDispatcherServlet ''
2026-08-09 06:36:18.446 [Test worker] INFO  o.s.t.w.s.TestDispatcherServlet - Initializing Servlet ''
2026-08-09 06:36:18.448 [Test worker] INFO  o.s.t.w.s.TestDispatcherServlet - Completed initialization in 1 ms
2026-08-09 06:36:18.486 [Test worker] INFO  c.t.m.s.c.SettingsControllerIntegrationTest - Started SettingsControllerIntegrationTest in 2.853 seconds (process running for 26.577)
2026-08-09 06:36:18.864 [Test worker] INFO  o.s.b.t.c.SpringBootTestContextBootstrapper - Found @SpringBootConfiguration com.thesystem.TheSystemApplication for test class com.thesystem.modules.task.controller.TaskControllerIntegrationTest
2026-08-09 06:36:18.903 [Test worker] INFO  c.t.m.t.c.TaskControllerIntegrationTest - Starting TaskControllerIntegrationTest using Java 21.0.12 with PID 60031 (started by naga in /home/naga/Workspace/Projects/THE-SYSTEM/Backend)
2026-08-09 06:36:18.904 [Test worker] DEBUG c.t.m.t.c.TaskControllerIntegrationTest - Running with Spring Boot v3.4.5, Spring v6.2.6
2026-08-09 06:36:18.905 [Test worker] INFO  c.t.m.t.c.TaskControllerIntegrationTest - No active profile set, falling back to 1 default profile: "default"
2026-08-09 06:36:19.199 [Test worker] INFO  o.s.d.r.c.RepositoryConfigurationDelegate - Bootstrapping Spring Data JPA repositories in DEFAULT mode.
2026-08-09 06:36:19.230 [Test worker] INFO  o.s.d.r.c.RepositoryConfigurationDelegate - Finished Spring Data repository scanning in 28 ms. Found 18 JPA repository interfaces.
2026-08-09 06:36:19.663 [Test worker] INFO  o.s.o.j.p.SpringPersistenceUnitInfo - No LoadTimeWeaver setup: ignoring JPA class transformer
2026-08-09 06:36:19.664 [Test worker] INFO  com.zaxxer.hikari.HikariDataSource - HikariPool-5 - Starting...
2026-08-09 06:36:19.666 [Test worker] INFO  com.zaxxer.hikari.pool.HikariPool - HikariPool-5 - Added connection conn40: url=jdbc:h2:mem:thesystem user=SA
2026-08-09 06:36:19.667 [Test worker] INFO  com.zaxxer.hikari.HikariDataSource - HikariPool-5 - Start completed.
2026-08-09 06:36:19.668 [Test worker] WARN  org.hibernate.orm.deprecation - HHH90000025: H2Dialect does not need to be specified explicitly using 'hibernate.dialect' (remove the property setting and it will be selected by default)
2026-08-09 06:36:19.811 [Test worker] INFO  o.s.o.j.LocalContainerEntityManagerFactoryBean - Initialized JPA EntityManagerFactory for persistence unit 'default'
2026-08-09 06:36:20.396 [Test worker] INFO  o.s.s.c.a.a.c.InitializeUserDetailsBeanManagerConfigurer$InitializeUserDetailsManagerConfigurer - Global AuthenticationManager configured with UserDetailsService bean with name userDetailsServiceImpl
2026-08-09 06:36:20.623 [Test worker] INFO  o.s.b.a.e.web.EndpointLinksResolver - Exposing 1 endpoint beneath base path '/actuator'
2026-08-09 06:36:21.099 [Test worker] INFO  o.s.b.t.m.w.SpringBootMockServletContext - Initializing Spring TestDispatcherServlet ''
2026-08-09 06:36:21.100 [Test worker] INFO  o.s.t.w.s.TestDispatcherServlet - Initializing Servlet ''
2026-08-09 06:36:21.143 [Test worker] INFO  o.s.t.w.s.TestDispatcherServlet - Completed initialization in 1 ms
2026-08-09 06:36:21.182 [Test worker] INFO  c.t.m.t.c.TaskControllerIntegrationTest - Started TaskControllerIntegrationTest in 2.312 seconds (process running for 29.272)
2026-08-09 06:36:22.406 [Test worker] INFO  o.s.b.t.c.SpringBootTestContextBootstrapper - Found @SpringBootConfiguration com.thesystem.TheSystemApplication for test class com.thesystem.modules.user.controller.UserControllerIntegrationTest
2026-08-09 06:36:22.437 [Test worker] INFO  c.t.m.u.c.UserControllerIntegrationTest - Starting UserControllerIntegrationTest using Java 21.0.12 with PID 60031 (started by naga in /home/naga/Workspace/Projects/THE-SYSTEM/Backend)
2026-08-09 06:36:22.438 [Test worker] DEBUG c.t.m.u.c.UserControllerIntegrationTest - Running with Spring Boot v3.4.5, Spring v6.2.6
2026-08-09 06:36:22.438 [Test worker] INFO  c.t.m.u.c.UserControllerIntegrationTest - No active profile set, falling back to 1 default profile: "default"
2026-08-09 06:36:22.720 [Test worker] INFO  o.s.d.r.c.RepositoryConfigurationDelegate - Bootstrapping Spring Data JPA repositories in DEFAULT mode.
2026-08-09 06:36:22.752 [Test worker] INFO  o.s.d.r.c.RepositoryConfigurationDelegate - Finished Spring Data repository scanning in 30 ms. Found 18 JPA repository interfaces.
2026-08-09 06:36:23.109 [Test worker] INFO  o.s.o.j.p.SpringPersistenceUnitInfo - No LoadTimeWeaver setup: ignoring JPA class transformer
2026-08-09 06:36:23.111 [Test worker] INFO  com.zaxxer.hikari.HikariDataSource - HikariPool-6 - Starting...
2026-08-09 06:36:23.113 [Test worker] INFO  com.zaxxer.hikari.pool.HikariPool - HikariPool-6 - Added connection conn50: url=jdbc:h2:mem:thesystem user=SA
2026-08-09 06:36:23.114 [Test worker] INFO  com.zaxxer.hikari.HikariDataSource - HikariPool-6 - Start completed.
2026-08-09 06:36:23.114 [Test worker] WARN  org.hibernate.orm.deprecation - HHH90000025: H2Dialect does not need to be specified explicitly using 'hibernate.dialect' (remove the property setting and it will be selected by default)
2026-08-09 06:36:23.306 [Test worker] INFO  o.s.o.j.LocalContainerEntityManagerFactoryBean - Initialized JPA EntityManagerFactory for persistence unit 'default'
2026-08-09 06:36:23.799 [Test worker] INFO  o.s.s.c.a.a.c.InitializeUserDetailsBeanManagerConfigurer$InitializeUserDetailsManagerConfigurer - Global AuthenticationManager configured with UserDetailsService bean with name userDetailsServiceImpl
2026-08-09 06:36:23.992 [Test worker] INFO  o.s.b.a.e.web.EndpointLinksResolver - Exposing 1 endpoint beneath base path '/actuator'
2026-08-09 06:36:24.381 [Test worker] INFO  o.s.b.t.m.w.SpringBootMockServletContext - Initializing Spring TestDispatcherServlet ''
2026-08-09 06:36:24.382 [Test worker] INFO  o.s.t.w.s.TestDispatcherServlet - Initializing Servlet ''
2026-08-09 06:36:24.384 [Test worker] INFO  o.s.t.w.s.TestDispatcherServlet - Completed initialization in 2 ms
2026-08-09 06:36:24.419 [Test worker] INFO  c.t.m.u.c.UserControllerIntegrationTest - Started UserControllerIntegrationTest in 2.007 seconds (process running for 32.509)
2026-08-09 06:36:24.697 [Test worker] INFO  o.s.b.t.c.SpringBootTestContextBootstrapper - Found @SpringBootConfiguration com.thesystem.TheSystemApplication for test class com.thesystem.modules.xp.controller.XpControllerIntegrationTest
2026-08-09 06:36:24.720 [Test worker] INFO  c.t.m.x.c.XpControllerIntegrationTest - Starting XpControllerIntegrationTest using Java 21.0.12 with PID 60031 (started by naga in /home/naga/Workspace/Projects/THE-SYSTEM/Backend)
2026-08-09 06:36:24.720 [Test worker] DEBUG c.t.m.x.c.XpControllerIntegrationTest - Running with Spring Boot v3.4.5, Spring v6.2.6
2026-08-09 06:36:24.721 [Test worker] INFO  c.t.m.x.c.XpControllerIntegrationTest - No active profile set, falling back to 1 default profile: "default"
2026-08-09 06:36:24.937 [Test worker] INFO  o.s.d.r.c.RepositoryConfigurationDelegate - Bootstrapping Spring Data JPA repositories in DEFAULT mode.
2026-08-09 06:36:24.963 [Test worker] INFO  o.s.d.r.c.RepositoryConfigurationDelegate - Finished Spring Data repository scanning in 25 ms. Found 18 JPA repository interfaces.
2026-08-09 06:36:25.318 [Test worker] INFO  o.s.o.j.p.SpringPersistenceUnitInfo - No LoadTimeWeaver setup: ignoring JPA class transformer
2026-08-09 06:36:25.319 [Test worker] INFO  com.zaxxer.hikari.HikariDataSource - HikariPool-7 - Starting...
2026-08-09 06:36:25.320 [Test worker] INFO  com.zaxxer.hikari.pool.HikariPool - HikariPool-7 - Added connection conn60: url=jdbc:h2:mem:thesystem user=SA
2026-08-09 06:36:25.321 [Test worker] INFO  com.zaxxer.hikari.HikariDataSource - HikariPool-7 - Start completed.
2026-08-09 06:36:25.322 [Test worker] WARN  org.hibernate.orm.deprecation - HHH90000025: H2Dialect does not need to be specified explicitly using 'hibernate.dialect' (remove the property setting and it will be selected by default)
2026-08-09 06:36:25.444 [Test worker] INFO  o.s.o.j.LocalContainerEntityManagerFactoryBean - Initialized JPA EntityManagerFactory for persistence unit 'default'
2026-08-09 06:36:25.882 [Test worker] INFO  o.s.s.c.a.a.c.InitializeUserDetailsBeanManagerConfigurer$InitializeUserDetailsManagerConfigurer - Global AuthenticationManager configured with UserDetailsService bean with name userDetailsServiceImpl
2026-08-09 06:36:26.042 [Test worker] INFO  o.s.b.a.e.web.EndpointLinksResolver - Exposing 1 endpoint beneath base path '/actuator'
2026-08-09 06:36:26.321 [Test worker] INFO  o.s.b.t.m.w.SpringBootMockServletContext - Initializing Spring TestDispatcherServlet ''
2026-08-09 06:36:26.321 [Test worker] INFO  o.s.t.w.s.TestDispatcherServlet - Initializing Servlet ''
2026-08-09 06:36:26.322 [Test worker] INFO  o.s.t.w.s.TestDispatcherServlet - Completed initialization in 1 ms
2026-08-09 06:36:26.358 [Test worker] INFO  c.t.m.x.c.XpControllerIntegrationTest - Started XpControllerIntegrationTest in 1.657 seconds (process running for 34.448)
2026-08-09 06:36:27.475 [SpringApplicationShutdownHook] INFO  o.s.o.j.LocalContainerEntityManagerFactoryBean - Closing JPA EntityManagerFactory for persistence unit 'default'
2026-08-09 06:36:27.478 [SpringApplicationShutdownHook] INFO  com.zaxxer.hikari.HikariDataSource - HikariPool-1 - Shutdown initiated...
2026-08-09 06:36:27.480 [SpringApplicationShutdownHook] INFO  com.zaxxer.hikari.HikariDataSource - HikariPool-1 - Shutdown completed.
2026-08-09 06:36:27.484 [SpringApplicationShutdownHook] INFO  o.s.o.j.LocalContainerEntityManagerFactoryBean - Closing JPA EntityManagerFactory for persistence unit 'default'
2026-08-09 06:36:27.485 [SpringApplicationShutdownHook] INFO  com.zaxxer.hikari.HikariDataSource - HikariPool-2 - Shutdown initiated...
2026-08-09 06:36:27.486 [SpringApplicationShutdownHook] INFO  com.zaxxer.hikari.HikariDataSource - HikariPool-2 - Shutdown completed.
2026-08-09 06:36:27.490 [SpringApplicationShutdownHook] INFO  o.s.o.j.LocalContainerEntityManagerFactoryBean - Closing JPA EntityManagerFactory for persistence unit 'default'
2026-08-09 06:36:27.490 [SpringApplicationShutdownHook] INFO  com.zaxxer.hikari.HikariDataSource - HikariPool-3 - Shutdown initiated...
2026-08-09 06:36:27.491 [SpringApplicationShutdownHook] INFO  com.zaxxer.hikari.HikariDataSource - HikariPool-3 - Shutdown completed.
2026-08-09 06:36:27.495 [SpringApplicationShutdownHook] INFO  o.s.o.j.LocalContainerEntityManagerFactoryBean - Closing JPA EntityManagerFactory for persistence unit 'default'
2026-08-09 06:36:27.496 [SpringApplicationShutdownHook] INFO  com.zaxxer.hikari.HikariDataSource - HikariPool-4 - Shutdown initiated...
2026-08-09 06:36:27.496 [SpringApplicationShutdownHook] INFO  com.zaxxer.hikari.HikariDataSource - HikariPool-4 - Shutdown completed.
2026-08-09 06:36:27.500 [SpringApplicationShutdownHook] INFO  o.s.o.j.LocalContainerEntityManagerFactoryBean - Closing JPA EntityManagerFactory for persistence unit 'default'
2026-08-09 06:36:27.500 [SpringApplicationShutdownHook] INFO  com.zaxxer.hikari.HikariDataSource - HikariPool-5 - Shutdown initiated...
2026-08-09 06:36:27.501 [SpringApplicationShutdownHook] INFO  com.zaxxer.hikari.HikariDataSource - HikariPool-5 - Shutdown completed.
2026-08-09 06:36:27.505 [SpringApplicationShutdownHook] INFO  o.s.o.j.LocalContainerEntityManagerFactoryBean - Closing JPA EntityManagerFactory for persistence unit 'default'
2026-08-09 06:36:27.505 [SpringApplicationShutdownHook] INFO  com.zaxxer.hikari.HikariDataSource - HikariPool-6 - Shutdown initiated...
2026-08-09 06:36:27.506 [SpringApplicationShutdownHook] INFO  com.zaxxer.hikari.HikariDataSource - HikariPool-6 - Shutdown completed.
2026-08-09 06:36:27.509 [SpringApplicationShutdownHook] INFO  o.s.o.j.LocalContainerEntityManagerFactoryBean - Closing JPA EntityManagerFactory for persistence unit 'default'
2026-08-09 06:36:27.510 [SpringApplicationShutdownHook] INFO  com.zaxxer.hikari.HikariDataSource - HikariPool-7 - Shutdown initiated...
2026-08-09 06:36:27.511 [SpringApplicationShutdownHook] INFO  com.zaxxer.hikari.HikariDataSource - HikariPool-7 - Shutdown completed.
2026-08-09 06:38:04.845 [Test worker] INFO  c.t.TheSystemApplicationTests - Starting TheSystemApplicationTests using Java 21.0.12 with PID 60685 (started by naga in /home/naga/Workspace/Projects/THE-SYSTEM/Backend)
2026-08-09 06:38:04.847 [Test worker] DEBUG c.t.TheSystemApplicationTests - Running with Spring Boot v3.4.5, Spring v6.2.6
2026-08-09 06:38:04.848 [Test worker] INFO  c.t.TheSystemApplicationTests - No active profile set, falling back to 1 default profile: "default"
2026-08-09 06:38:05.922 [Test worker] INFO  o.s.d.r.c.RepositoryConfigurationDelegate - Bootstrapping Spring Data JPA repositories in DEFAULT mode.
2026-08-09 06:38:06.051 [Test worker] INFO  o.s.d.r.c.RepositoryConfigurationDelegate - Finished Spring Data repository scanning in 116 ms. Found 18 JPA repository interfaces.
2026-08-09 06:38:08.084 [Test worker] INFO  o.s.o.j.p.SpringPersistenceUnitInfo - No LoadTimeWeaver setup: ignoring JPA class transformer
2026-08-09 06:38:08.129 [Test worker] INFO  com.zaxxer.hikari.HikariDataSource - HikariPool-1 - Starting...
2026-08-09 06:38:08.279 [Test worker] INFO  com.zaxxer.hikari.pool.HikariPool - HikariPool-1 - Added connection conn0: url=jdbc:h2:mem:thesystem user=SA
2026-08-09 06:38:08.282 [Test worker] INFO  com.zaxxer.hikari.HikariDataSource - HikariPool-1 - Start completed.
2026-08-09 06:38:08.303 [Test worker] WARN  org.hibernate.orm.deprecation - HHH90000025: H2Dialect does not need to be specified explicitly using 'hibernate.dialect' (remove the property setting and it will be selected by default)
2026-08-09 06:38:09.647 [Test worker] INFO  o.s.o.j.LocalContainerEntityManagerFactoryBean - Initialized JPA EntityManagerFactory for persistence unit 'default'
2026-08-09 06:38:10.839 [Test worker] INFO  o.s.d.j.r.query.QueryEnhancerFactory - Hibernate is in classpath; If applicable, HQL parser will be used.
2026-08-09 06:38:12.390 [Test worker] INFO  o.s.s.c.a.a.c.InitializeUserDetailsBeanManagerConfigurer$InitializeUserDetailsManagerConfigurer - Global AuthenticationManager configured with UserDetailsService bean with name userDetailsServiceImpl
2026-08-09 06:38:13.077 [Test worker] INFO  o.s.b.a.e.web.EndpointLinksResolver - Exposing 1 endpoint beneath base path '/actuator'
2026-08-09 06:38:14.269 [Test worker] INFO  c.t.TheSystemApplicationTests - Started TheSystemApplicationTests in 9.902 seconds (process running for 11.399)
2026-08-09 06:38:14.885 [Test worker] INFO  o.s.b.t.c.SpringBootTestContextBootstrapper - Found @SpringBootConfiguration com.thesystem.TheSystemApplication for test class com.thesystem.modules.auth.controller.AuthControllerIntegrationTest
2026-08-09 06:38:14.921 [Test worker] INFO  c.t.m.a.c.AuthControllerIntegrationTest - Starting AuthControllerIntegrationTest using Java 21.0.12 with PID 60685 (started by naga in /home/naga/Workspace/Projects/THE-SYSTEM/Backend)
2026-08-09 06:38:14.922 [Test worker] DEBUG c.t.m.a.c.AuthControllerIntegrationTest - Running with Spring Boot v3.4.5, Spring v6.2.6
2026-08-09 06:38:14.922 [Test worker] INFO  c.t.m.a.c.AuthControllerIntegrationTest - No active profile set, falling back to 1 default profile: "default"
2026-08-09 06:38:15.282 [Test worker] INFO  o.s.d.r.c.RepositoryConfigurationDelegate - Bootstrapping Spring Data JPA repositories in DEFAULT mode.
2026-08-09 06:38:15.332 [Test worker] INFO  o.s.d.r.c.RepositoryConfigurationDelegate - Finished Spring Data repository scanning in 47 ms. Found 18 JPA repository interfaces.
2026-08-09 06:38:16.443 [Test worker] INFO  o.s.o.j.p.SpringPersistenceUnitInfo - No LoadTimeWeaver setup: ignoring JPA class transformer
2026-08-09 06:38:16.445 [Test worker] INFO  com.zaxxer.hikari.HikariDataSource - HikariPool-2 - Starting...
2026-08-09 06:38:16.447 [Test worker] INFO  com.zaxxer.hikari.pool.HikariPool - HikariPool-2 - Added connection conn10: url=jdbc:h2:mem:thesystem user=SA
2026-08-09 06:38:16.448 [Test worker] INFO  com.zaxxer.hikari.HikariDataSource - HikariPool-2 - Start completed.
2026-08-09 06:38:16.450 [Test worker] WARN  org.hibernate.orm.deprecation - HHH90000025: H2Dialect does not need to be specified explicitly using 'hibernate.dialect' (remove the property setting and it will be selected by default)
2026-08-09 06:38:16.775 [Test worker] INFO  o.s.o.j.LocalContainerEntityManagerFactoryBean - Initialized JPA EntityManagerFactory for persistence unit 'default'
2026-08-09 06:38:18.035 [Test worker] INFO  o.s.s.c.a.a.c.InitializeUserDetailsBeanManagerConfigurer$InitializeUserDetailsManagerConfigurer - Global AuthenticationManager configured with UserDetailsService bean with name userDetailsServiceImpl
2026-08-09 06:38:18.485 [Test worker] INFO  o.s.b.a.e.web.EndpointLinksResolver - Exposing 1 endpoint beneath base path '/actuator'
2026-08-09 06:38:19.277 [Test worker] INFO  o.s.b.t.m.w.SpringBootMockServletContext - Initializing Spring TestDispatcherServlet ''
2026-08-09 06:38:19.278 [Test worker] INFO  o.s.t.w.s.TestDispatcherServlet - Initializing Servlet ''
2026-08-09 06:38:19.283 [Test worker] INFO  o.s.t.w.s.TestDispatcherServlet - Completed initialization in 4 ms
2026-08-09 06:38:19.350 [Test worker] INFO  c.t.m.a.c.AuthControllerIntegrationTest - Started AuthControllerIntegrationTest in 4.459 seconds (process running for 16.48)
2026-08-09 06:38:20.854 [Test worker] INFO  o.s.b.t.c.SpringBootTestContextBootstrapper - Found @SpringBootConfiguration com.thesystem.TheSystemApplication for test class com.thesystem.modules.goal.controller.GoalControllerIntegrationTest
2026-08-09 06:38:20.919 [Test worker] INFO  c.t.m.g.c.GoalControllerIntegrationTest - Starting GoalControllerIntegrationTest using Java 21.0.12 with PID 60685 (started by naga in /home/naga/Workspace/Projects/THE-SYSTEM/Backend)
2026-08-09 06:38:20.920 [Test worker] DEBUG c.t.m.g.c.GoalControllerIntegrationTest - Running with Spring Boot v3.4.5, Spring v6.2.6
2026-08-09 06:38:20.922 [Test worker] INFO  c.t.m.g.c.GoalControllerIntegrationTest - No active profile set, falling back to 1 default profile: "default"
2026-08-09 06:38:21.482 [Test worker] INFO  o.s.d.r.c.RepositoryConfigurationDelegate - Bootstrapping Spring Data JPA repositories in DEFAULT mode.
2026-08-09 06:38:21.548 [Test worker] INFO  o.s.d.r.c.RepositoryConfigurationDelegate - Finished Spring Data repository scanning in 63 ms. Found 18 JPA repository interfaces.
2026-08-09 06:38:22.375 [Test worker] INFO  o.s.o.j.p.SpringPersistenceUnitInfo - No LoadTimeWeaver setup: ignoring JPA class transformer
2026-08-09 06:38:22.395 [Test worker] INFO  com.zaxxer.hikari.HikariDataSource - HikariPool-3 - Starting...
2026-08-09 06:38:22.397 [Test worker] INFO  com.zaxxer.hikari.pool.HikariPool - HikariPool-3 - Added connection conn20: url=jdbc:h2:mem:thesystem user=SA
2026-08-09 06:38:22.398 [Test worker] INFO  com.zaxxer.hikari.HikariDataSource - HikariPool-3 - Start completed.
2026-08-09 06:38:22.400 [Test worker] WARN  org.hibernate.orm.deprecation - HHH90000025: H2Dialect does not need to be specified explicitly using 'hibernate.dialect' (remove the property setting and it will be selected by default)
2026-08-09 06:38:22.708 [Test worker] INFO  o.s.o.j.LocalContainerEntityManagerFactoryBean - Initialized JPA EntityManagerFactory for persistence unit 'default'
2026-08-09 06:38:23.978 [Test worker] INFO  o.s.s.c.a.a.c.InitializeUserDetailsBeanManagerConfigurer$InitializeUserDetailsManagerConfigurer - Global AuthenticationManager configured with UserDetailsService bean with name userDetailsServiceImpl
2026-08-09 06:38:24.406 [Test worker] INFO  o.s.b.a.e.web.EndpointLinksResolver - Exposing 1 endpoint beneath base path '/actuator'
2026-08-09 06:38:25.321 [Test worker] INFO  o.s.b.t.m.w.SpringBootMockServletContext - Initializing Spring TestDispatcherServlet ''
2026-08-09 06:38:25.322 [Test worker] INFO  o.s.t.w.s.TestDispatcherServlet - Initializing Servlet ''
2026-08-09 06:38:25.326 [Test worker] INFO  o.s.t.w.s.TestDispatcherServlet - Completed initialization in 3 ms
2026-08-09 06:38:25.390 [Test worker] INFO  c.t.m.g.c.GoalControllerIntegrationTest - Started GoalControllerIntegrationTest in 4.525 seconds (process running for 22.52)
2026-08-09 06:38:26.586 [Test worker] INFO  o.s.b.t.c.SpringBootTestContextBootstrapper - Found @SpringBootConfiguration com.thesystem.TheSystemApplication for test class com.thesystem.modules.settings.controller.SettingsControllerIntegrationTest
2026-08-09 06:38:26.628 [Test worker] INFO  c.t.m.s.c.SettingsControllerIntegrationTest - Starting SettingsControllerIntegrationTest using Java 21.0.12 with PID 60685 (started by naga in /home/naga/Workspace/Projects/THE-SYSTEM/Backend)
2026-08-09 06:38:26.628 [Test worker] DEBUG c.t.m.s.c.SettingsControllerIntegrationTest - Running with Spring Boot v3.4.5, Spring v6.2.6
2026-08-09 06:38:26.629 [Test worker] INFO  c.t.m.s.c.SettingsControllerIntegrationTest - No active profile set, falling back to 1 default profile: "default"
2026-08-09 06:38:26.950 [Test worker] INFO  o.s.d.r.c.RepositoryConfigurationDelegate - Bootstrapping Spring Data JPA repositories in DEFAULT mode.
2026-08-09 06:38:26.991 [Test worker] INFO  o.s.d.r.c.RepositoryConfigurationDelegate - Finished Spring Data repository scanning in 38 ms. Found 18 JPA repository interfaces.
2026-08-09 06:38:27.536 [Test worker] INFO  o.s.o.j.p.SpringPersistenceUnitInfo - No LoadTimeWeaver setup: ignoring JPA class transformer
2026-08-09 06:38:27.538 [Test worker] INFO  com.zaxxer.hikari.HikariDataSource - HikariPool-4 - Starting...
2026-08-09 06:38:27.580 [Test worker] INFO  com.zaxxer.hikari.pool.HikariPool - HikariPool-4 - Added connection conn30: url=jdbc:h2:mem:thesystem user=SA
2026-08-09 06:38:27.581 [Test worker] INFO  com.zaxxer.hikari.HikariDataSource - HikariPool-4 - Start completed.
2026-08-09 06:38:27.582 [Test worker] WARN  org.hibernate.orm.deprecation - HHH90000025: H2Dialect does not need to be specified explicitly using 'hibernate.dialect' (remove the property setting and it will be selected by default)
2026-08-09 06:38:27.781 [Test worker] INFO  o.s.o.j.LocalContainerEntityManagerFactoryBean - Initialized JPA EntityManagerFactory for persistence unit 'default'
2026-08-09 06:38:28.795 [Test worker] INFO  o.s.s.c.a.a.c.InitializeUserDetailsBeanManagerConfigurer$InitializeUserDetailsManagerConfigurer - Global AuthenticationManager configured with UserDetailsService bean with name userDetailsServiceImpl
2026-08-09 06:38:29.161 [Test worker] INFO  o.s.b.a.e.web.EndpointLinksResolver - Exposing 1 endpoint beneath base path '/actuator'
2026-08-09 06:38:29.842 [Test worker] INFO  o.s.b.t.m.w.SpringBootMockServletContext - Initializing Spring TestDispatcherServlet ''
2026-08-09 06:38:29.843 [Test worker] INFO  o.s.t.w.s.TestDispatcherServlet - Initializing Servlet ''
2026-08-09 06:38:29.844 [Test worker] INFO  o.s.t.w.s.TestDispatcherServlet - Completed initialization in 1 ms
2026-08-09 06:38:29.885 [Test worker] INFO  c.t.m.s.c.SettingsControllerIntegrationTest - Started SettingsControllerIntegrationTest in 3.293 seconds (process running for 27.015)
2026-08-09 06:38:30.257 [Test worker] INFO  o.s.b.t.c.SpringBootTestContextBootstrapper - Found @SpringBootConfiguration com.thesystem.TheSystemApplication for test class com.thesystem.modules.task.controller.TaskControllerIntegrationTest
2026-08-09 06:38:30.285 [Test worker] INFO  c.t.m.t.c.TaskControllerIntegrationTest - Starting TaskControllerIntegrationTest using Java 21.0.12 with PID 60685 (started by naga in /home/naga/Workspace/Projects/THE-SYSTEM/Backend)
2026-08-09 06:38:30.286 [Test worker] DEBUG c.t.m.t.c.TaskControllerIntegrationTest - Running with Spring Boot v3.4.5, Spring v6.2.6
2026-08-09 06:38:30.286 [Test worker] INFO  c.t.m.t.c.TaskControllerIntegrationTest - No active profile set, falling back to 1 default profile: "default"
2026-08-09 06:38:30.521 [Test worker] INFO  o.s.d.r.c.RepositoryConfigurationDelegate - Bootstrapping Spring Data JPA repositories in DEFAULT mode.
2026-08-09 06:38:30.552 [Test worker] INFO  o.s.d.r.c.RepositoryConfigurationDelegate - Finished Spring Data repository scanning in 29 ms. Found 18 JPA repository interfaces.
2026-08-09 06:38:30.977 [Test worker] INFO  o.s.o.j.p.SpringPersistenceUnitInfo - No LoadTimeWeaver setup: ignoring JPA class transformer
2026-08-09 06:38:30.978 [Test worker] INFO  com.zaxxer.hikari.HikariDataSource - HikariPool-5 - Starting...
2026-08-09 06:38:30.980 [Test worker] INFO  com.zaxxer.hikari.pool.HikariPool - HikariPool-5 - Added connection conn40: url=jdbc:h2:mem:thesystem user=SA
2026-08-09 06:38:30.981 [Test worker] INFO  com.zaxxer.hikari.HikariDataSource - HikariPool-5 - Start completed.
2026-08-09 06:38:30.982 [Test worker] WARN  org.hibernate.orm.deprecation - HHH90000025: H2Dialect does not need to be specified explicitly using 'hibernate.dialect' (remove the property setting and it will be selected by default)
2026-08-09 06:38:31.172 [Test worker] INFO  o.s.o.j.LocalContainerEntityManagerFactoryBean - Initialized JPA EntityManagerFactory for persistence unit 'default'
2026-08-09 06:38:31.881 [Test worker] INFO  o.s.s.c.a.a.c.InitializeUserDetailsBeanManagerConfigurer$InitializeUserDetailsManagerConfigurer - Global AuthenticationManager configured with UserDetailsService bean with name userDetailsServiceImpl
2026-08-09 06:38:32.156 [Test worker] INFO  o.s.b.a.e.web.EndpointLinksResolver - Exposing 1 endpoint beneath base path '/actuator'
2026-08-09 06:38:32.705 [Test worker] INFO  o.s.b.t.m.w.SpringBootMockServletContext - Initializing Spring TestDispatcherServlet ''
2026-08-09 06:38:32.706 [Test worker] INFO  o.s.t.w.s.TestDispatcherServlet - Initializing Servlet ''
2026-08-09 06:38:32.708 [Test worker] INFO  o.s.t.w.s.TestDispatcherServlet - Completed initialization in 2 ms
2026-08-09 06:38:32.754 [Test worker] INFO  c.t.m.t.c.TaskControllerIntegrationTest - Started TaskControllerIntegrationTest in 2.492 seconds (process running for 29.884)
2026-08-09 06:38:33.970 [Test worker] INFO  o.s.b.t.c.SpringBootTestContextBootstrapper - Found @SpringBootConfiguration com.thesystem.TheSystemApplication for test class com.thesystem.modules.user.controller.UserControllerIntegrationTest
2026-08-09 06:38:33.996 [Test worker] INFO  c.t.m.u.c.UserControllerIntegrationTest - Starting UserControllerIntegrationTest using Java 21.0.12 with PID 60685 (started by naga in /home/naga/Workspace/Projects/THE-SYSTEM/Backend)
2026-08-09 06:38:33.996 [Test worker] DEBUG c.t.m.u.c.UserControllerIntegrationTest - Running with Spring Boot v3.4.5, Spring v6.2.6
2026-08-09 06:38:33.997 [Test worker] INFO  c.t.m.u.c.UserControllerIntegrationTest - No active profile set, falling back to 1 default profile: "default"
2026-08-09 06:38:34.204 [Test worker] INFO  o.s.d.r.c.RepositoryConfigurationDelegate - Bootstrapping Spring Data JPA repositories in DEFAULT mode.
2026-08-09 06:38:34.228 [Test worker] INFO  o.s.d.r.c.RepositoryConfigurationDelegate - Finished Spring Data repository scanning in 22 ms. Found 18 JPA repository interfaces.
2026-08-09 06:38:34.565 [Test worker] INFO  o.s.o.j.p.SpringPersistenceUnitInfo - No LoadTimeWeaver setup: ignoring JPA class transformer
2026-08-09 06:38:34.566 [Test worker] INFO  com.zaxxer.hikari.HikariDataSource - HikariPool-6 - Starting...
2026-08-09 06:38:34.568 [Test worker] INFO  com.zaxxer.hikari.pool.HikariPool - HikariPool-6 - Added connection conn50: url=jdbc:h2:mem:thesystem user=SA
2026-08-09 06:38:34.569 [Test worker] INFO  com.zaxxer.hikari.HikariDataSource - HikariPool-6 - Start completed.
2026-08-09 06:38:34.569 [Test worker] WARN  org.hibernate.orm.deprecation - HHH90000025: H2Dialect does not need to be specified explicitly using 'hibernate.dialect' (remove the property setting and it will be selected by default)
2026-08-09 06:38:34.740 [Test worker] INFO  o.s.o.j.LocalContainerEntityManagerFactoryBean - Initialized JPA EntityManagerFactory for persistence unit 'default'
2026-08-09 06:38:35.336 [Test worker] INFO  o.s.s.c.a.a.c.InitializeUserDetailsBeanManagerConfigurer$InitializeUserDetailsManagerConfigurer - Global AuthenticationManager configured with UserDetailsService bean with name userDetailsServiceImpl
2026-08-09 06:38:35.575 [Test worker] INFO  o.s.b.a.e.web.EndpointLinksResolver - Exposing 1 endpoint beneath base path '/actuator'
2026-08-09 06:38:35.970 [Test worker] INFO  o.s.b.t.m.w.SpringBootMockServletContext - Initializing Spring TestDispatcherServlet ''
2026-08-09 06:38:35.970 [Test worker] INFO  o.s.t.w.s.TestDispatcherServlet - Initializing Servlet ''
2026-08-09 06:38:35.972 [Test worker] INFO  o.s.t.w.s.TestDispatcherServlet - Completed initialization in 2 ms
2026-08-09 06:38:36.001 [Test worker] INFO  c.t.m.u.c.UserControllerIntegrationTest - Started UserControllerIntegrationTest in 2.027 seconds (process running for 33.131)
2026-08-09 06:38:36.301 [Test worker] INFO  o.s.b.t.c.SpringBootTestContextBootstrapper - Found @SpringBootConfiguration com.thesystem.TheSystemApplication for test class com.thesystem.modules.xp.controller.XpControllerIntegrationTest
2026-08-09 06:38:36.327 [Test worker] INFO  c.t.m.x.c.XpControllerIntegrationTest - Starting XpControllerIntegrationTest using Java 21.0.12 with PID 60685 (started by naga in /home/naga/Workspace/Projects/THE-SYSTEM/Backend)
2026-08-09 06:38:36.327 [Test worker] DEBUG c.t.m.x.c.XpControllerIntegrationTest - Running with Spring Boot v3.4.5, Spring v6.2.6
2026-08-09 06:38:36.327 [Test worker] INFO  c.t.m.x.c.XpControllerIntegrationTest - No active profile set, falling back to 1 default profile: "default"
2026-08-09 06:38:36.539 [Test worker] INFO  o.s.d.r.c.RepositoryConfigurationDelegate - Bootstrapping Spring Data JPA repositories in DEFAULT mode.
2026-08-09 06:38:36.568 [Test worker] INFO  o.s.d.r.c.RepositoryConfigurationDelegate - Finished Spring Data repository scanning in 27 ms. Found 18 JPA repository interfaces.
2026-08-09 06:38:36.953 [Test worker] INFO  o.s.o.j.p.SpringPersistenceUnitInfo - No LoadTimeWeaver setup: ignoring JPA class transformer
2026-08-09 06:38:36.954 [Test worker] INFO  com.zaxxer.hikari.HikariDataSource - HikariPool-7 - Starting...
2026-08-09 06:38:36.955 [Test worker] INFO  com.zaxxer.hikari.pool.HikariPool - HikariPool-7 - Added connection conn60: url=jdbc:h2:mem:thesystem user=SA
2026-08-09 06:38:36.956 [Test worker] INFO  com.zaxxer.hikari.HikariDataSource - HikariPool-7 - Start completed.
2026-08-09 06:38:36.956 [Test worker] WARN  org.hibernate.orm.deprecation - HHH90000025: H2Dialect does not need to be specified explicitly using 'hibernate.dialect' (remove the property setting and it will be selected by default)
2026-08-09 06:38:37.066 [Test worker] INFO  o.s.o.j.LocalContainerEntityManagerFactoryBean - Initialized JPA EntityManagerFactory for persistence unit 'default'
2026-08-09 06:38:37.635 [Test worker] INFO  o.s.s.c.a.a.c.InitializeUserDetailsBeanManagerConfigurer$InitializeUserDetailsManagerConfigurer - Global AuthenticationManager configured with UserDetailsService bean with name userDetailsServiceImpl
2026-08-09 06:38:37.874 [Test worker] INFO  o.s.b.a.e.web.EndpointLinksResolver - Exposing 1 endpoint beneath base path '/actuator'
2026-08-09 06:38:38.231 [Test worker] INFO  o.s.b.t.m.w.SpringBootMockServletContext - Initializing Spring TestDispatcherServlet ''
2026-08-09 06:38:38.231 [Test worker] INFO  o.s.t.w.s.TestDispatcherServlet - Initializing Servlet ''
2026-08-09 06:38:38.235 [Test worker] INFO  o.s.t.w.s.TestDispatcherServlet - Completed initialization in 4 ms
2026-08-09 06:38:38.275 [Test worker] INFO  c.t.m.x.c.XpControllerIntegrationTest - Started XpControllerIntegrationTest in 1.97 seconds (process running for 35.405)
2026-08-09 06:38:39.677 [SpringApplicationShutdownHook] INFO  o.s.o.j.LocalContainerEntityManagerFactoryBean - Closing JPA EntityManagerFactory for persistence unit 'default'
2026-08-09 06:38:39.681 [SpringApplicationShutdownHook] INFO  com.zaxxer.hikari.HikariDataSource - HikariPool-1 - Shutdown initiated...
2026-08-09 06:38:39.688 [SpringApplicationShutdownHook] INFO  com.zaxxer.hikari.HikariDataSource - HikariPool-1 - Shutdown completed.
2026-08-09 06:38:39.698 [SpringApplicationShutdownHook] INFO  o.s.o.j.LocalContainerEntityManagerFactoryBean - Closing JPA EntityManagerFactory for persistence unit 'default'
2026-08-09 06:38:39.699 [SpringApplicationShutdownHook] INFO  com.zaxxer.hikari.HikariDataSource - HikariPool-2 - Shutdown initiated...
2026-08-09 06:38:39.704 [SpringApplicationShutdownHook] INFO  com.zaxxer.hikari.HikariDataSource - HikariPool-2 - Shutdown completed.
2026-08-09 06:38:39.711 [SpringApplicationShutdownHook] INFO  o.s.o.j.LocalContainerEntityManagerFactoryBean - Closing JPA EntityManagerFactory for persistence unit 'default'
2026-08-09 06:38:39.715 [SpringApplicationShutdownHook] INFO  com.zaxxer.hikari.HikariDataSource - HikariPool-3 - Shutdown initiated...
2026-08-09 06:38:39.721 [SpringApplicationShutdownHook] INFO  com.zaxxer.hikari.HikariDataSource - HikariPool-3 - Shutdown completed.
2026-08-09 06:38:39.726 [SpringApplicationShutdownHook] INFO  o.s.o.j.LocalContainerEntityManagerFactoryBean - Closing JPA EntityManagerFactory for persistence unit 'default'
2026-08-09 06:38:39.727 [SpringApplicationShutdownHook] INFO  com.zaxxer.hikari.HikariDataSource - HikariPool-4 - Shutdown initiated...
2026-08-09 06:38:39.731 [SpringApplicationShutdownHook] INFO  com.zaxxer.hikari.HikariDataSource - HikariPool-4 - Shutdown completed.
2026-08-09 06:38:39.735 [SpringApplicationShutdownHook] INFO  o.s.o.j.LocalContainerEntityManagerFactoryBean - Closing JPA EntityManagerFactory for persistence unit 'default'
2026-08-09 06:38:39.737 [SpringApplicationShutdownHook] INFO  com.zaxxer.hikari.HikariDataSource - HikariPool-5 - Shutdown initiated...
2026-08-09 06:38:39.739 [SpringApplicationShutdownHook] INFO  com.zaxxer.hikari.HikariDataSource - HikariPool-5 - Shutdown completed.
2026-08-09 06:38:39.744 [SpringApplicationShutdownHook] INFO  o.s.o.j.LocalContainerEntityManagerFactoryBean - Closing JPA EntityManagerFactory for persistence unit 'default'
2026-08-09 06:38:39.746 [SpringApplicationShutdownHook] INFO  com.zaxxer.hikari.HikariDataSource - HikariPool-6 - Shutdown initiated...
2026-08-09 06:38:39.755 [SpringApplicationShutdownHook] INFO  com.zaxxer.hikari.HikariDataSource - HikariPool-6 - Shutdown completed.
2026-08-09 06:38:39.762 [SpringApplicationShutdownHook] INFO  o.s.o.j.LocalContainerEntityManagerFactoryBean - Closing JPA EntityManagerFactory for persistence unit 'default'
2026-08-09 06:38:39.764 [SpringApplicationShutdownHook] INFO  com.zaxxer.hikari.HikariDataSource - HikariPool-7 - Shutdown initiated...
2026-08-09 06:38:39.770 [SpringApplicationShutdownHook] INFO  com.zaxxer.hikari.HikariDataSource - HikariPool-7 - Shutdown completed.
2026-08-09 06:38:58.897 [Test worker] INFO  c.t.TheSystemApplicationTests - Starting TheSystemApplicationTests using Java 21.0.12 with PID 60985 (started by naga in /home/naga/Workspace/Projects/THE-SYSTEM/Backend)
2026-08-09 06:38:58.899 [Test worker] DEBUG c.t.TheSystemApplicationTests - Running with Spring Boot v3.4.5, Spring v6.2.6
2026-08-09 06:38:58.901 [Test worker] INFO  c.t.TheSystemApplicationTests - No active profile set, falling back to 1 default profile: "default"
2026-08-09 06:38:59.989 [Test worker] INFO  o.s.d.r.c.RepositoryConfigurationDelegate - Bootstrapping Spring Data JPA repositories in DEFAULT mode.
2026-08-09 06:39:00.136 [Test worker] INFO  o.s.d.r.c.RepositoryConfigurationDelegate - Finished Spring Data repository scanning in 135 ms. Found 18 JPA repository interfaces.
2026-08-09 06:39:02.179 [Test worker] INFO  o.s.o.j.p.SpringPersistenceUnitInfo - No LoadTimeWeaver setup: ignoring JPA class transformer
2026-08-09 06:39:02.214 [Test worker] INFO  com.zaxxer.hikari.HikariDataSource - HikariPool-1 - Starting...
2026-08-09 06:39:02.381 [Test worker] INFO  com.zaxxer.hikari.pool.HikariPool - HikariPool-1 - Added connection conn0: url=jdbc:h2:mem:thesystem user=SA
2026-08-09 06:39:02.384 [Test worker] INFO  com.zaxxer.hikari.HikariDataSource - HikariPool-1 - Start completed.
2026-08-09 06:39:02.410 [Test worker] WARN  org.hibernate.orm.deprecation - HHH90000025: H2Dialect does not need to be specified explicitly using 'hibernate.dialect' (remove the property setting and it will be selected by default)
2026-08-09 06:39:03.733 [Test worker] INFO  o.s.o.j.LocalContainerEntityManagerFactoryBean - Initialized JPA EntityManagerFactory for persistence unit 'default'
2026-08-09 06:39:04.909 [Test worker] INFO  o.s.d.j.r.query.QueryEnhancerFactory - Hibernate is in classpath; If applicable, HQL parser will be used.
2026-08-09 06:39:06.595 [Test worker] INFO  o.s.s.c.a.a.c.InitializeUserDetailsBeanManagerConfigurer$InitializeUserDetailsManagerConfigurer - Global AuthenticationManager configured with UserDetailsService bean with name userDetailsServiceImpl
2026-08-09 06:39:07.354 [Test worker] INFO  o.s.b.a.e.web.EndpointLinksResolver - Exposing 1 endpoint beneath base path '/actuator'
2026-08-09 06:39:08.593 [Test worker] INFO  c.t.TheSystemApplicationTests - Started TheSystemApplicationTests in 10.209 seconds (process running for 15.102)
2026-08-09 06:39:08.780 [Test worker] INFO  o.s.b.t.c.SpringBootTestContextBootstrapper - Found @SpringBootConfiguration com.thesystem.TheSystemApplication for test class com.thesystem.modules.auth.controller.AuthControllerIntegrationTest
2026-08-09 06:39:08.815 [Test worker] INFO  c.t.m.a.c.AuthControllerIntegrationTest - Starting AuthControllerIntegrationTest using Java 21.0.12 with PID 60985 (started by naga in /home/naga/Workspace/Projects/THE-SYSTEM/Backend)
2026-08-09 06:39:08.815 [Test worker] DEBUG c.t.m.a.c.AuthControllerIntegrationTest - Running with Spring Boot v3.4.5, Spring v6.2.6
2026-08-09 06:39:08.816 [Test worker] INFO  c.t.m.a.c.AuthControllerIntegrationTest - No active profile set, falling back to 1 default profile: "default"
2026-08-09 06:39:09.163 [Test worker] INFO  o.s.d.r.c.RepositoryConfigurationDelegate - Bootstrapping Spring Data JPA repositories in DEFAULT mode.
2026-08-09 06:39:09.207 [Test worker] INFO  o.s.d.r.c.RepositoryConfigurationDelegate - Finished Spring Data repository scanning in 43 ms. Found 18 JPA repository interfaces.
2026-08-09 06:39:09.769 [Test worker] INFO  o.s.o.j.p.SpringPersistenceUnitInfo - No LoadTimeWeaver setup: ignoring JPA class transformer
2026-08-09 06:39:09.770 [Test worker] INFO  com.zaxxer.hikari.HikariDataSource - HikariPool-2 - Starting...
2026-08-09 06:39:09.772 [Test worker] INFO  com.zaxxer.hikari.pool.HikariPool - HikariPool-2 - Added connection conn10: url=jdbc:h2:mem:thesystem user=SA
2026-08-09 06:39:09.773 [Test worker] INFO  com.zaxxer.hikari.HikariDataSource - HikariPool-2 - Start completed.
2026-08-09 06:39:09.774 [Test worker] WARN  org.hibernate.orm.deprecation - HHH90000025: H2Dialect does not need to be specified explicitly using 'hibernate.dialect' (remove the property setting and it will be selected by default)
2026-08-09 06:39:10.008 [Test worker] INFO  o.s.o.j.LocalContainerEntityManagerFactoryBean - Initialized JPA EntityManagerFactory for persistence unit 'default'
2026-08-09 06:39:10.932 [Test worker] INFO  o.s.s.c.a.a.c.InitializeUserDetailsBeanManagerConfigurer$InitializeUserDetailsManagerConfigurer - Global AuthenticationManager configured with UserDetailsService bean with name userDetailsServiceImpl
2026-08-09 06:39:11.233 [Test worker] INFO  o.s.b.a.e.web.EndpointLinksResolver - Exposing 1 endpoint beneath base path '/actuator'
2026-08-09 06:39:11.677 [Test worker] INFO  o.s.b.t.m.w.SpringBootMockServletContext - Initializing Spring TestDispatcherServlet ''
2026-08-09 06:39:11.678 [Test worker] INFO  o.s.t.w.s.TestDispatcherServlet - Initializing Servlet ''
2026-08-09 06:39:11.680 [Test worker] INFO  o.s.t.w.s.TestDispatcherServlet - Completed initialization in 2 ms
2026-08-09 06:39:11.717 [Test worker] INFO  c.t.m.a.c.AuthControllerIntegrationTest - Started AuthControllerIntegrationTest in 2.93 seconds (process running for 18.226)
2026-08-09 06:39:12.664 [Test worker] INFO  o.s.b.t.c.SpringBootTestContextBootstrapper - Found @SpringBootConfiguration com.thesystem.TheSystemApplication for test class com.thesystem.modules.goal.controller.GoalControllerIntegrationTest
2026-08-09 06:39:12.687 [Test worker] INFO  c.t.m.g.c.GoalControllerIntegrationTest - Starting GoalControllerIntegrationTest using Java 21.0.12 with PID 60985 (started by naga in /home/naga/Workspace/Projects/THE-SYSTEM/Backend)
2026-08-09 06:39:12.688 [Test worker] DEBUG c.t.m.g.c.GoalControllerIntegrationTest - Running with Spring Boot v3.4.5, Spring v6.2.6
2026-08-09 06:39:12.688 [Test worker] INFO  c.t.m.g.c.GoalControllerIntegrationTest - No active profile set, falling back to 1 default profile: "default"
2026-08-09 06:39:12.939 [Test worker] INFO  o.s.d.r.c.RepositoryConfigurationDelegate - Bootstrapping Spring Data JPA repositories in DEFAULT mode.
2026-08-09 06:39:12.976 [Test worker] INFO  o.s.d.r.c.RepositoryConfigurationDelegate - Finished Spring Data repository scanning in 35 ms. Found 18 JPA repository interfaces.
2026-08-09 06:39:13.461 [Test worker] INFO  o.s.o.j.p.SpringPersistenceUnitInfo - No LoadTimeWeaver setup: ignoring JPA class transformer
2026-08-09 06:39:13.462 [Test worker] INFO  com.zaxxer.hikari.HikariDataSource - HikariPool-3 - Starting...
2026-08-09 06:39:13.464 [Test worker] INFO  com.zaxxer.hikari.pool.HikariPool - HikariPool-3 - Added connection conn20: url=jdbc:h2:mem:thesystem user=SA
2026-08-09 06:39:13.465 [Test worker] INFO  com.zaxxer.hikari.HikariDataSource - HikariPool-3 - Start completed.
2026-08-09 06:39:13.466 [Test worker] WARN  org.hibernate.orm.deprecation - HHH90000025: H2Dialect does not need to be specified explicitly using 'hibernate.dialect' (remove the property setting and it will be selected by default)
2026-08-09 06:39:13.650 [Test worker] INFO  o.s.o.j.LocalContainerEntityManagerFactoryBean - Initialized JPA EntityManagerFactory for persistence unit 'default'
2026-08-09 06:39:14.361 [Test worker] INFO  o.s.s.c.a.a.c.InitializeUserDetailsBeanManagerConfigurer$InitializeUserDetailsManagerConfigurer - Global AuthenticationManager configured with UserDetailsService bean with name userDetailsServiceImpl
2026-08-09 06:39:14.550 [Test worker] INFO  o.s.b.a.e.web.EndpointLinksResolver - Exposing 1 endpoint beneath base path '/actuator'
2026-08-09 06:39:14.933 [Test worker] INFO  o.s.b.t.m.w.SpringBootMockServletContext - Initializing Spring TestDispatcherServlet ''
2026-08-09 06:39:14.933 [Test worker] INFO  o.s.t.w.s.TestDispatcherServlet - Initializing Servlet ''
2026-08-09 06:39:14.935 [Test worker] INFO  o.s.t.w.s.TestDispatcherServlet - Completed initialization in 1 ms
2026-08-09 06:39:14.978 [Test worker] INFO  c.t.m.g.c.GoalControllerIntegrationTest - Started GoalControllerIntegrationTest in 2.309 seconds (process running for 21.487)
2026-08-09 06:39:15.427 [Test worker] INFO  o.s.b.t.c.SpringBootTestContextBootstrapper - Found @SpringBootConfiguration com.thesystem.TheSystemApplication for test class com.thesystem.modules.settings.controller.SettingsControllerIntegrationTest
2026-08-09 06:39:15.448 [Test worker] INFO  c.t.m.s.c.SettingsControllerIntegrationTest - Starting SettingsControllerIntegrationTest using Java 21.0.12 with PID 60985 (started by naga in /home/naga/Workspace/Projects/THE-SYSTEM/Backend)
2026-08-09 06:39:15.448 [Test worker] DEBUG c.t.m.s.c.SettingsControllerIntegrationTest - Running with Spring Boot v3.4.5, Spring v6.2.6
2026-08-09 06:39:15.449 [Test worker] INFO  c.t.m.s.c.SettingsControllerIntegrationTest - No active profile set, falling back to 1 default profile: "default"
2026-08-09 06:39:15.659 [Test worker] INFO  o.s.d.r.c.RepositoryConfigurationDelegate - Bootstrapping Spring Data JPA repositories in DEFAULT mode.
2026-08-09 06:39:15.691 [Test worker] INFO  o.s.d.r.c.RepositoryConfigurationDelegate - Finished Spring Data repository scanning in 30 ms. Found 18 JPA repository interfaces.
2026-08-09 06:39:16.077 [Test worker] INFO  o.s.o.j.p.SpringPersistenceUnitInfo - No LoadTimeWeaver setup: ignoring JPA class transformer
2026-08-09 06:39:16.078 [Test worker] INFO  com.zaxxer.hikari.HikariDataSource - HikariPool-4 - Starting...
2026-08-09 06:39:16.080 [Test worker] INFO  com.zaxxer.hikari.pool.HikariPool - HikariPool-4 - Added connection conn30: url=jdbc:h2:mem:thesystem user=SA
2026-08-09 06:39:16.080 [Test worker] INFO  com.zaxxer.hikari.HikariDataSource - HikariPool-4 - Start completed.
2026-08-09 06:39:16.081 [Test worker] WARN  org.hibernate.orm.deprecation - HHH90000025: H2Dialect does not need to be specified explicitly using 'hibernate.dialect' (remove the property setting and it will be selected by default)
2026-08-09 06:39:16.232 [Test worker] INFO  o.s.o.j.LocalContainerEntityManagerFactoryBean - Initialized JPA EntityManagerFactory for persistence unit 'default'
2026-08-09 06:39:16.790 [Test worker] INFO  o.s.s.c.a.a.c.InitializeUserDetailsBeanManagerConfigurer$InitializeUserDetailsManagerConfigurer - Global AuthenticationManager configured with UserDetailsService bean with name userDetailsServiceImpl
2026-08-09 06:39:17.022 [Test worker] INFO  o.s.b.a.e.web.EndpointLinksResolver - Exposing 1 endpoint beneath base path '/actuator'
2026-08-09 06:39:17.504 [Test worker] INFO  o.s.b.t.m.w.SpringBootMockServletContext - Initializing Spring TestDispatcherServlet ''
2026-08-09 06:39:17.505 [Test worker] INFO  o.s.t.w.s.TestDispatcherServlet - Initializing Servlet ''
2026-08-09 06:39:17.506 [Test worker] INFO  o.s.t.w.s.TestDispatcherServlet - Completed initialization in 1 ms
2026-08-09 06:39:17.534 [Test worker] INFO  c.t.m.s.c.SettingsControllerIntegrationTest - Started SettingsControllerIntegrationTest in 2.103 seconds (process running for 24.044)
2026-08-09 06:39:17.865 [Test worker] INFO  o.s.b.t.c.SpringBootTestContextBootstrapper - Found @SpringBootConfiguration com.thesystem.TheSystemApplication for test class com.thesystem.modules.task.controller.TaskControllerIntegrationTest
2026-08-09 06:39:17.890 [Test worker] INFO  c.t.m.t.c.TaskControllerIntegrationTest - Starting TaskControllerIntegrationTest using Java 21.0.12 with PID 60985 (started by naga in /home/naga/Workspace/Projects/THE-SYSTEM/Backend)
2026-08-09 06:39:17.890 [Test worker] DEBUG c.t.m.t.c.TaskControllerIntegrationTest - Running with Spring Boot v3.4.5, Spring v6.2.6
2026-08-09 06:39:17.891 [Test worker] INFO  c.t.m.t.c.TaskControllerIntegrationTest - No active profile set, falling back to 1 default profile: "default"
2026-08-09 06:39:18.139 [Test worker] INFO  o.s.d.r.c.RepositoryConfigurationDelegate - Bootstrapping Spring Data JPA repositories in DEFAULT mode.
2026-08-09 06:39:18.163 [Test worker] INFO  o.s.d.r.c.RepositoryConfigurationDelegate - Finished Spring Data repository scanning in 22 ms. Found 18 JPA repository interfaces.
2026-08-09 06:39:18.585 [Test worker] INFO  o.s.o.j.p.SpringPersistenceUnitInfo - No LoadTimeWeaver setup: ignoring JPA class transformer
2026-08-09 06:39:18.586 [Test worker] INFO  com.zaxxer.hikari.HikariDataSource - HikariPool-5 - Starting...
2026-08-09 06:39:18.589 [Test worker] INFO  com.zaxxer.hikari.pool.HikariPool - HikariPool-5 - Added connection conn40: url=jdbc:h2:mem:thesystem user=SA
2026-08-09 06:39:18.589 [Test worker] INFO  com.zaxxer.hikari.HikariDataSource - HikariPool-5 - Start completed.
2026-08-09 06:39:18.590 [Test worker] WARN  org.hibernate.orm.deprecation - HHH90000025: H2Dialect does not need to be specified explicitly using 'hibernate.dialect' (remove the property setting and it will be selected by default)
2026-08-09 06:39:18.759 [Test worker] INFO  o.s.o.j.LocalContainerEntityManagerFactoryBean - Initialized JPA EntityManagerFactory for persistence unit 'default'
2026-08-09 06:39:19.215 [Test worker] INFO  o.s.s.c.a.a.c.InitializeUserDetailsBeanManagerConfigurer$InitializeUserDetailsManagerConfigurer - Global AuthenticationManager configured with UserDetailsService bean with name userDetailsServiceImpl
2026-08-09 06:39:19.420 [Test worker] INFO  o.s.b.a.e.web.EndpointLinksResolver - Exposing 1 endpoint beneath base path '/actuator'
2026-08-09 06:39:19.755 [Test worker] INFO  o.s.b.t.m.w.SpringBootMockServletContext - Initializing Spring TestDispatcherServlet ''
2026-08-09 06:39:19.756 [Test worker] INFO  o.s.t.w.s.TestDispatcherServlet - Initializing Servlet ''
2026-08-09 06:39:19.757 [Test worker] INFO  o.s.t.w.s.TestDispatcherServlet - Completed initialization in 1 ms
2026-08-09 06:39:19.780 [Test worker] INFO  c.t.m.t.c.TaskControllerIntegrationTest - Started TaskControllerIntegrationTest in 1.91 seconds (process running for 26.289)
2026-08-09 06:39:20.962 [Test worker] INFO  o.s.b.t.c.SpringBootTestContextBootstrapper - Found @SpringBootConfiguration com.thesystem.TheSystemApplication for test class com.thesystem.modules.user.controller.UserControllerIntegrationTest
2026-08-09 06:39:20.989 [Test worker] INFO  c.t.m.u.c.UserControllerIntegrationTest - Starting UserControllerIntegrationTest using Java 21.0.12 with PID 60985 (started by naga in /home/naga/Workspace/Projects/THE-SYSTEM/Backend)
2026-08-09 06:39:20.989 [Test worker] DEBUG c.t.m.u.c.UserControllerIntegrationTest - Running with Spring Boot v3.4.5, Spring v6.2.6
2026-08-09 06:39:20.990 [Test worker] INFO  c.t.m.u.c.UserControllerIntegrationTest - No active profile set, falling back to 1 default profile: "default"
2026-08-09 06:39:21.190 [Test worker] INFO  o.s.d.r.c.RepositoryConfigurationDelegate - Bootstrapping Spring Data JPA repositories in DEFAULT mode.
2026-08-09 06:39:21.222 [Test worker] INFO  o.s.d.r.c.RepositoryConfigurationDelegate - Finished Spring Data repository scanning in 29 ms. Found 18 JPA repository interfaces.
2026-08-09 06:39:21.580 [Test worker] INFO  o.s.o.j.p.SpringPersistenceUnitInfo - No LoadTimeWeaver setup: ignoring JPA class transformer
2026-08-09 06:39:21.581 [Test worker] INFO  com.zaxxer.hikari.HikariDataSource - HikariPool-6 - Starting...
2026-08-09 06:39:21.583 [Test worker] INFO  com.zaxxer.hikari.pool.HikariPool - HikariPool-6 - Added connection conn50: url=jdbc:h2:mem:thesystem user=SA
2026-08-09 06:39:21.583 [Test worker] INFO  com.zaxxer.hikari.HikariDataSource - HikariPool-6 - Start completed.
2026-08-09 06:39:21.584 [Test worker] WARN  org.hibernate.orm.deprecation - HHH90000025: H2Dialect does not need to be specified explicitly using 'hibernate.dialect' (remove the property setting and it will be selected by default)
2026-08-09 06:39:21.715 [Test worker] INFO  o.s.o.j.LocalContainerEntityManagerFactoryBean - Initialized JPA EntityManagerFactory for persistence unit 'default'
2026-08-09 06:39:22.119 [Test worker] INFO  o.s.s.c.a.a.c.InitializeUserDetailsBeanManagerConfigurer$InitializeUserDetailsManagerConfigurer - Global AuthenticationManager configured with UserDetailsService bean with name userDetailsServiceImpl
2026-08-09 06:39:22.327 [Test worker] INFO  o.s.b.a.e.web.EndpointLinksResolver - Exposing 1 endpoint beneath base path '/actuator'
2026-08-09 06:39:22.648 [Test worker] INFO  o.s.b.t.m.w.SpringBootMockServletContext - Initializing Spring TestDispatcherServlet ''
2026-08-09 06:39:22.648 [Test worker] INFO  o.s.t.w.s.TestDispatcherServlet - Initializing Servlet ''
2026-08-09 06:39:22.650 [Test worker] INFO  o.s.t.w.s.TestDispatcherServlet - Completed initialization in 1 ms
2026-08-09 06:39:22.673 [Test worker] INFO  c.t.m.u.c.UserControllerIntegrationTest - Started UserControllerIntegrationTest in 1.705 seconds (process running for 29.182)
2026-08-09 06:39:22.966 [Test worker] INFO  o.s.b.t.c.SpringBootTestContextBootstrapper - Found @SpringBootConfiguration com.thesystem.TheSystemApplication for test class com.thesystem.modules.xp.controller.XpControllerIntegrationTest
2026-08-09 06:39:22.985 [Test worker] INFO  c.t.m.x.c.XpControllerIntegrationTest - Starting XpControllerIntegrationTest using Java 21.0.12 with PID 60985 (started by naga in /home/naga/Workspace/Projects/THE-SYSTEM/Backend)
2026-08-09 06:39:22.985 [Test worker] DEBUG c.t.m.x.c.XpControllerIntegrationTest - Running with Spring Boot v3.4.5, Spring v6.2.6
2026-08-09 06:39:22.986 [Test worker] INFO  c.t.m.x.c.XpControllerIntegrationTest - No active profile set, falling back to 1 default profile: "default"
2026-08-09 06:39:23.160 [Test worker] INFO  o.s.d.r.c.RepositoryConfigurationDelegate - Bootstrapping Spring Data JPA repositories in DEFAULT mode.
2026-08-09 06:39:23.184 [Test worker] INFO  o.s.d.r.c.RepositoryConfigurationDelegate - Finished Spring Data repository scanning in 22 ms. Found 18 JPA repository interfaces.
2026-08-09 06:39:23.538 [Test worker] INFO  o.s.o.j.p.SpringPersistenceUnitInfo - No LoadTimeWeaver setup: ignoring JPA class transformer
2026-08-09 06:39:23.539 [Test worker] INFO  com.zaxxer.hikari.HikariDataSource - HikariPool-7 - Starting...
2026-08-09 06:39:23.541 [Test worker] INFO  com.zaxxer.hikari.pool.HikariPool - HikariPool-7 - Added connection conn60: url=jdbc:h2:mem:thesystem user=SA
2026-08-09 06:39:23.541 [Test worker] INFO  com.zaxxer.hikari.HikariDataSource - HikariPool-7 - Start completed.
2026-08-09 06:39:23.542 [Test worker] WARN  org.hibernate.orm.deprecation - HHH90000025: H2Dialect does not need to be specified explicitly using 'hibernate.dialect' (remove the property setting and it will be selected by default)
2026-08-09 06:39:23.659 [Test worker] INFO  o.s.o.j.LocalContainerEntityManagerFactoryBean - Initialized JPA EntityManagerFactory for persistence unit 'default'
2026-08-09 06:39:24.197 [Test worker] INFO  o.s.s.c.a.a.c.InitializeUserDetailsBeanManagerConfigurer$InitializeUserDetailsManagerConfigurer - Global AuthenticationManager configured with UserDetailsService bean with name userDetailsServiceImpl
2026-08-09 06:39:24.463 [Test worker] INFO  o.s.b.a.e.web.EndpointLinksResolver - Exposing 1 endpoint beneath base path '/actuator'
2026-08-09 06:39:24.789 [Test worker] INFO  o.s.b.t.m.w.SpringBootMockServletContext - Initializing Spring TestDispatcherServlet ''
2026-08-09 06:39:24.790 [Test worker] INFO  o.s.t.w.s.TestDispatcherServlet - Initializing Servlet ''
2026-08-09 06:39:24.791 [Test worker] INFO  o.s.t.w.s.TestDispatcherServlet - Completed initialization in 1 ms
2026-08-09 06:39:24.809 [Test worker] INFO  c.t.m.x.c.XpControllerIntegrationTest - Started XpControllerIntegrationTest in 1.84 seconds (process running for 31.318)
2026-08-09 06:39:24.999 [SpringApplicationShutdownHook] INFO  o.s.o.j.LocalContainerEntityManagerFactoryBean - Closing JPA EntityManagerFactory for persistence unit 'default'
2026-08-09 06:39:25.002 [SpringApplicationShutdownHook] INFO  com.zaxxer.hikari.HikariDataSource - HikariPool-1 - Shutdown initiated...
2026-08-09 06:39:25.005 [SpringApplicationShutdownHook] INFO  com.zaxxer.hikari.HikariDataSource - HikariPool-1 - Shutdown completed.
2026-08-09 06:39:25.009 [SpringApplicationShutdownHook] INFO  o.s.o.j.LocalContainerEntityManagerFactoryBean - Closing JPA EntityManagerFactory for persistence unit 'default'
2026-08-09 06:39:25.010 [SpringApplicationShutdownHook] INFO  com.zaxxer.hikari.HikariDataSource - HikariPool-2 - Shutdown initiated...
2026-08-09 06:39:25.011 [SpringApplicationShutdownHook] INFO  com.zaxxer.hikari.HikariDataSource - HikariPool-2 - Shutdown completed.
2026-08-09 06:39:25.015 [SpringApplicationShutdownHook] INFO  o.s.o.j.LocalContainerEntityManagerFactoryBean - Closing JPA EntityManagerFactory for persistence unit 'default'
2026-08-09 06:39:25.015 [SpringApplicationShutdownHook] INFO  com.zaxxer.hikari.HikariDataSource - HikariPool-3 - Shutdown initiated...
2026-08-09 06:39:25.016 [SpringApplicationShutdownHook] INFO  com.zaxxer.hikari.HikariDataSource - HikariPool-3 - Shutdown completed.
2026-08-09 06:39:25.020 [SpringApplicationShutdownHook] INFO  o.s.o.j.LocalContainerEntityManagerFactoryBean - Closing JPA EntityManagerFactory for persistence unit 'default'
2026-08-09 06:39:25.020 [SpringApplicationShutdownHook] INFO  com.zaxxer.hikari.HikariDataSource - HikariPool-4 - Shutdown initiated...
2026-08-09 06:39:25.021 [SpringApplicationShutdownHook] INFO  com.zaxxer.hikari.HikariDataSource - HikariPool-4 - Shutdown completed.
2026-08-09 06:39:25.024 [SpringApplicationShutdownHook] INFO  o.s.o.j.LocalContainerEntityManagerFactoryBean - Closing JPA EntityManagerFactory for persistence unit 'default'
2026-08-09 06:39:25.025 [SpringApplicationShutdownHook] INFO  com.zaxxer.hikari.HikariDataSource - HikariPool-5 - Shutdown initiated...
2026-08-09 06:39:25.026 [SpringApplicationShutdownHook] INFO  com.zaxxer.hikari.HikariDataSource - HikariPool-5 - Shutdown completed.
2026-08-09 06:39:25.028 [SpringApplicationShutdownHook] INFO  o.s.o.j.LocalContainerEntityManagerFactoryBean - Closing JPA EntityManagerFactory for persistence unit 'default'
2026-08-09 06:39:25.029 [SpringApplicationShutdownHook] INFO  com.zaxxer.hikari.HikariDataSource - HikariPool-6 - Shutdown initiated...
2026-08-09 06:39:25.030 [SpringApplicationShutdownHook] INFO  com.zaxxer.hikari.HikariDataSource - HikariPool-6 - Shutdown completed.
2026-08-09 06:39:25.034 [SpringApplicationShutdownHook] INFO  o.s.o.j.LocalContainerEntityManagerFactoryBean - Closing JPA EntityManagerFactory for persistence unit 'default'
2026-08-09 06:39:25.035 [SpringApplicationShutdownHook] INFO  com.zaxxer.hikari.HikariDataSource - HikariPool-7 - Shutdown initiated...
2026-08-09 06:39:25.037 [SpringApplicationShutdownHook] INFO  com.zaxxer.hikari.HikariDataSource - HikariPool-7 - Shutdown completed.
2026-08-09 06:41:03.008 [Test worker] INFO  c.t.TheSystemApplicationTests - Starting TheSystemApplicationTests using Java 21.0.12 with PID 61765 (started by naga in /home/naga/Workspace/Projects/THE-SYSTEM/Backend)
2026-08-09 06:41:03.009 [Test worker] DEBUG c.t.TheSystemApplicationTests - Running with Spring Boot v3.4.5, Spring v6.2.6
2026-08-09 06:41:03.012 [Test worker] INFO  c.t.TheSystemApplicationTests - No active profile set, falling back to 1 default profile: "default"
2026-08-09 06:41:04.032 [Test worker] INFO  o.s.d.r.c.RepositoryConfigurationDelegate - Bootstrapping Spring Data JPA repositories in DEFAULT mode.
2026-08-09 06:41:04.175 [Test worker] INFO  o.s.d.r.c.RepositoryConfigurationDelegate - Finished Spring Data repository scanning in 133 ms. Found 18 JPA repository interfaces.
2026-08-09 06:41:06.047 [Test worker] INFO  o.s.o.j.p.SpringPersistenceUnitInfo - No LoadTimeWeaver setup: ignoring JPA class transformer
2026-08-09 06:41:06.096 [Test worker] INFO  com.zaxxer.hikari.HikariDataSource - HikariPool-1 - Starting...
2026-08-09 06:41:06.239 [Test worker] INFO  com.zaxxer.hikari.pool.HikariPool - HikariPool-1 - Added connection conn0: url=jdbc:h2:mem:thesystem user=SA
2026-08-09 06:41:06.241 [Test worker] INFO  com.zaxxer.hikari.HikariDataSource - HikariPool-1 - Start completed.
2026-08-09 06:41:06.266 [Test worker] WARN  org.hibernate.orm.deprecation - HHH90000025: H2Dialect does not need to be specified explicitly using 'hibernate.dialect' (remove the property setting and it will be selected by default)
2026-08-09 06:41:07.589 [Test worker] INFO  o.s.o.j.LocalContainerEntityManagerFactoryBean - Initialized JPA EntityManagerFactory for persistence unit 'default'
2026-08-09 06:41:08.741 [Test worker] INFO  o.s.d.j.r.query.QueryEnhancerFactory - Hibernate is in classpath; If applicable, HQL parser will be used.
2026-08-09 06:41:10.284 [Test worker] INFO  o.s.s.c.a.a.c.InitializeUserDetailsBeanManagerConfigurer$InitializeUserDetailsManagerConfigurer - Global AuthenticationManager configured with UserDetailsService bean with name userDetailsServiceImpl
2026-08-09 06:41:10.989 [Test worker] INFO  o.s.b.a.e.web.EndpointLinksResolver - Exposing 1 endpoint beneath base path '/actuator'
2026-08-09 06:41:12.040 [Test worker] INFO  c.t.TheSystemApplicationTests - Started TheSystemApplicationTests in 9.546 seconds (process running for 13.965)
2026-08-09 06:41:12.209 [Test worker] INFO  o.s.b.t.c.SpringBootTestContextBootstrapper - Found @SpringBootConfiguration com.thesystem.TheSystemApplication for test class com.thesystem.modules.auth.controller.AuthControllerIntegrationTest
2026-08-09 06:41:12.240 [Test worker] INFO  c.t.m.a.c.AuthControllerIntegrationTest - Starting AuthControllerIntegrationTest using Java 21.0.12 with PID 61765 (started by naga in /home/naga/Workspace/Projects/THE-SYSTEM/Backend)
2026-08-09 06:41:12.241 [Test worker] DEBUG c.t.m.a.c.AuthControllerIntegrationTest - Running with Spring Boot v3.4.5, Spring v6.2.6
2026-08-09 06:41:12.241 [Test worker] INFO  c.t.m.a.c.AuthControllerIntegrationTest - No active profile set, falling back to 1 default profile: "default"
2026-08-09 06:41:12.548 [Test worker] INFO  o.s.d.r.c.RepositoryConfigurationDelegate - Bootstrapping Spring Data JPA repositories in DEFAULT mode.
2026-08-09 06:41:12.587 [Test worker] INFO  o.s.d.r.c.RepositoryConfigurationDelegate - Finished Spring Data repository scanning in 37 ms. Found 18 JPA repository interfaces.
2026-08-09 06:41:13.057 [Test worker] INFO  o.s.o.j.p.SpringPersistenceUnitInfo - No LoadTimeWeaver setup: ignoring JPA class transformer
2026-08-09 06:41:13.058 [Test worker] INFO  com.zaxxer.hikari.HikariDataSource - HikariPool-2 - Starting...
2026-08-09 06:41:13.060 [Test worker] INFO  com.zaxxer.hikari.pool.HikariPool - HikariPool-2 - Added connection conn10: url=jdbc:h2:mem:thesystem user=SA
2026-08-09 06:41:13.061 [Test worker] INFO  com.zaxxer.hikari.HikariDataSource - HikariPool-2 - Start completed.
2026-08-09 06:41:13.062 [Test worker] WARN  org.hibernate.orm.deprecation - HHH90000025: H2Dialect does not need to be specified explicitly using 'hibernate.dialect' (remove the property setting and it will be selected by default)
2026-08-09 06:41:13.308 [Test worker] INFO  o.s.o.j.LocalContainerEntityManagerFactoryBean - Initialized JPA EntityManagerFactory for persistence unit 'default'
2026-08-09 06:41:13.943 [Test worker] INFO  o.s.s.c.a.a.c.InitializeUserDetailsBeanManagerConfigurer$InitializeUserDetailsManagerConfigurer - Global AuthenticationManager configured with UserDetailsService bean with name userDetailsServiceImpl
2026-08-09 06:41:14.188 [Test worker] INFO  o.s.b.a.e.web.EndpointLinksResolver - Exposing 1 endpoint beneath base path '/actuator'
2026-08-09 06:41:14.637 [Test worker] INFO  o.s.b.t.m.w.SpringBootMockServletContext - Initializing Spring TestDispatcherServlet ''
2026-08-09 06:41:14.638 [Test worker] INFO  o.s.t.w.s.TestDispatcherServlet - Initializing Servlet ''
2026-08-09 06:41:14.639 [Test worker] INFO  o.s.t.w.s.TestDispatcherServlet - Completed initialization in 1 ms
2026-08-09 06:41:14.677 [Test worker] INFO  c.t.m.a.c.AuthControllerIntegrationTest - Started AuthControllerIntegrationTest in 2.462 seconds (process running for 16.602)
2026-08-09 06:41:15.683 [Test worker] INFO  o.s.b.t.c.SpringBootTestContextBootstrapper - Found @SpringBootConfiguration com.thesystem.TheSystemApplication for test class com.thesystem.modules.goal.controller.GoalControllerIntegrationTest
2026-08-09 06:41:15.708 [Test worker] INFO  c.t.m.g.c.GoalControllerIntegrationTest - Starting GoalControllerIntegrationTest using Java 21.0.12 with PID 61765 (started by naga in /home/naga/Workspace/Projects/THE-SYSTEM/Backend)
2026-08-09 06:41:15.708 [Test worker] DEBUG c.t.m.g.c.GoalControllerIntegrationTest - Running with Spring Boot v3.4.5, Spring v6.2.6
2026-08-09 06:41:15.709 [Test worker] INFO  c.t.m.g.c.GoalControllerIntegrationTest - No active profile set, falling back to 1 default profile: "default"
2026-08-09 06:41:15.924 [Test worker] INFO  o.s.d.r.c.RepositoryConfigurationDelegate - Bootstrapping Spring Data JPA repositories in DEFAULT mode.
2026-08-09 06:41:15.959 [Test worker] INFO  o.s.d.r.c.RepositoryConfigurationDelegate - Finished Spring Data repository scanning in 33 ms. Found 18 JPA repository interfaces.
2026-08-09 06:41:16.411 [Test worker] INFO  o.s.o.j.p.SpringPersistenceUnitInfo - No LoadTimeWeaver setup: ignoring JPA class transformer
2026-08-09 06:41:16.412 [Test worker] INFO  com.zaxxer.hikari.HikariDataSource - HikariPool-3 - Starting...
2026-08-09 06:41:16.414 [Test worker] INFO  com.zaxxer.hikari.pool.HikariPool - HikariPool-3 - Added connection conn20: url=jdbc:h2:mem:thesystem user=SA
2026-08-09 06:41:16.415 [Test worker] INFO  com.zaxxer.hikari.HikariDataSource - HikariPool-3 - Start completed.
2026-08-09 06:41:16.416 [Test worker] WARN  org.hibernate.orm.deprecation - HHH90000025: H2Dialect does not need to be specified explicitly using 'hibernate.dialect' (remove the property setting and it will be selected by default)
2026-08-09 06:41:16.612 [Test worker] INFO  o.s.o.j.LocalContainerEntityManagerFactoryBean - Initialized JPA EntityManagerFactory for persistence unit 'default'
2026-08-09 06:41:17.299 [Test worker] INFO  o.s.s.c.a.a.c.InitializeUserDetailsBeanManagerConfigurer$InitializeUserDetailsManagerConfigurer - Global AuthenticationManager configured with UserDetailsService bean with name userDetailsServiceImpl
2026-08-09 06:41:17.518 [Test worker] INFO  o.s.b.a.e.web.EndpointLinksResolver - Exposing 1 endpoint beneath base path '/actuator'
2026-08-09 06:41:17.992 [Test worker] INFO  o.s.b.t.m.w.SpringBootMockServletContext - Initializing Spring TestDispatcherServlet ''
2026-08-09 06:41:17.993 [Test worker] INFO  o.s.t.w.s.TestDispatcherServlet - Initializing Servlet ''
2026-08-09 06:41:17.994 [Test worker] INFO  o.s.t.w.s.TestDispatcherServlet - Completed initialization in 1 ms
2026-08-09 06:41:18.038 [Test worker] INFO  c.t.m.g.c.GoalControllerIntegrationTest - Started GoalControllerIntegrationTest in 2.35 seconds (process running for 19.964)
2026-08-09 06:41:18.498 [Test worker] INFO  o.s.b.t.c.SpringBootTestContextBootstrapper - Found @SpringBootConfiguration com.thesystem.TheSystemApplication for test class com.thesystem.modules.settings.controller.SettingsControllerIntegrationTest
2026-08-09 06:41:18.519 [Test worker] INFO  c.t.m.s.c.SettingsControllerIntegrationTest - Starting SettingsControllerIntegrationTest using Java 21.0.12 with PID 61765 (started by naga in /home/naga/Workspace/Projects/THE-SYSTEM/Backend)
2026-08-09 06:41:18.520 [Test worker] DEBUG c.t.m.s.c.SettingsControllerIntegrationTest - Running with Spring Boot v3.4.5, Spring v6.2.6
2026-08-09 06:41:18.520 [Test worker] INFO  c.t.m.s.c.SettingsControllerIntegrationTest - No active profile set, falling back to 1 default profile: "default"
2026-08-09 06:41:18.747 [Test worker] INFO  o.s.d.r.c.RepositoryConfigurationDelegate - Bootstrapping Spring Data JPA repositories in DEFAULT mode.
2026-08-09 06:41:18.775 [Test worker] INFO  o.s.d.r.c.RepositoryConfigurationDelegate - Finished Spring Data repository scanning in 26 ms. Found 18 JPA repository interfaces.
2026-08-09 06:41:19.209 [Test worker] INFO  o.s.o.j.p.SpringPersistenceUnitInfo - No LoadTimeWeaver setup: ignoring JPA class transformer
2026-08-09 06:41:19.210 [Test worker] INFO  com.zaxxer.hikari.HikariDataSource - HikariPool-4 - Starting...
2026-08-09 06:41:19.212 [Test worker] INFO  com.zaxxer.hikari.pool.HikariPool - HikariPool-4 - Added connection conn30: url=jdbc:h2:mem:thesystem user=SA
2026-08-09 06:41:19.213 [Test worker] INFO  com.zaxxer.hikari.HikariDataSource - HikariPool-4 - Start completed.
2026-08-09 06:41:19.214 [Test worker] WARN  org.hibernate.orm.deprecation - HHH90000025: H2Dialect does not need to be specified explicitly using 'hibernate.dialect' (remove the property setting and it will be selected by default)
2026-08-09 06:41:19.364 [Test worker] INFO  o.s.o.j.LocalContainerEntityManagerFactoryBean - Initialized JPA EntityManagerFactory for persistence unit 'default'
2026-08-09 06:41:19.971 [Test worker] INFO  o.s.s.c.a.a.c.InitializeUserDetailsBeanManagerConfigurer$InitializeUserDetailsManagerConfigurer - Global AuthenticationManager configured with UserDetailsService bean with name userDetailsServiceImpl
2026-08-09 06:41:20.223 [Test worker] INFO  o.s.b.a.e.web.EndpointLinksResolver - Exposing 1 endpoint beneath base path '/actuator'
2026-08-09 06:41:20.550 [Test worker] INFO  o.s.b.t.m.w.SpringBootMockServletContext - Initializing Spring TestDispatcherServlet ''
2026-08-09 06:41:20.551 [Test worker] INFO  o.s.t.w.s.TestDispatcherServlet - Initializing Servlet ''
2026-08-09 06:41:20.552 [Test worker] INFO  o.s.t.w.s.TestDispatcherServlet - Completed initialization in 1 ms
2026-08-09 06:41:20.575 [Test worker] INFO  c.t.m.s.c.SettingsControllerIntegrationTest - Started SettingsControllerIntegrationTest in 2.074 seconds (process running for 22.501)
2026-08-09 06:41:20.889 [Test worker] INFO  o.s.b.t.c.SpringBootTestContextBootstrapper - Found @SpringBootConfiguration com.thesystem.TheSystemApplication for test class com.thesystem.modules.task.controller.TaskControllerIntegrationTest
2026-08-09 06:41:20.912 [Test worker] INFO  c.t.m.t.c.TaskControllerIntegrationTest - Starting TaskControllerIntegrationTest using Java 21.0.12 with PID 61765 (started by naga in /home/naga/Workspace/Projects/THE-SYSTEM/Backend)
2026-08-09 06:41:20.912 [Test worker] DEBUG c.t.m.t.c.TaskControllerIntegrationTest - Running with Spring Boot v3.4.5, Spring v6.2.6
2026-08-09 06:41:20.913 [Test worker] INFO  c.t.m.t.c.TaskControllerIntegrationTest - No active profile set, falling back to 1 default profile: "default"
2026-08-09 06:41:21.162 [Test worker] INFO  o.s.d.r.c.RepositoryConfigurationDelegate - Bootstrapping Spring Data JPA repositories in DEFAULT mode.
2026-08-09 06:41:21.192 [Test worker] INFO  o.s.d.r.c.RepositoryConfigurationDelegate - Finished Spring Data repository scanning in 28 ms. Found 18 JPA repository interfaces.
2026-08-09 06:41:21.568 [Test worker] INFO  o.s.o.j.p.SpringPersistenceUnitInfo - No LoadTimeWeaver setup: ignoring JPA class transformer
2026-08-09 06:41:21.569 [Test worker] INFO  com.zaxxer.hikari.HikariDataSource - HikariPool-5 - Starting...
2026-08-09 06:41:21.571 [Test worker] INFO  com.zaxxer.hikari.pool.HikariPool - HikariPool-5 - Added connection conn40: url=jdbc:h2:mem:thesystem user=SA
2026-08-09 06:41:21.571 [Test worker] INFO  com.zaxxer.hikari.HikariDataSource - HikariPool-5 - Start completed.
2026-08-09 06:41:21.572 [Test worker] WARN  org.hibernate.orm.deprecation - HHH90000025: H2Dialect does not need to be specified explicitly using 'hibernate.dialect' (remove the property setting and it will be selected by default)
2026-08-09 06:41:21.704 [Test worker] INFO  o.s.o.j.LocalContainerEntityManagerFactoryBean - Initialized JPA EntityManagerFactory for persistence unit 'default'
2026-08-09 06:41:22.152 [Test worker] INFO  o.s.s.c.a.a.c.InitializeUserDetailsBeanManagerConfigurer$InitializeUserDetailsManagerConfigurer - Global AuthenticationManager configured with UserDetailsService bean with name userDetailsServiceImpl
2026-08-09 06:41:22.355 [Test worker] INFO  o.s.b.a.e.web.EndpointLinksResolver - Exposing 1 endpoint beneath base path '/actuator'
2026-08-09 06:41:22.651 [Test worker] INFO  o.s.b.t.m.w.SpringBootMockServletContext - Initializing Spring TestDispatcherServlet ''
2026-08-09 06:41:22.651 [Test worker] INFO  o.s.t.w.s.TestDispatcherServlet - Initializing Servlet ''
2026-08-09 06:41:22.654 [Test worker] INFO  o.s.t.w.s.TestDispatcherServlet - Completed initialization in 3 ms
2026-08-09 06:41:22.689 [Test worker] INFO  c.t.m.t.c.TaskControllerIntegrationTest - Started TaskControllerIntegrationTest in 1.795 seconds (process running for 24.615)
2026-08-09 06:41:23.865 [Test worker] INFO  o.s.b.t.c.SpringBootTestContextBootstrapper - Found @SpringBootConfiguration com.thesystem.TheSystemApplication for test class com.thesystem.modules.user.controller.UserControllerIntegrationTest
2026-08-09 06:41:23.887 [Test worker] INFO  c.t.m.u.c.UserControllerIntegrationTest - Starting UserControllerIntegrationTest using Java 21.0.12 with PID 61765 (started by naga in /home/naga/Workspace/Projects/THE-SYSTEM/Backend)
2026-08-09 06:41:23.887 [Test worker] DEBUG c.t.m.u.c.UserControllerIntegrationTest - Running with Spring Boot v3.4.5, Spring v6.2.6
2026-08-09 06:41:23.887 [Test worker] INFO  c.t.m.u.c.UserControllerIntegrationTest - No active profile set, falling back to 1 default profile: "default"
2026-08-09 06:41:24.074 [Test worker] INFO  o.s.d.r.c.RepositoryConfigurationDelegate - Bootstrapping Spring Data JPA repositories in DEFAULT mode.
2026-08-09 06:41:24.104 [Test worker] INFO  o.s.d.r.c.RepositoryConfigurationDelegate - Finished Spring Data repository scanning in 28 ms. Found 18 JPA repository interfaces.
2026-08-09 06:41:24.457 [Test worker] INFO  o.s.o.j.p.SpringPersistenceUnitInfo - No LoadTimeWeaver setup: ignoring JPA class transformer
2026-08-09 06:41:24.458 [Test worker] INFO  com.zaxxer.hikari.HikariDataSource - HikariPool-6 - Starting...
2026-08-09 06:41:24.459 [Test worker] INFO  com.zaxxer.hikari.pool.HikariPool - HikariPool-6 - Added connection conn50: url=jdbc:h2:mem:thesystem user=SA
2026-08-09 06:41:24.460 [Test worker] INFO  com.zaxxer.hikari.HikariDataSource - HikariPool-6 - Start completed.
2026-08-09 06:41:24.460 [Test worker] WARN  org.hibernate.orm.deprecation - HHH90000025: H2Dialect does not need to be specified explicitly using 'hibernate.dialect' (remove the property setting and it will be selected by default)
2026-08-09 06:41:24.574 [Test worker] INFO  o.s.o.j.LocalContainerEntityManagerFactoryBean - Initialized JPA EntityManagerFactory for persistence unit 'default'
2026-08-09 06:41:25.038 [Test worker] INFO  o.s.s.c.a.a.c.InitializeUserDetailsBeanManagerConfigurer$InitializeUserDetailsManagerConfigurer - Global AuthenticationManager configured with UserDetailsService bean with name userDetailsServiceImpl
2026-08-09 06:41:25.183 [Test worker] INFO  o.s.b.a.e.web.EndpointLinksResolver - Exposing 1 endpoint beneath base path '/actuator'
2026-08-09 06:41:25.472 [Test worker] INFO  o.s.b.t.m.w.SpringBootMockServletContext - Initializing Spring TestDispatcherServlet ''
2026-08-09 06:41:25.472 [Test worker] INFO  o.s.t.w.s.TestDispatcherServlet - Initializing Servlet ''
2026-08-09 06:41:25.474 [Test worker] INFO  o.s.t.w.s.TestDispatcherServlet - Completed initialization in 2 ms
2026-08-09 06:41:25.508 [Test worker] INFO  c.t.m.u.c.UserControllerIntegrationTest - Started UserControllerIntegrationTest in 1.639 seconds (process running for 27.434)
2026-08-09 06:41:25.824 [Test worker] INFO  o.s.b.t.c.SpringBootTestContextBootstrapper - Found @SpringBootConfiguration com.thesystem.TheSystemApplication for test class com.thesystem.modules.xp.controller.XpControllerIntegrationTest
2026-08-09 06:41:25.844 [Test worker] INFO  c.t.m.x.c.XpControllerIntegrationTest - Starting XpControllerIntegrationTest using Java 21.0.12 with PID 61765 (started by naga in /home/naga/Workspace/Projects/THE-SYSTEM/Backend)
2026-08-09 06:41:25.844 [Test worker] DEBUG c.t.m.x.c.XpControllerIntegrationTest - Running with Spring Boot v3.4.5, Spring v6.2.6
2026-08-09 06:41:25.844 [Test worker] INFO  c.t.m.x.c.XpControllerIntegrationTest - No active profile set, falling back to 1 default profile: "default"
2026-08-09 06:41:26.035 [Test worker] INFO  o.s.d.r.c.RepositoryConfigurationDelegate - Bootstrapping Spring Data JPA repositories in DEFAULT mode.
2026-08-09 06:41:26.056 [Test worker] INFO  o.s.d.r.c.RepositoryConfigurationDelegate - Finished Spring Data repository scanning in 19 ms. Found 18 JPA repository interfaces.
2026-08-09 06:41:26.404 [Test worker] INFO  o.s.o.j.p.SpringPersistenceUnitInfo - No LoadTimeWeaver setup: ignoring JPA class transformer
2026-08-09 06:41:26.405 [Test worker] INFO  com.zaxxer.hikari.HikariDataSource - HikariPool-7 - Starting...
2026-08-09 06:41:26.407 [Test worker] INFO  com.zaxxer.hikari.pool.HikariPool - HikariPool-7 - Added connection conn60: url=jdbc:h2:mem:thesystem user=SA
2026-08-09 06:41:26.408 [Test worker] INFO  com.zaxxer.hikari.HikariDataSource - HikariPool-7 - Start completed.
2026-08-09 06:41:26.408 [Test worker] WARN  org.hibernate.orm.deprecation - HHH90000025: H2Dialect does not need to be specified explicitly using 'hibernate.dialect' (remove the property setting and it will be selected by default)
2026-08-09 06:41:26.535 [Test worker] INFO  o.s.o.j.LocalContainerEntityManagerFactoryBean - Initialized JPA EntityManagerFactory for persistence unit 'default'
2026-08-09 06:41:26.987 [Test worker] INFO  o.s.s.c.a.a.c.InitializeUserDetailsBeanManagerConfigurer$InitializeUserDetailsManagerConfigurer - Global AuthenticationManager configured with UserDetailsService bean with name userDetailsServiceImpl
2026-08-09 06:41:27.142 [Test worker] INFO  o.s.b.a.e.web.EndpointLinksResolver - Exposing 1 endpoint beneath base path '/actuator'
2026-08-09 06:41:27.426 [Test worker] INFO  o.s.b.t.m.w.SpringBootMockServletContext - Initializing Spring TestDispatcherServlet ''
2026-08-09 06:41:27.427 [Test worker] INFO  o.s.t.w.s.TestDispatcherServlet - Initializing Servlet ''
2026-08-09 06:41:27.428 [Test worker] INFO  o.s.t.w.s.TestDispatcherServlet - Completed initialization in 0 ms
2026-08-09 06:41:27.450 [Test worker] INFO  c.t.m.x.c.XpControllerIntegrationTest - Started XpControllerIntegrationTest in 1.622 seconds (process running for 29.376)
2026-08-09 06:41:27.680 [SpringApplicationShutdownHook] INFO  o.s.o.j.LocalContainerEntityManagerFactoryBean - Closing JPA EntityManagerFactory for persistence unit 'default'
2026-08-09 06:41:27.682 [SpringApplicationShutdownHook] INFO  com.zaxxer.hikari.HikariDataSource - HikariPool-1 - Shutdown initiated...
2026-08-09 06:41:27.684 [SpringApplicationShutdownHook] INFO  com.zaxxer.hikari.HikariDataSource - HikariPool-1 - Shutdown completed.
2026-08-09 06:41:27.688 [SpringApplicationShutdownHook] INFO  o.s.o.j.LocalContainerEntityManagerFactoryBean - Closing JPA EntityManagerFactory for persistence unit 'default'
2026-08-09 06:41:27.688 [SpringApplicationShutdownHook] INFO  com.zaxxer.hikari.HikariDataSource - HikariPool-2 - Shutdown initiated...
2026-08-09 06:41:27.689 [SpringApplicationShutdownHook] INFO  com.zaxxer.hikari.HikariDataSource - HikariPool-2 - Shutdown completed.
2026-08-09 06:41:27.692 [SpringApplicationShutdownHook] INFO  o.s.o.j.LocalContainerEntityManagerFactoryBean - Closing JPA EntityManagerFactory for persistence unit 'default'
2026-08-09 06:41:27.693 [SpringApplicationShutdownHook] INFO  com.zaxxer.hikari.HikariDataSource - HikariPool-3 - Shutdown initiated...
2026-08-09 06:41:27.694 [SpringApplicationShutdownHook] INFO  com.zaxxer.hikari.HikariDataSource - HikariPool-3 - Shutdown completed.
2026-08-09 06:41:27.698 [SpringApplicationShutdownHook] INFO  o.s.o.j.LocalContainerEntityManagerFactoryBean - Closing JPA EntityManagerFactory for persistence unit 'default'
2026-08-09 06:41:27.699 [SpringApplicationShutdownHook] INFO  com.zaxxer.hikari.HikariDataSource - HikariPool-4 - Shutdown initiated...
2026-08-09 06:41:27.699 [SpringApplicationShutdownHook] INFO  com.zaxxer.hikari.HikariDataSource - HikariPool-4 - Shutdown completed.
2026-08-09 06:41:27.703 [SpringApplicationShutdownHook] INFO  o.s.o.j.LocalContainerEntityManagerFactoryBean - Closing JPA EntityManagerFactory for persistence unit 'default'
2026-08-09 06:41:27.704 [SpringApplicationShutdownHook] INFO  com.zaxxer.hikari.HikariDataSource - HikariPool-5 - Shutdown initiated...
2026-08-09 06:41:27.705 [SpringApplicationShutdownHook] INFO  com.zaxxer.hikari.HikariDataSource - HikariPool-5 - Shutdown completed.
2026-08-09 06:41:27.708 [SpringApplicationShutdownHook] INFO  o.s.o.j.LocalContainerEntityManagerFactoryBean - Closing JPA EntityManagerFactory for persistence unit 'default'
2026-08-09 06:41:27.709 [SpringApplicationShutdownHook] INFO  com.zaxxer.hikari.HikariDataSource - HikariPool-6 - Shutdown initiated...
2026-08-09 06:41:27.710 [SpringApplicationShutdownHook] INFO  com.zaxxer.hikari.HikariDataSource - HikariPool-6 - Shutdown completed.
2026-08-09 06:41:27.713 [SpringApplicationShutdownHook] INFO  o.s.o.j.LocalContainerEntityManagerFactoryBean - Closing JPA EntityManagerFactory for persistence unit 'default'
2026-08-09 06:41:27.714 [SpringApplicationShutdownHook] INFO  com.zaxxer.hikari.HikariDataSource - HikariPool-7 - Shutdown initiated...
2026-08-09 06:41:27.715 [SpringApplicationShutdownHook] INFO  com.zaxxer.hikari.HikariDataSource - HikariPool-7 - Shutdown completed.
2026-08-09 07:18:07.426 [Test worker] INFO  c.t.TheSystemApplicationTests - Starting TheSystemApplicationTests using Java 21.0.12 with PID 68743 (started by naga in /home/naga/Workspace/Projects/THE-SYSTEM/Backend)
2026-08-09 07:18:07.427 [Test worker] DEBUG c.t.TheSystemApplicationTests - Running with Spring Boot v3.4.5, Spring v6.2.6
2026-08-09 07:18:07.428 [Test worker] INFO  c.t.TheSystemApplicationTests - No active profile set, falling back to 1 default profile: "default"
2026-08-09 07:18:08.517 [Test worker] INFO  o.s.d.r.c.RepositoryConfigurationDelegate - Bootstrapping Spring Data JPA repositories in DEFAULT mode.
2026-08-09 07:18:08.664 [Test worker] INFO  o.s.d.r.c.RepositoryConfigurationDelegate - Finished Spring Data repository scanning in 137 ms. Found 18 JPA repository interfaces.
2026-08-09 07:18:10.718 [Test worker] INFO  o.s.o.j.p.SpringPersistenceUnitInfo - No LoadTimeWeaver setup: ignoring JPA class transformer
2026-08-09 07:18:10.766 [Test worker] INFO  com.zaxxer.hikari.HikariDataSource - HikariPool-1 - Starting...
2026-08-09 07:18:10.911 [Test worker] INFO  com.zaxxer.hikari.pool.HikariPool - HikariPool-1 - Added connection conn0: url=jdbc:h2:mem:thesystem user=SA
2026-08-09 07:18:10.913 [Test worker] INFO  com.zaxxer.hikari.HikariDataSource - HikariPool-1 - Start completed.
2026-08-09 07:18:10.935 [Test worker] WARN  org.hibernate.orm.deprecation - HHH90000025: H2Dialect does not need to be specified explicitly using 'hibernate.dialect' (remove the property setting and it will be selected by default)
2026-08-09 07:18:12.310 [Test worker] INFO  o.s.o.j.LocalContainerEntityManagerFactoryBean - Initialized JPA EntityManagerFactory for persistence unit 'default'
2026-08-09 07:18:13.416 [Test worker] INFO  o.s.d.j.r.query.QueryEnhancerFactory - Hibernate is in classpath; If applicable, HQL parser will be used.
2026-08-09 07:18:14.863 [Test worker] INFO  o.s.s.c.a.a.c.InitializeUserDetailsBeanManagerConfigurer$InitializeUserDetailsManagerConfigurer - Global AuthenticationManager configured with UserDetailsService bean with name userDetailsServiceImpl
2026-08-09 07:18:15.527 [Test worker] INFO  o.s.b.a.e.web.EndpointLinksResolver - Exposing 1 endpoint beneath base path '/actuator'
2026-08-09 07:18:16.703 [Test worker] INFO  c.t.TheSystemApplicationTests - Started TheSystemApplicationTests in 9.768 seconds (process running for 11.113)
2026-08-09 07:18:17.382 [Test worker] INFO  o.s.b.t.c.SpringBootTestContextBootstrapper - Found @SpringBootConfiguration com.thesystem.TheSystemApplication for test class com.thesystem.modules.auth.controller.AuthControllerIntegrationTest
2026-08-09 07:18:17.464 [Test worker] INFO  c.t.m.a.c.AuthControllerIntegrationTest - Starting AuthControllerIntegrationTest using Java 21.0.12 with PID 68743 (started by naga in /home/naga/Workspace/Projects/THE-SYSTEM/Backend)
2026-08-09 07:18:17.465 [Test worker] DEBUG c.t.m.a.c.AuthControllerIntegrationTest - Running with Spring Boot v3.4.5, Spring v6.2.6
2026-08-09 07:18:17.467 [Test worker] INFO  c.t.m.a.c.AuthControllerIntegrationTest - No active profile set, falling back to 1 default profile: "default"
2026-08-09 07:18:17.891 [Test worker] INFO  o.s.d.r.c.RepositoryConfigurationDelegate - Bootstrapping Spring Data JPA repositories in DEFAULT mode.
2026-08-09 07:18:17.936 [Test worker] INFO  o.s.d.r.c.RepositoryConfigurationDelegate - Finished Spring Data repository scanning in 43 ms. Found 18 JPA repository interfaces.
2026-08-09 07:18:18.856 [Test worker] INFO  o.s.o.j.p.SpringPersistenceUnitInfo - No LoadTimeWeaver setup: ignoring JPA class transformer
2026-08-09 07:18:18.858 [Test worker] INFO  com.zaxxer.hikari.HikariDataSource - HikariPool-2 - Starting...
2026-08-09 07:18:18.860 [Test worker] INFO  com.zaxxer.hikari.pool.HikariPool - HikariPool-2 - Added connection conn10: url=jdbc:h2:mem:thesystem user=SA
2026-08-09 07:18:18.861 [Test worker] INFO  com.zaxxer.hikari.HikariDataSource - HikariPool-2 - Start completed.
2026-08-09 07:18:18.862 [Test worker] WARN  org.hibernate.orm.deprecation - HHH90000025: H2Dialect does not need to be specified explicitly using 'hibernate.dialect' (remove the property setting and it will be selected by default)
2026-08-09 07:18:19.189 [Test worker] INFO  o.s.o.j.LocalContainerEntityManagerFactoryBean - Initialized JPA EntityManagerFactory for persistence unit 'default'
2026-08-09 07:18:20.541 [Test worker] INFO  o.s.s.c.a.a.c.InitializeUserDetailsBeanManagerConfigurer$InitializeUserDetailsManagerConfigurer - Global AuthenticationManager configured with UserDetailsService bean with name userDetailsServiceImpl
2026-08-09 07:18:20.985 [Test worker] INFO  o.s.b.a.e.web.EndpointLinksResolver - Exposing 1 endpoint beneath base path '/actuator'
2026-08-09 07:18:21.824 [Test worker] INFO  o.s.b.t.m.w.SpringBootMockServletContext - Initializing Spring TestDispatcherServlet ''
2026-08-09 07:18:21.825 [Test worker] INFO  o.s.t.w.s.TestDispatcherServlet - Initializing Servlet ''
2026-08-09 07:18:21.829 [Test worker] INFO  o.s.t.w.s.TestDispatcherServlet - Completed initialization in 3 ms
2026-08-09 07:18:21.893 [Test worker] INFO  c.t.m.a.c.AuthControllerIntegrationTest - Started AuthControllerIntegrationTest in 4.5 seconds (process running for 16.303)
2026-08-09 07:18:23.377 [Test worker] INFO  o.s.b.t.c.SpringBootTestContextBootstrapper - Found @SpringBootConfiguration com.thesystem.TheSystemApplication for test class com.thesystem.modules.goal.controller.GoalControllerIntegrationTest
2026-08-09 07:18:23.435 [Test worker] INFO  c.t.m.g.c.GoalControllerIntegrationTest - Starting GoalControllerIntegrationTest using Java 21.0.12 with PID 68743 (started by naga in /home/naga/Workspace/Projects/THE-SYSTEM/Backend)
2026-08-09 07:18:23.436 [Test worker] DEBUG c.t.m.g.c.GoalControllerIntegrationTest - Running with Spring Boot v3.4.5, Spring v6.2.6
2026-08-09 07:18:23.436 [Test worker] INFO  c.t.m.g.c.GoalControllerIntegrationTest - No active profile set, falling back to 1 default profile: "default"
2026-08-09 07:18:24.042 [Test worker] INFO  o.s.d.r.c.RepositoryConfigurationDelegate - Bootstrapping Spring Data JPA repositories in DEFAULT mode.
2026-08-09 07:18:24.114 [Test worker] INFO  o.s.d.r.c.RepositoryConfigurationDelegate - Finished Spring Data repository scanning in 68 ms. Found 18 JPA repository interfaces.
2026-08-09 07:18:25.035 [Test worker] INFO  o.s.o.j.p.SpringPersistenceUnitInfo - No LoadTimeWeaver setup: ignoring JPA class transformer
2026-08-09 07:18:25.039 [Test worker] INFO  com.zaxxer.hikari.HikariDataSource - HikariPool-3 - Starting...
2026-08-09 07:18:25.041 [Test worker] INFO  com.zaxxer.hikari.pool.HikariPool - HikariPool-3 - Added connection conn20: url=jdbc:h2:mem:thesystem user=SA
2026-08-09 07:18:25.042 [Test worker] INFO  com.zaxxer.hikari.HikariDataSource - HikariPool-3 - Start completed.
2026-08-09 07:18:25.043 [Test worker] WARN  org.hibernate.orm.deprecation - HHH90000025: H2Dialect does not need to be specified explicitly using 'hibernate.dialect' (remove the property setting and it will be selected by default)
2026-08-09 07:18:25.349 [Test worker] INFO  o.s.o.j.LocalContainerEntityManagerFactoryBean - Initialized JPA EntityManagerFactory for persistence unit 'default'
2026-08-09 07:18:26.990 [Test worker] INFO  o.s.s.c.a.a.c.InitializeUserDetailsBeanManagerConfigurer$InitializeUserDetailsManagerConfigurer - Global AuthenticationManager configured with UserDetailsService bean with name userDetailsServiceImpl
2026-08-09 07:18:27.482 [Test worker] INFO  o.s.b.a.e.web.EndpointLinksResolver - Exposing 1 endpoint beneath base path '/actuator'
2026-08-09 07:18:28.444 [Test worker] INFO  o.s.b.t.m.w.SpringBootMockServletContext - Initializing Spring TestDispatcherServlet ''
2026-08-09 07:18:28.445 [Test worker] INFO  o.s.t.w.s.TestDispatcherServlet - Initializing Servlet ''
2026-08-09 07:18:28.489 [Test worker] INFO  o.s.t.w.s.TestDispatcherServlet - Completed initialization in 3 ms
2026-08-09 07:18:28.551 [Test worker] INFO  c.t.m.g.c.GoalControllerIntegrationTest - Started GoalControllerIntegrationTest in 5.165 seconds (process running for 22.961)
2026-08-09 07:18:29.736 [Test worker] INFO  o.s.b.t.c.SpringBootTestContextBootstrapper - Found @SpringBootConfiguration com.thesystem.TheSystemApplication for test class com.thesystem.modules.settings.controller.SettingsControllerIntegrationTest
2026-08-09 07:18:29.776 [Test worker] INFO  c.t.m.s.c.SettingsControllerIntegrationTest - Starting SettingsControllerIntegrationTest using Java 21.0.12 with PID 68743 (started by naga in /home/naga/Workspace/Projects/THE-SYSTEM/Backend)
2026-08-09 07:18:29.777 [Test worker] DEBUG c.t.m.s.c.SettingsControllerIntegrationTest - Running with Spring Boot v3.4.5, Spring v6.2.6
2026-08-09 07:18:29.777 [Test worker] INFO  c.t.m.s.c.SettingsControllerIntegrationTest - No active profile set, falling back to 1 default profile: "default"
2026-08-09 07:18:30.183 [Test worker] INFO  o.s.d.r.c.RepositoryConfigurationDelegate - Bootstrapping Spring Data JPA repositories in DEFAULT mode.
2026-08-09 07:18:30.230 [Test worker] INFO  o.s.d.r.c.RepositoryConfigurationDelegate - Finished Spring Data repository scanning in 44 ms. Found 18 JPA repository interfaces.
2026-08-09 07:18:30.769 [Test worker] INFO  o.s.o.j.p.SpringPersistenceUnitInfo - No LoadTimeWeaver setup: ignoring JPA class transformer
2026-08-09 07:18:30.771 [Test worker] INFO  com.zaxxer.hikari.HikariDataSource - HikariPool-4 - Starting...
2026-08-09 07:18:30.772 [Test worker] INFO  com.zaxxer.hikari.pool.HikariPool - HikariPool-4 - Added connection conn30: url=jdbc:h2:mem:thesystem user=SA
2026-08-09 07:18:30.773 [Test worker] INFO  com.zaxxer.hikari.HikariDataSource - HikariPool-4 - Start completed.
2026-08-09 07:18:30.774 [Test worker] WARN  org.hibernate.orm.deprecation - HHH90000025: H2Dialect does not need to be specified explicitly using 'hibernate.dialect' (remove the property setting and it will be selected by default)
2026-08-09 07:18:31.020 [Test worker] INFO  o.s.o.j.LocalContainerEntityManagerFactoryBean - Initialized JPA EntityManagerFactory for persistence unit 'default'
2026-08-09 07:18:31.836 [Test worker] INFO  o.s.s.c.a.a.c.InitializeUserDetailsBeanManagerConfigurer$InitializeUserDetailsManagerConfigurer - Global AuthenticationManager configured with UserDetailsService bean with name userDetailsServiceImpl
2026-08-09 07:18:32.109 [Test worker] INFO  o.s.b.a.e.web.EndpointLinksResolver - Exposing 1 endpoint beneath base path '/actuator'
2026-08-09 07:18:32.742 [Test worker] INFO  o.s.b.t.m.w.SpringBootMockServletContext - Initializing Spring TestDispatcherServlet ''
2026-08-09 07:18:32.743 [Test worker] INFO  o.s.t.w.s.TestDispatcherServlet - Initializing Servlet ''
2026-08-09 07:18:32.745 [Test worker] INFO  o.s.t.w.s.TestDispatcherServlet - Completed initialization in 1 ms
2026-08-09 07:18:32.787 [Test worker] INFO  c.t.m.s.c.SettingsControllerIntegrationTest - Started SettingsControllerIntegrationTest in 3.045 seconds (process running for 27.197)
2026-08-09 07:18:33.148 [Test worker] INFO  o.s.b.t.c.SpringBootTestContextBootstrapper - Found @SpringBootConfiguration com.thesystem.TheSystemApplication for test class com.thesystem.modules.task.controller.TaskControllerIntegrationTest
2026-08-09 07:18:33.171 [Test worker] INFO  c.t.m.t.c.TaskControllerIntegrationTest - Starting TaskControllerIntegrationTest using Java 21.0.12 with PID 68743 (started by naga in /home/naga/Workspace/Projects/THE-SYSTEM/Backend)
2026-08-09 07:18:33.171 [Test worker] DEBUG c.t.m.t.c.TaskControllerIntegrationTest - Running with Spring Boot v3.4.5, Spring v6.2.6
2026-08-09 07:18:33.172 [Test worker] INFO  c.t.m.t.c.TaskControllerIntegrationTest - No active profile set, falling back to 1 default profile: "default"
2026-08-09 07:18:33.435 [Test worker] INFO  o.s.d.r.c.RepositoryConfigurationDelegate - Bootstrapping Spring Data JPA repositories in DEFAULT mode.
2026-08-09 07:18:33.476 [Test worker] INFO  o.s.d.r.c.RepositoryConfigurationDelegate - Finished Spring Data repository scanning in 39 ms. Found 18 JPA repository interfaces.
2026-08-09 07:18:33.974 [Test worker] INFO  o.s.o.j.p.SpringPersistenceUnitInfo - No LoadTimeWeaver setup: ignoring JPA class transformer
2026-08-09 07:18:33.976 [Test worker] INFO  com.zaxxer.hikari.HikariDataSource - HikariPool-5 - Starting...
2026-08-09 07:18:33.978 [Test worker] INFO  com.zaxxer.hikari.pool.HikariPool - HikariPool-5 - Added connection conn40: url=jdbc:h2:mem:thesystem user=SA
2026-08-09 07:18:33.980 [Test worker] INFO  com.zaxxer.hikari.HikariDataSource - HikariPool-5 - Start completed.
2026-08-09 07:18:33.981 [Test worker] WARN  org.hibernate.orm.deprecation - HHH90000025: H2Dialect does not need to be specified explicitly using 'hibernate.dialect' (remove the property setting and it will be selected by default)
2026-08-09 07:18:34.170 [Test worker] INFO  o.s.o.j.LocalContainerEntityManagerFactoryBean - Initialized JPA EntityManagerFactory for persistence unit 'default'
2026-08-09 07:18:34.835 [Test worker] INFO  o.s.s.c.a.a.c.InitializeUserDetailsBeanManagerConfigurer$InitializeUserDetailsManagerConfigurer - Global AuthenticationManager configured with UserDetailsService bean with name userDetailsServiceImpl
2026-08-09 07:18:35.061 [Test worker] INFO  o.s.b.a.e.web.EndpointLinksResolver - Exposing 1 endpoint beneath base path '/actuator'
2026-08-09 07:18:35.600 [Test worker] INFO  o.s.b.t.m.w.SpringBootMockServletContext - Initializing Spring TestDispatcherServlet ''
2026-08-09 07:18:35.601 [Test worker] INFO  o.s.t.w.s.TestDispatcherServlet - Initializing Servlet ''
2026-08-09 07:18:35.607 [Test worker] INFO  o.s.t.w.s.TestDispatcherServlet - Completed initialization in 2 ms
2026-08-09 07:18:35.646 [Test worker] INFO  c.t.m.t.c.TaskControllerIntegrationTest - Started TaskControllerIntegrationTest in 2.494 seconds (process running for 30.056)
2026-08-09 07:18:36.937 [Test worker] INFO  o.s.b.t.c.SpringBootTestContextBootstrapper - Found @SpringBootConfiguration com.thesystem.TheSystemApplication for test class com.thesystem.modules.user.controller.UserControllerIntegrationTest
2026-08-09 07:18:36.963 [Test worker] INFO  c.t.m.u.c.UserControllerIntegrationTest - Starting UserControllerIntegrationTest using Java 21.0.12 with PID 68743 (started by naga in /home/naga/Workspace/Projects/THE-SYSTEM/Backend)
2026-08-09 07:18:36.963 [Test worker] DEBUG c.t.m.u.c.UserControllerIntegrationTest - Running with Spring Boot v3.4.5, Spring v6.2.6
2026-08-09 07:18:36.964 [Test worker] INFO  c.t.m.u.c.UserControllerIntegrationTest - No active profile set, falling back to 1 default profile: "default"
2026-08-09 07:18:37.183 [Test worker] INFO  o.s.d.r.c.RepositoryConfigurationDelegate - Bootstrapping Spring Data JPA repositories in DEFAULT mode.
2026-08-09 07:18:37.224 [Test worker] INFO  o.s.d.r.c.RepositoryConfigurationDelegate - Finished Spring Data repository scanning in 39 ms. Found 18 JPA repository interfaces.
2026-08-09 07:18:37.596 [Test worker] INFO  o.s.o.j.p.SpringPersistenceUnitInfo - No LoadTimeWeaver setup: ignoring JPA class transformer
2026-08-09 07:18:37.599 [Test worker] INFO  com.zaxxer.hikari.HikariDataSource - HikariPool-6 - Starting...
2026-08-09 07:18:37.601 [Test worker] INFO  com.zaxxer.hikari.pool.HikariPool - HikariPool-6 - Added connection conn50: url=jdbc:h2:mem:thesystem user=SA
2026-08-09 07:18:37.602 [Test worker] INFO  com.zaxxer.hikari.HikariDataSource - HikariPool-6 - Start completed.
2026-08-09 07:18:37.603 [Test worker] WARN  org.hibernate.orm.deprecation - HHH90000025: H2Dialect does not need to be specified explicitly using 'hibernate.dialect' (remove the property setting and it will be selected by default)
2026-08-09 07:18:37.725 [Test worker] INFO  o.s.o.j.LocalContainerEntityManagerFactoryBean - Initialized JPA EntityManagerFactory for persistence unit 'default'
2026-08-09 07:18:38.305 [Test worker] INFO  o.s.s.c.a.a.c.InitializeUserDetailsBeanManagerConfigurer$InitializeUserDetailsManagerConfigurer - Global AuthenticationManager configured with UserDetailsService bean with name userDetailsServiceImpl
2026-08-09 07:18:38.518 [Test worker] INFO  o.s.b.a.e.web.EndpointLinksResolver - Exposing 1 endpoint beneath base path '/actuator'
2026-08-09 07:18:38.917 [Test worker] INFO  o.s.b.t.m.w.SpringBootMockServletContext - Initializing Spring TestDispatcherServlet ''
2026-08-09 07:18:38.917 [Test worker] INFO  o.s.t.w.s.TestDispatcherServlet - Initializing Servlet ''
2026-08-09 07:18:38.918 [Test worker] INFO  o.s.t.w.s.TestDispatcherServlet - Completed initialization in 1 ms
2026-08-09 07:18:38.946 [Test worker] INFO  c.t.m.u.c.UserControllerIntegrationTest - Started UserControllerIntegrationTest in 2.004 seconds (process running for 33.356)
2026-08-09 07:18:39.221 [Test worker] INFO  o.s.b.t.c.SpringBootTestContextBootstrapper - Found @SpringBootConfiguration com.thesystem.TheSystemApplication for test class com.thesystem.modules.xp.controller.XpControllerIntegrationTest
2026-08-09 07:18:39.241 [Test worker] INFO  c.t.m.x.c.XpControllerIntegrationTest - Starting XpControllerIntegrationTest using Java 21.0.12 with PID 68743 (started by naga in /home/naga/Workspace/Projects/THE-SYSTEM/Backend)
2026-08-09 07:18:39.241 [Test worker] DEBUG c.t.m.x.c.XpControllerIntegrationTest - Running with Spring Boot v3.4.5, Spring v6.2.6
2026-08-09 07:18:39.242 [Test worker] INFO  c.t.m.x.c.XpControllerIntegrationTest - No active profile set, falling back to 1 default profile: "default"
2026-08-09 07:18:39.446 [Test worker] INFO  o.s.d.r.c.RepositoryConfigurationDelegate - Bootstrapping Spring Data JPA repositories in DEFAULT mode.
2026-08-09 07:18:39.474 [Test worker] INFO  o.s.d.r.c.RepositoryConfigurationDelegate - Finished Spring Data repository scanning in 26 ms. Found 18 JPA repository interfaces.
2026-08-09 07:18:39.844 [Test worker] INFO  o.s.o.j.p.SpringPersistenceUnitInfo - No LoadTimeWeaver setup: ignoring JPA class transformer
2026-08-09 07:18:39.845 [Test worker] INFO  com.zaxxer.hikari.HikariDataSource - HikariPool-7 - Starting...
2026-08-09 07:18:39.847 [Test worker] INFO  com.zaxxer.hikari.pool.HikariPool - HikariPool-7 - Added connection conn60: url=jdbc:h2:mem:thesystem user=SA
2026-08-09 07:18:39.847 [Test worker] INFO  com.zaxxer.hikari.HikariDataSource - HikariPool-7 - Start completed.
2026-08-09 07:18:39.848 [Test worker] WARN  org.hibernate.orm.deprecation - HHH90000025: H2Dialect does not need to be specified explicitly using 'hibernate.dialect' (remove the property setting and it will be selected by default)
2026-08-09 07:18:39.985 [Test worker] INFO  o.s.o.j.LocalContainerEntityManagerFactoryBean - Initialized JPA EntityManagerFactory for persistence unit 'default'
2026-08-09 07:18:40.549 [Test worker] INFO  o.s.s.c.a.a.c.InitializeUserDetailsBeanManagerConfigurer$InitializeUserDetailsManagerConfigurer - Global AuthenticationManager configured with UserDetailsService bean with name userDetailsServiceImpl
2026-08-09 07:18:40.754 [Test worker] INFO  o.s.b.a.e.web.EndpointLinksResolver - Exposing 1 endpoint beneath base path '/actuator'
2026-08-09 07:18:41.069 [Test worker] INFO  o.s.b.t.m.w.SpringBootMockServletContext - Initializing Spring TestDispatcherServlet ''
2026-08-09 07:18:41.070 [Test worker] INFO  o.s.t.w.s.TestDispatcherServlet - Initializing Servlet ''
2026-08-09 07:18:41.071 [Test worker] INFO  o.s.t.w.s.TestDispatcherServlet - Completed initialization in 1 ms
2026-08-09 07:18:41.098 [Test worker] INFO  c.t.m.x.c.XpControllerIntegrationTest - Started XpControllerIntegrationTest in 1.873 seconds (process running for 35.508)
2026-08-09 07:18:42.375 [SpringApplicationShutdownHook] INFO  o.s.o.j.LocalContainerEntityManagerFactoryBean - Closing JPA EntityManagerFactory for persistence unit 'default'
2026-08-09 07:18:42.378 [SpringApplicationShutdownHook] INFO  com.zaxxer.hikari.HikariDataSource - HikariPool-1 - Shutdown initiated...
2026-08-09 07:18:42.381 [SpringApplicationShutdownHook] INFO  com.zaxxer.hikari.HikariDataSource - HikariPool-1 - Shutdown completed.
2026-08-09 07:18:42.386 [SpringApplicationShutdownHook] INFO  o.s.o.j.LocalContainerEntityManagerFactoryBean - Closing JPA EntityManagerFactory for persistence unit 'default'
2026-08-09 07:18:42.387 [SpringApplicationShutdownHook] INFO  com.zaxxer.hikari.HikariDataSource - HikariPool-2 - Shutdown initiated...
2026-08-09 07:18:42.388 [SpringApplicationShutdownHook] INFO  com.zaxxer.hikari.HikariDataSource - HikariPool-2 - Shutdown completed.
2026-08-09 07:18:42.392 [SpringApplicationShutdownHook] INFO  o.s.o.j.LocalContainerEntityManagerFactoryBean - Closing JPA EntityManagerFactory for persistence unit 'default'
2026-08-09 07:18:42.393 [SpringApplicationShutdownHook] INFO  com.zaxxer.hikari.HikariDataSource - HikariPool-3 - Shutdown initiated...
2026-08-09 07:18:42.394 [SpringApplicationShutdownHook] INFO  com.zaxxer.hikari.HikariDataSource - HikariPool-3 - Shutdown completed.
2026-08-09 07:18:42.398 [SpringApplicationShutdownHook] INFO  o.s.o.j.LocalContainerEntityManagerFactoryBean - Closing JPA EntityManagerFactory for persistence unit 'default'
2026-08-09 07:18:42.399 [SpringApplicationShutdownHook] INFO  com.zaxxer.hikari.HikariDataSource - HikariPool-4 - Shutdown initiated...
2026-08-09 07:18:42.400 [SpringApplicationShutdownHook] INFO  com.zaxxer.hikari.HikariDataSource - HikariPool-4 - Shutdown completed.
2026-08-09 07:18:42.404 [SpringApplicationShutdownHook] INFO  o.s.o.j.LocalContainerEntityManagerFactoryBean - Closing JPA EntityManagerFactory for persistence unit 'default'
2026-08-09 07:18:42.404 [SpringApplicationShutdownHook] INFO  com.zaxxer.hikari.HikariDataSource - HikariPool-5 - Shutdown initiated...
2026-08-09 07:18:42.405 [SpringApplicationShutdownHook] INFO  com.zaxxer.hikari.HikariDataSource - HikariPool-5 - Shutdown completed.
2026-08-09 07:18:42.409 [SpringApplicationShutdownHook] INFO  o.s.o.j.LocalContainerEntityManagerFactoryBean - Closing JPA EntityManagerFactory for persistence unit 'default'
2026-08-09 07:18:42.410 [SpringApplicationShutdownHook] INFO  com.zaxxer.hikari.HikariDataSource - HikariPool-6 - Shutdown initiated...
2026-08-09 07:18:42.411 [SpringApplicationShutdownHook] INFO  com.zaxxer.hikari.HikariDataSource - HikariPool-6 - Shutdown completed.
2026-08-09 07:18:42.415 [SpringApplicationShutdownHook] INFO  o.s.o.j.LocalContainerEntityManagerFactoryBean - Closing JPA EntityManagerFactory for persistence unit 'default'
2026-08-09 07:18:42.415 [SpringApplicationShutdownHook] INFO  com.zaxxer.hikari.HikariDataSource - HikariPool-7 - Shutdown initiated...
2026-08-09 07:18:42.416 [SpringApplicationShutdownHook] INFO  com.zaxxer.hikari.HikariDataSource - HikariPool-7 - Shutdown completed.
2026-08-09 07:18:59.261 [Test worker] INFO  c.t.TheSystemApplicationTests - Starting TheSystemApplicationTests using Java 21.0.12 with PID 69066 (started by naga in /home/naga/Workspace/Projects/THE-SYSTEM/Backend)
2026-08-09 07:18:59.262 [Test worker] DEBUG c.t.TheSystemApplicationTests - Running with Spring Boot v3.4.5, Spring v6.2.6
2026-08-09 07:18:59.265 [Test worker] INFO  c.t.TheSystemApplicationTests - No active profile set, falling back to 1 default profile: "default"
2026-08-09 07:19:00.293 [Test worker] INFO  o.s.d.r.c.RepositoryConfigurationDelegate - Bootstrapping Spring Data JPA repositories in DEFAULT mode.
2026-08-09 07:19:00.440 [Test worker] INFO  o.s.d.r.c.RepositoryConfigurationDelegate - Finished Spring Data repository scanning in 132 ms. Found 18 JPA repository interfaces.
2026-08-09 07:19:02.415 [Test worker] INFO  o.s.o.j.p.SpringPersistenceUnitInfo - No LoadTimeWeaver setup: ignoring JPA class transformer
2026-08-09 07:19:02.446 [Test worker] INFO  com.zaxxer.hikari.HikariDataSource - HikariPool-1 - Starting...
2026-08-09 07:19:02.611 [Test worker] INFO  com.zaxxer.hikari.pool.HikariPool - HikariPool-1 - Added connection conn0: url=jdbc:h2:mem:thesystem user=SA
2026-08-09 07:19:02.614 [Test worker] INFO  com.zaxxer.hikari.HikariDataSource - HikariPool-1 - Start completed.
2026-08-09 07:19:02.643 [Test worker] WARN  org.hibernate.orm.deprecation - HHH90000025: H2Dialect does not need to be specified explicitly using 'hibernate.dialect' (remove the property setting and it will be selected by default)
2026-08-09 07:19:03.957 [Test worker] INFO  o.s.o.j.LocalContainerEntityManagerFactoryBean - Initialized JPA EntityManagerFactory for persistence unit 'default'
2026-08-09 07:19:05.060 [Test worker] INFO  o.s.d.j.r.query.QueryEnhancerFactory - Hibernate is in classpath; If applicable, HQL parser will be used.
2026-08-09 07:19:06.552 [Test worker] INFO  o.s.s.c.a.a.c.InitializeUserDetailsBeanManagerConfigurer$InitializeUserDetailsManagerConfigurer - Global AuthenticationManager configured with UserDetailsService bean with name userDetailsServiceImpl
2026-08-09 07:19:07.169 [Test worker] INFO  o.s.b.a.e.web.EndpointLinksResolver - Exposing 1 endpoint beneath base path '/actuator'
2026-08-09 07:19:08.355 [Test worker] INFO  c.t.TheSystemApplicationTests - Started TheSystemApplicationTests in 9.561 seconds (process running for 13.866)
2026-08-09 07:19:08.521 [Test worker] INFO  o.s.b.t.c.SpringBootTestContextBootstrapper - Found @SpringBootConfiguration com.thesystem.TheSystemApplication for test class com.thesystem.modules.auth.controller.AuthControllerIntegrationTest
2026-08-09 07:19:08.553 [Test worker] INFO  c.t.m.a.c.AuthControllerIntegrationTest - Starting AuthControllerIntegrationTest using Java 21.0.12 with PID 69066 (started by naga in /home/naga/Workspace/Projects/THE-SYSTEM/Backend)
2026-08-09 07:19:08.554 [Test worker] DEBUG c.t.m.a.c.AuthControllerIntegrationTest - Running with Spring Boot v3.4.5, Spring v6.2.6
2026-08-09 07:19:08.554 [Test worker] INFO  c.t.m.a.c.AuthControllerIntegrationTest - No active profile set, falling back to 1 default profile: "default"
2026-08-09 07:19:08.888 [Test worker] INFO  o.s.d.r.c.RepositoryConfigurationDelegate - Bootstrapping Spring Data JPA repositories in DEFAULT mode.
2026-08-09 07:19:08.937 [Test worker] INFO  o.s.d.r.c.RepositoryConfigurationDelegate - Finished Spring Data repository scanning in 46 ms. Found 18 JPA repository interfaces.
2026-08-09 07:19:09.421 [Test worker] INFO  o.s.o.j.p.SpringPersistenceUnitInfo - No LoadTimeWeaver setup: ignoring JPA class transformer
2026-08-09 07:19:09.423 [Test worker] INFO  com.zaxxer.hikari.HikariDataSource - HikariPool-2 - Starting...
2026-08-09 07:19:09.425 [Test worker] INFO  com.zaxxer.hikari.pool.HikariPool - HikariPool-2 - Added connection conn10: url=jdbc:h2:mem:thesystem user=SA
2026-08-09 07:19:09.426 [Test worker] INFO  com.zaxxer.hikari.HikariDataSource - HikariPool-2 - Start completed.
2026-08-09 07:19:09.427 [Test worker] WARN  org.hibernate.orm.deprecation - HHH90000025: H2Dialect does not need to be specified explicitly using 'hibernate.dialect' (remove the property setting and it will be selected by default)
2026-08-09 07:19:09.629 [Test worker] INFO  o.s.o.j.LocalContainerEntityManagerFactoryBean - Initialized JPA EntityManagerFactory for persistence unit 'default'
2026-08-09 07:19:10.434 [Test worker] INFO  o.s.s.c.a.a.c.InitializeUserDetailsBeanManagerConfigurer$InitializeUserDetailsManagerConfigurer - Global AuthenticationManager configured with UserDetailsService bean with name userDetailsServiceImpl
2026-08-09 07:19:10.700 [Test worker] INFO  o.s.b.a.e.web.EndpointLinksResolver - Exposing 1 endpoint beneath base path '/actuator'
2026-08-09 07:19:11.186 [Test worker] INFO  o.s.b.t.m.w.SpringBootMockServletContext - Initializing Spring TestDispatcherServlet ''
2026-08-09 07:19:11.186 [Test worker] INFO  o.s.t.w.s.TestDispatcherServlet - Initializing Servlet ''
2026-08-09 07:19:11.189 [Test worker] INFO  o.s.t.w.s.TestDispatcherServlet - Completed initialization in 2 ms
2026-08-09 07:19:11.225 [Test worker] INFO  c.t.m.a.c.AuthControllerIntegrationTest - Started AuthControllerIntegrationTest in 2.699 seconds (process running for 16.736)
2026-08-09 07:19:12.220 [Test worker] INFO  o.s.b.t.c.SpringBootTestContextBootstrapper - Found @SpringBootConfiguration com.thesystem.TheSystemApplication for test class com.thesystem.modules.goal.controller.GoalControllerIntegrationTest
2026-08-09 07:19:12.244 [Test worker] INFO  c.t.m.g.c.GoalControllerIntegrationTest - Starting GoalControllerIntegrationTest using Java 21.0.12 with PID 69066 (started by naga in /home/naga/Workspace/Projects/THE-SYSTEM/Backend)
2026-08-09 07:19:12.244 [Test worker] DEBUG c.t.m.g.c.GoalControllerIntegrationTest - Running with Spring Boot v3.4.5, Spring v6.2.6
2026-08-09 07:19:12.244 [Test worker] INFO  c.t.m.g.c.GoalControllerIntegrationTest - No active profile set, falling back to 1 default profile: "default"
2026-08-09 07:19:12.472 [Test worker] INFO  o.s.d.r.c.RepositoryConfigurationDelegate - Bootstrapping Spring Data JPA repositories in DEFAULT mode.
2026-08-09 07:19:12.502 [Test worker] INFO  o.s.d.r.c.RepositoryConfigurationDelegate - Finished Spring Data repository scanning in 29 ms. Found 18 JPA repository interfaces.
2026-08-09 07:19:12.908 [Test worker] INFO  o.s.o.j.p.SpringPersistenceUnitInfo - No LoadTimeWeaver setup: ignoring JPA class transformer
2026-08-09 07:19:12.909 [Test worker] INFO  com.zaxxer.hikari.HikariDataSource - HikariPool-3 - Starting...
2026-08-09 07:19:12.912 [Test worker] INFO  com.zaxxer.hikari.pool.HikariPool - HikariPool-3 - Added connection conn20: url=jdbc:h2:mem:thesystem user=SA
2026-08-09 07:19:12.913 [Test worker] INFO  com.zaxxer.hikari.HikariDataSource - HikariPool-3 - Start completed.
2026-08-09 07:19:12.914 [Test worker] WARN  org.hibernate.orm.deprecation - HHH90000025: H2Dialect does not need to be specified explicitly using 'hibernate.dialect' (remove the property setting and it will be selected by default)
2026-08-09 07:19:13.105 [Test worker] INFO  o.s.o.j.LocalContainerEntityManagerFactoryBean - Initialized JPA EntityManagerFactory for persistence unit 'default'
2026-08-09 07:19:13.754 [Test worker] INFO  o.s.s.c.a.a.c.InitializeUserDetailsBeanManagerConfigurer$InitializeUserDetailsManagerConfigurer - Global AuthenticationManager configured with UserDetailsService bean with name userDetailsServiceImpl
2026-08-09 07:19:14.008 [Test worker] INFO  o.s.b.a.e.web.EndpointLinksResolver - Exposing 1 endpoint beneath base path '/actuator'
2026-08-09 07:19:14.415 [Test worker] INFO  o.s.b.t.m.w.SpringBootMockServletContext - Initializing Spring TestDispatcherServlet ''
2026-08-09 07:19:14.415 [Test worker] INFO  o.s.t.w.s.TestDispatcherServlet - Initializing Servlet ''
2026-08-09 07:19:14.416 [Test worker] INFO  o.s.t.w.s.TestDispatcherServlet - Completed initialization in 1 ms
2026-08-09 07:19:14.440 [Test worker] INFO  c.t.m.g.c.GoalControllerIntegrationTest - Started GoalControllerIntegrationTest in 2.215 seconds (process running for 19.951)
2026-08-09 07:19:14.861 [Test worker] INFO  o.s.b.t.c.SpringBootTestContextBootstrapper - Found @SpringBootConfiguration com.thesystem.TheSystemApplication for test class com.thesystem.modules.settings.controller.SettingsControllerIntegrationTest
2026-08-09 07:19:14.885 [Test worker] INFO  c.t.m.s.c.SettingsControllerIntegrationTest - Starting SettingsControllerIntegrationTest using Java 21.0.12 with PID 69066 (started by naga in /home/naga/Workspace/Projects/THE-SYSTEM/Backend)
2026-08-09 07:19:14.886 [Test worker] DEBUG c.t.m.s.c.SettingsControllerIntegrationTest - Running with Spring Boot v3.4.5, Spring v6.2.6
2026-08-09 07:19:14.886 [Test worker] INFO  c.t.m.s.c.SettingsControllerIntegrationTest - No active profile set, falling back to 1 default profile: "default"
2026-08-09 07:19:15.158 [Test worker] INFO  o.s.d.r.c.RepositoryConfigurationDelegate - Bootstrapping Spring Data JPA repositories in DEFAULT mode.
2026-08-09 07:19:15.188 [Test worker] INFO  o.s.d.r.c.RepositoryConfigurationDelegate - Finished Spring Data repository scanning in 28 ms. Found 18 JPA repository interfaces.
2026-08-09 07:19:15.567 [Test worker] INFO  o.s.o.j.p.SpringPersistenceUnitInfo - No LoadTimeWeaver setup: ignoring JPA class transformer
2026-08-09 07:19:15.568 [Test worker] INFO  com.zaxxer.hikari.HikariDataSource - HikariPool-4 - Starting...
2026-08-09 07:19:15.570 [Test worker] INFO  com.zaxxer.hikari.pool.HikariPool - HikariPool-4 - Added connection conn30: url=jdbc:h2:mem:thesystem user=SA
2026-08-09 07:19:15.570 [Test worker] INFO  com.zaxxer.hikari.HikariDataSource - HikariPool-4 - Start completed.
2026-08-09 07:19:15.572 [Test worker] WARN  org.hibernate.orm.deprecation - HHH90000025: H2Dialect does not need to be specified explicitly using 'hibernate.dialect' (remove the property setting and it will be selected by default)
2026-08-09 07:19:15.738 [Test worker] INFO  o.s.o.j.LocalContainerEntityManagerFactoryBean - Initialized JPA EntityManagerFactory for persistence unit 'default'
2026-08-09 07:19:16.331 [Test worker] INFO  o.s.s.c.a.a.c.InitializeUserDetailsBeanManagerConfigurer$InitializeUserDetailsManagerConfigurer - Global AuthenticationManager configured with UserDetailsService bean with name userDetailsServiceImpl
2026-08-09 07:19:16.533 [Test worker] INFO  o.s.b.a.e.web.EndpointLinksResolver - Exposing 1 endpoint beneath base path '/actuator'
2026-08-09 07:19:16.909 [Test worker] INFO  o.s.b.t.m.w.SpringBootMockServletContext - Initializing Spring TestDispatcherServlet ''
2026-08-09 07:19:16.909 [Test worker] INFO  o.s.t.w.s.TestDispatcherServlet - Initializing Servlet ''
2026-08-09 07:19:16.911 [Test worker] INFO  o.s.t.w.s.TestDispatcherServlet - Completed initialization in 1 ms
2026-08-09 07:19:16.935 [Test worker] INFO  c.t.m.s.c.SettingsControllerIntegrationTest - Started SettingsControllerIntegrationTest in 2.07 seconds (process running for 22.446)
2026-08-09 07:19:17.226 [Test worker] INFO  o.s.b.t.c.SpringBootTestContextBootstrapper - Found @SpringBootConfiguration com.thesystem.TheSystemApplication for test class com.thesystem.modules.task.controller.TaskControllerIntegrationTest
2026-08-09 07:19:17.246 [Test worker] INFO  c.t.m.t.c.TaskControllerIntegrationTest - Starting TaskControllerIntegrationTest using Java 21.0.12 with PID 69066 (started by naga in /home/naga/Workspace/Projects/THE-SYSTEM/Backend)
2026-08-09 07:19:17.247 [Test worker] DEBUG c.t.m.t.c.TaskControllerIntegrationTest - Running with Spring Boot v3.4.5, Spring v6.2.6
2026-08-09 07:19:17.248 [Test worker] INFO  c.t.m.t.c.TaskControllerIntegrationTest - No active profile set, falling back to 1 default profile: "default"
2026-08-09 07:19:17.468 [Test worker] INFO  o.s.d.r.c.RepositoryConfigurationDelegate - Bootstrapping Spring Data JPA repositories in DEFAULT mode.
2026-08-09 07:19:17.498 [Test worker] INFO  o.s.d.r.c.RepositoryConfigurationDelegate - Finished Spring Data repository scanning in 27 ms. Found 18 JPA repository interfaces.
2026-08-09 07:19:17.852 [Test worker] INFO  o.s.o.j.p.SpringPersistenceUnitInfo - No LoadTimeWeaver setup: ignoring JPA class transformer
2026-08-09 07:19:17.853 [Test worker] INFO  com.zaxxer.hikari.HikariDataSource - HikariPool-5 - Starting...
2026-08-09 07:19:17.855 [Test worker] INFO  com.zaxxer.hikari.pool.HikariPool - HikariPool-5 - Added connection conn40: url=jdbc:h2:mem:thesystem user=SA
2026-08-09 07:19:17.855 [Test worker] INFO  com.zaxxer.hikari.HikariDataSource - HikariPool-5 - Start completed.
2026-08-09 07:19:17.856 [Test worker] WARN  org.hibernate.orm.deprecation - HHH90000025: H2Dialect does not need to be specified explicitly using 'hibernate.dialect' (remove the property setting and it will be selected by default)
2026-08-09 07:19:17.978 [Test worker] INFO  o.s.o.j.LocalContainerEntityManagerFactoryBean - Initialized JPA EntityManagerFactory for persistence unit 'default'
2026-08-09 07:19:18.473 [Test worker] INFO  o.s.s.c.a.a.c.InitializeUserDetailsBeanManagerConfigurer$InitializeUserDetailsManagerConfigurer - Global AuthenticationManager configured with UserDetailsService bean with name userDetailsServiceImpl
2026-08-09 07:19:18.625 [Test worker] INFO  o.s.b.a.e.web.EndpointLinksResolver - Exposing 1 endpoint beneath base path '/actuator'
2026-08-09 07:19:18.970 [Test worker] INFO  o.s.b.t.m.w.SpringBootMockServletContext - Initializing Spring TestDispatcherServlet ''
2026-08-09 07:19:18.970 [Test worker] INFO  o.s.t.w.s.TestDispatcherServlet - Initializing Servlet ''
2026-08-09 07:19:18.971 [Test worker] INFO  o.s.t.w.s.TestDispatcherServlet - Completed initialization in 1 ms
2026-08-09 07:19:18.994 [Test worker] INFO  c.t.m.t.c.TaskControllerIntegrationTest - Started TaskControllerIntegrationTest in 1.765 seconds (process running for 24.505)
2026-08-09 07:19:20.166 [Test worker] INFO  o.s.b.t.c.SpringBootTestContextBootstrapper - Found @SpringBootConfiguration com.thesystem.TheSystemApplication for test class com.thesystem.modules.user.controller.UserControllerIntegrationTest
2026-08-09 07:19:20.189 [Test worker] INFO  c.t.m.u.c.UserControllerIntegrationTest - Starting UserControllerIntegrationTest using Java 21.0.12 with PID 69066 (started by naga in /home/naga/Workspace/Projects/THE-SYSTEM/Backend)
2026-08-09 07:19:20.190 [Test worker] DEBUG c.t.m.u.c.UserControllerIntegrationTest - Running with Spring Boot v3.4.5, Spring v6.2.6
2026-08-09 07:19:20.190 [Test worker] INFO  c.t.m.u.c.UserControllerIntegrationTest - No active profile set, falling back to 1 default profile: "default"
2026-08-09 07:19:20.434 [Test worker] INFO  o.s.d.r.c.RepositoryConfigurationDelegate - Bootstrapping Spring Data JPA repositories in DEFAULT mode.
2026-08-09 07:19:20.467 [Test worker] INFO  o.s.d.r.c.RepositoryConfigurationDelegate - Finished Spring Data repository scanning in 31 ms. Found 18 JPA repository interfaces.
2026-08-09 07:19:20.885 [Test worker] INFO  o.s.o.j.p.SpringPersistenceUnitInfo - No LoadTimeWeaver setup: ignoring JPA class transformer
2026-08-09 07:19:20.886 [Test worker] INFO  com.zaxxer.hikari.HikariDataSource - HikariPool-6 - Starting...
2026-08-09 07:19:20.888 [Test worker] INFO  com.zaxxer.hikari.pool.HikariPool - HikariPool-6 - Added connection conn50: url=jdbc:h2:mem:thesystem user=SA
2026-08-09 07:19:20.889 [Test worker] INFO  com.zaxxer.hikari.HikariDataSource - HikariPool-6 - Start completed.
2026-08-09 07:19:20.889 [Test worker] WARN  org.hibernate.orm.deprecation - HHH90000025: H2Dialect does not need to be specified explicitly using 'hibernate.dialect' (remove the property setting and it will be selected by default)
2026-08-09 07:19:21.012 [Test worker] INFO  o.s.o.j.LocalContainerEntityManagerFactoryBean - Initialized JPA EntityManagerFactory for persistence unit 'default'
2026-08-09 07:19:21.402 [Test worker] INFO  o.s.s.c.a.a.c.InitializeUserDetailsBeanManagerConfigurer$InitializeUserDetailsManagerConfigurer - Global AuthenticationManager configured with UserDetailsService bean with name userDetailsServiceImpl
2026-08-09 07:19:21.574 [Test worker] INFO  o.s.b.a.e.web.EndpointLinksResolver - Exposing 1 endpoint beneath base path '/actuator'
2026-08-09 07:19:21.888 [Test worker] INFO  o.s.b.t.m.w.SpringBootMockServletContext - Initializing Spring TestDispatcherServlet ''
2026-08-09 07:19:21.888 [Test worker] INFO  o.s.t.w.s.TestDispatcherServlet - Initializing Servlet ''
2026-08-09 07:19:21.890 [Test worker] INFO  o.s.t.w.s.TestDispatcherServlet - Completed initialization in 2 ms
2026-08-09 07:19:21.912 [Test worker] INFO  c.t.m.u.c.UserControllerIntegrationTest - Started UserControllerIntegrationTest in 1.741 seconds (process running for 27.423)
2026-08-09 07:19:22.213 [Test worker] INFO  o.s.b.t.c.SpringBootTestContextBootstrapper - Found @SpringBootConfiguration com.thesystem.TheSystemApplication for test class com.thesystem.modules.xp.controller.XpControllerIntegrationTest
2026-08-09 07:19:22.235 [Test worker] INFO  c.t.m.x.c.XpControllerIntegrationTest - Starting XpControllerIntegrationTest using Java 21.0.12 with PID 69066 (started by naga in /home/naga/Workspace/Projects/THE-SYSTEM/Backend)
2026-08-09 07:19:22.235 [Test worker] DEBUG c.t.m.x.c.XpControllerIntegrationTest - Running with Spring Boot v3.4.5, Spring v6.2.6
2026-08-09 07:19:22.236 [Test worker] INFO  c.t.m.x.c.XpControllerIntegrationTest - No active profile set, falling back to 1 default profile: "default"
2026-08-09 07:19:22.436 [Test worker] INFO  o.s.d.r.c.RepositoryConfigurationDelegate - Bootstrapping Spring Data JPA repositories in DEFAULT mode.
2026-08-09 07:19:22.459 [Test worker] INFO  o.s.d.r.c.RepositoryConfigurationDelegate - Finished Spring Data repository scanning in 21 ms. Found 18 JPA repository interfaces.
2026-08-09 07:19:22.773 [Test worker] INFO  o.s.o.j.p.SpringPersistenceUnitInfo - No LoadTimeWeaver setup: ignoring JPA class transformer
2026-08-09 07:19:22.774 [Test worker] INFO  com.zaxxer.hikari.HikariDataSource - HikariPool-7 - Starting...
2026-08-09 07:19:22.776 [Test worker] INFO  com.zaxxer.hikari.pool.HikariPool - HikariPool-7 - Added connection conn60: url=jdbc:h2:mem:thesystem user=SA
2026-08-09 07:19:22.777 [Test worker] INFO  com.zaxxer.hikari.HikariDataSource - HikariPool-7 - Start completed.
2026-08-09 07:19:22.778 [Test worker] WARN  org.hibernate.orm.deprecation - HHH90000025: H2Dialect does not need to be specified explicitly using 'hibernate.dialect' (remove the property setting and it will be selected by default)
2026-08-09 07:19:22.926 [Test worker] INFO  o.s.o.j.LocalContainerEntityManagerFactoryBean - Initialized JPA EntityManagerFactory for persistence unit 'default'
2026-08-09 07:19:23.403 [Test worker] INFO  o.s.s.c.a.a.c.InitializeUserDetailsBeanManagerConfigurer$InitializeUserDetailsManagerConfigurer - Global AuthenticationManager configured with UserDetailsService bean with name userDetailsServiceImpl
2026-08-09 07:19:23.603 [Test worker] INFO  o.s.b.a.e.web.EndpointLinksResolver - Exposing 1 endpoint beneath base path '/actuator'
2026-08-09 07:19:23.966 [Test worker] INFO  o.s.b.t.m.w.SpringBootMockServletContext - Initializing Spring TestDispatcherServlet ''
2026-08-09 07:19:23.966 [Test worker] INFO  o.s.t.w.s.TestDispatcherServlet - Initializing Servlet ''
2026-08-09 07:19:23.967 [Test worker] INFO  o.s.t.w.s.TestDispatcherServlet - Completed initialization in 1 ms
2026-08-09 07:19:23.990 [Test worker] INFO  c.t.m.x.c.XpControllerIntegrationTest - Started XpControllerIntegrationTest in 1.773 seconds (process running for 29.501)
2026-08-09 07:19:24.199 [SpringApplicationShutdownHook] INFO  o.s.o.j.LocalContainerEntityManagerFactoryBean - Closing JPA EntityManagerFactory for persistence unit 'default'
2026-08-09 07:19:24.201 [SpringApplicationShutdownHook] INFO  com.zaxxer.hikari.HikariDataSource - HikariPool-1 - Shutdown initiated...
2026-08-09 07:19:24.203 [SpringApplicationShutdownHook] INFO  com.zaxxer.hikari.HikariDataSource - HikariPool-1 - Shutdown completed.
2026-08-09 07:19:24.207 [SpringApplicationShutdownHook] INFO  o.s.o.j.LocalContainerEntityManagerFactoryBean - Closing JPA EntityManagerFactory for persistence unit 'default'
2026-08-09 07:19:24.208 [SpringApplicationShutdownHook] INFO  com.zaxxer.hikari.HikariDataSource - HikariPool-2 - Shutdown initiated...
2026-08-09 07:19:24.208 [SpringApplicationShutdownHook] INFO  com.zaxxer.hikari.HikariDataSource - HikariPool-2 - Shutdown completed.
2026-08-09 07:19:24.211 [SpringApplicationShutdownHook] INFO  o.s.o.j.LocalContainerEntityManagerFactoryBean - Closing JPA EntityManagerFactory for persistence unit 'default'
2026-08-09 07:19:24.212 [SpringApplicationShutdownHook] INFO  com.zaxxer.hikari.HikariDataSource - HikariPool-3 - Shutdown initiated...
2026-08-09 07:19:24.212 [SpringApplicationShutdownHook] INFO  com.zaxxer.hikari.HikariDataSource - HikariPool-3 - Shutdown completed.
2026-08-09 07:19:24.216 [SpringApplicationShutdownHook] INFO  o.s.o.j.LocalContainerEntityManagerFactoryBean - Closing JPA EntityManagerFactory for persistence unit 'default'
2026-08-09 07:19:24.217 [SpringApplicationShutdownHook] INFO  com.zaxxer.hikari.HikariDataSource - HikariPool-4 - Shutdown initiated...
2026-08-09 07:19:24.218 [SpringApplicationShutdownHook] INFO  com.zaxxer.hikari.HikariDataSource - HikariPool-4 - Shutdown completed.
2026-08-09 07:19:24.221 [SpringApplicationShutdownHook] INFO  o.s.o.j.LocalContainerEntityManagerFactoryBean - Closing JPA EntityManagerFactory for persistence unit 'default'
2026-08-09 07:19:24.221 [SpringApplicationShutdownHook] INFO  com.zaxxer.hikari.HikariDataSource - HikariPool-5 - Shutdown initiated...
2026-08-09 07:19:24.222 [SpringApplicationShutdownHook] INFO  com.zaxxer.hikari.HikariDataSource - HikariPool-5 - Shutdown completed.
2026-08-09 07:19:24.226 [SpringApplicationShutdownHook] INFO  o.s.o.j.LocalContainerEntityManagerFactoryBean - Closing JPA EntityManagerFactory for persistence unit 'default'
2026-08-09 07:19:24.226 [SpringApplicationShutdownHook] INFO  com.zaxxer.hikari.HikariDataSource - HikariPool-6 - Shutdown initiated...
2026-08-09 07:19:24.227 [SpringApplicationShutdownHook] INFO  com.zaxxer.hikari.HikariDataSource - HikariPool-6 - Shutdown completed.
2026-08-09 07:19:24.230 [SpringApplicationShutdownHook] INFO  o.s.o.j.LocalContainerEntityManagerFactoryBean - Closing JPA EntityManagerFactory for persistence unit 'default'
2026-08-09 07:19:24.231 [SpringApplicationShutdownHook] INFO  com.zaxxer.hikari.HikariDataSource - HikariPool-7 - Shutdown initiated...
2026-08-09 07:19:24.232 [SpringApplicationShutdownHook] INFO  com.zaxxer.hikari.HikariDataSource - HikariPool-7 - Shutdown completed.
2026-08-09 07:21:29.161 [Test worker] INFO  c.t.TheSystemApplicationTests - Starting TheSystemApplicationTests using Java 21.0.12 with PID 69755 (started by naga in /home/naga/Workspace/Projects/THE-SYSTEM/Backend)
2026-08-09 07:21:29.162 [Test worker] DEBUG c.t.TheSystemApplicationTests - Running with Spring Boot v3.4.5, Spring v6.2.6
2026-08-09 07:21:29.163 [Test worker] INFO  c.t.TheSystemApplicationTests - No active profile set, falling back to 1 default profile: "default"
2026-08-09 07:21:30.211 [Test worker] INFO  o.s.d.r.c.RepositoryConfigurationDelegate - Bootstrapping Spring Data JPA repositories in DEFAULT mode.
2026-08-09 07:21:30.344 [Test worker] INFO  o.s.d.r.c.RepositoryConfigurationDelegate - Finished Spring Data repository scanning in 117 ms. Found 18 JPA repository interfaces.
2026-08-09 07:21:32.229 [Test worker] INFO  o.s.o.j.p.SpringPersistenceUnitInfo - No LoadTimeWeaver setup: ignoring JPA class transformer
2026-08-09 07:21:32.271 [Test worker] INFO  com.zaxxer.hikari.HikariDataSource - HikariPool-1 - Starting...
2026-08-09 07:21:32.421 [Test worker] INFO  com.zaxxer.hikari.pool.HikariPool - HikariPool-1 - Added connection conn0: url=jdbc:h2:mem:thesystem user=SA
2026-08-09 07:21:32.423 [Test worker] INFO  com.zaxxer.hikari.HikariDataSource - HikariPool-1 - Start completed.
2026-08-09 07:21:32.446 [Test worker] WARN  org.hibernate.orm.deprecation - HHH90000025: H2Dialect does not need to be specified explicitly using 'hibernate.dialect' (remove the property setting and it will be selected by default)
2026-08-09 07:21:33.665 [Test worker] INFO  o.s.o.j.LocalContainerEntityManagerFactoryBean - Initialized JPA EntityManagerFactory for persistence unit 'default'
2026-08-09 07:21:34.820 [Test worker] INFO  o.s.d.j.r.query.QueryEnhancerFactory - Hibernate is in classpath; If applicable, HQL parser will be used.
2026-08-09 07:21:36.362 [Test worker] INFO  o.s.s.c.a.a.c.InitializeUserDetailsBeanManagerConfigurer$InitializeUserDetailsManagerConfigurer - Global AuthenticationManager configured with UserDetailsService bean with name userDetailsServiceImpl
2026-08-09 07:21:37.059 [Test worker] INFO  o.s.b.a.e.web.EndpointLinksResolver - Exposing 1 endpoint beneath base path '/actuator'
2026-08-09 07:21:38.283 [Test worker] INFO  c.t.TheSystemApplicationTests - Started TheSystemApplicationTests in 9.56 seconds (process running for 14.139)
2026-08-09 07:21:38.462 [Test worker] INFO  o.s.b.t.c.SpringBootTestContextBootstrapper - Found @SpringBootConfiguration com.thesystem.TheSystemApplication for test class com.thesystem.modules.auth.controller.AuthControllerIntegrationTest
2026-08-09 07:21:38.492 [Test worker] INFO  c.t.m.a.c.AuthControllerIntegrationTest - Starting AuthControllerIntegrationTest using Java 21.0.12 with PID 69755 (started by naga in /home/naga/Workspace/Projects/THE-SYSTEM/Backend)
2026-08-09 07:21:38.492 [Test worker] DEBUG c.t.m.a.c.AuthControllerIntegrationTest - Running with Spring Boot v3.4.5, Spring v6.2.6
2026-08-09 07:21:38.493 [Test worker] INFO  c.t.m.a.c.AuthControllerIntegrationTest - No active profile set, falling back to 1 default profile: "default"
2026-08-09 07:21:38.829 [Test worker] INFO  o.s.d.r.c.RepositoryConfigurationDelegate - Bootstrapping Spring Data JPA repositories in DEFAULT mode.
2026-08-09 07:21:38.880 [Test worker] INFO  o.s.d.r.c.RepositoryConfigurationDelegate - Finished Spring Data repository scanning in 48 ms. Found 18 JPA repository interfaces.
2026-08-09 07:21:39.392 [Test worker] INFO  o.s.o.j.p.SpringPersistenceUnitInfo - No LoadTimeWeaver setup: ignoring JPA class transformer
2026-08-09 07:21:39.394 [Test worker] INFO  com.zaxxer.hikari.HikariDataSource - HikariPool-2 - Starting...
2026-08-09 07:21:39.396 [Test worker] INFO  com.zaxxer.hikari.pool.HikariPool - HikariPool-2 - Added connection conn10: url=jdbc:h2:mem:thesystem user=SA
2026-08-09 07:21:39.397 [Test worker] INFO  com.zaxxer.hikari.HikariDataSource - HikariPool-2 - Start completed.
2026-08-09 07:21:39.398 [Test worker] WARN  org.hibernate.orm.deprecation - HHH90000025: H2Dialect does not need to be specified explicitly using 'hibernate.dialect' (remove the property setting and it will be selected by default)
2026-08-09 07:21:39.634 [Test worker] INFO  o.s.o.j.LocalContainerEntityManagerFactoryBean - Initialized JPA EntityManagerFactory for persistence unit 'default'
2026-08-09 07:21:40.388 [Test worker] INFO  o.s.s.c.a.a.c.InitializeUserDetailsBeanManagerConfigurer$InitializeUserDetailsManagerConfigurer - Global AuthenticationManager configured with UserDetailsService bean with name userDetailsServiceImpl
2026-08-09 07:21:40.671 [Test worker] INFO  o.s.b.a.e.web.EndpointLinksResolver - Exposing 1 endpoint beneath base path '/actuator'
2026-08-09 07:21:41.106 [Test worker] INFO  o.s.b.t.m.w.SpringBootMockServletContext - Initializing Spring TestDispatcherServlet ''
2026-08-09 07:21:41.106 [Test worker] INFO  o.s.t.w.s.TestDispatcherServlet - Initializing Servlet ''
2026-08-09 07:21:41.108 [Test worker] INFO  o.s.t.w.s.TestDispatcherServlet - Completed initialization in 2 ms
2026-08-09 07:21:41.141 [Test worker] INFO  c.t.m.a.c.AuthControllerIntegrationTest - Started AuthControllerIntegrationTest in 2.674 seconds (process running for 16.998)
2026-08-09 07:21:42.109 [Test worker] INFO  o.s.b.t.c.SpringBootTestContextBootstrapper - Found @SpringBootConfiguration com.thesystem.TheSystemApplication for test class com.thesystem.modules.goal.controller.GoalControllerIntegrationTest
2026-08-09 07:21:42.138 [Test worker] INFO  c.t.m.g.c.GoalControllerIntegrationTest - Starting GoalControllerIntegrationTest using Java 21.0.12 with PID 69755 (started by naga in /home/naga/Workspace/Projects/THE-SYSTEM/Backend)
2026-08-09 07:21:42.139 [Test worker] DEBUG c.t.m.g.c.GoalControllerIntegrationTest - Running with Spring Boot v3.4.5, Spring v6.2.6
2026-08-09 07:21:42.139 [Test worker] INFO  c.t.m.g.c.GoalControllerIntegrationTest - No active profile set, falling back to 1 default profile: "default"
2026-08-09 07:21:42.393 [Test worker] INFO  o.s.d.r.c.RepositoryConfigurationDelegate - Bootstrapping Spring Data JPA repositories in DEFAULT mode.
2026-08-09 07:21:42.432 [Test worker] INFO  o.s.d.r.c.RepositoryConfigurationDelegate - Finished Spring Data repository scanning in 36 ms. Found 18 JPA repository interfaces.
2026-08-09 07:21:42.836 [Test worker] INFO  o.s.o.j.p.SpringPersistenceUnitInfo - No LoadTimeWeaver setup: ignoring JPA class transformer
2026-08-09 07:21:42.838 [Test worker] INFO  com.zaxxer.hikari.HikariDataSource - HikariPool-3 - Starting...
2026-08-09 07:21:42.839 [Test worker] INFO  com.zaxxer.hikari.pool.HikariPool - HikariPool-3 - Added connection conn20: url=jdbc:h2:mem:thesystem user=SA
2026-08-09 07:21:42.840 [Test worker] INFO  com.zaxxer.hikari.HikariDataSource - HikariPool-3 - Start completed.
2026-08-09 07:21:42.841 [Test worker] WARN  org.hibernate.orm.deprecation - HHH90000025: H2Dialect does not need to be specified explicitly using 'hibernate.dialect' (remove the property setting and it will be selected by default)
2026-08-09 07:21:43.031 [Test worker] INFO  o.s.o.j.LocalContainerEntityManagerFactoryBean - Initialized JPA EntityManagerFactory for persistence unit 'default'
2026-08-09 07:21:43.665 [Test worker] INFO  o.s.s.c.a.a.c.InitializeUserDetailsBeanManagerConfigurer$InitializeUserDetailsManagerConfigurer - Global AuthenticationManager configured with UserDetailsService bean with name userDetailsServiceImpl
2026-08-09 07:21:43.879 [Test worker] INFO  o.s.b.a.e.web.EndpointLinksResolver - Exposing 1 endpoint beneath base path '/actuator'
2026-08-09 07:21:44.335 [Test worker] INFO  o.s.b.t.m.w.SpringBootMockServletContext - Initializing Spring TestDispatcherServlet ''
2026-08-09 07:21:44.336 [Test worker] INFO  o.s.t.w.s.TestDispatcherServlet - Initializing Servlet ''
2026-08-09 07:21:44.339 [Test worker] INFO  o.s.t.w.s.TestDispatcherServlet - Completed initialization in 2 ms
2026-08-09 07:21:44.391 [Test worker] INFO  c.t.m.g.c.GoalControllerIntegrationTest - Started GoalControllerIntegrationTest in 2.277 seconds (process running for 20.248)
2026-08-09 07:21:44.884 [Test worker] INFO  o.s.b.t.c.SpringBootTestContextBootstrapper - Found @SpringBootConfiguration com.thesystem.TheSystemApplication for test class com.thesystem.modules.settings.controller.SettingsControllerIntegrationTest
2026-08-09 07:21:44.913 [Test worker] INFO  c.t.m.s.c.SettingsControllerIntegrationTest - Starting SettingsControllerIntegrationTest using Java 21.0.12 with PID 69755 (started by naga in /home/naga/Workspace/Projects/THE-SYSTEM/Backend)
2026-08-09 07:21:44.913 [Test worker] DEBUG c.t.m.s.c.SettingsControllerIntegrationTest - Running with Spring Boot v3.4.5, Spring v6.2.6
2026-08-09 07:21:44.914 [Test worker] INFO  c.t.m.s.c.SettingsControllerIntegrationTest - No active profile set, falling back to 1 default profile: "default"
2026-08-09 07:21:45.175 [Test worker] INFO  o.s.d.r.c.RepositoryConfigurationDelegate - Bootstrapping Spring Data JPA repositories in DEFAULT mode.
2026-08-09 07:21:45.203 [Test worker] INFO  o.s.d.r.c.RepositoryConfigurationDelegate - Finished Spring Data repository scanning in 27 ms. Found 18 JPA repository interfaces.
2026-08-09 07:21:45.555 [Test worker] INFO  o.s.o.j.p.SpringPersistenceUnitInfo - No LoadTimeWeaver setup: ignoring JPA class transformer
2026-08-09 07:21:45.556 [Test worker] INFO  com.zaxxer.hikari.HikariDataSource - HikariPool-4 - Starting...
2026-08-09 07:21:45.558 [Test worker] INFO  com.zaxxer.hikari.pool.HikariPool - HikariPool-4 - Added connection conn30: url=jdbc:h2:mem:thesystem user=SA
2026-08-09 07:21:45.558 [Test worker] INFO  com.zaxxer.hikari.HikariDataSource - HikariPool-4 - Start completed.
2026-08-09 07:21:45.559 [Test worker] WARN  org.hibernate.orm.deprecation - HHH90000025: H2Dialect does not need to be specified explicitly using 'hibernate.dialect' (remove the property setting and it will be selected by default)
2026-08-09 07:21:45.715 [Test worker] INFO  o.s.o.j.LocalContainerEntityManagerFactoryBean - Initialized JPA EntityManagerFactory for persistence unit 'default'
2026-08-09 07:21:46.346 [Test worker] INFO  o.s.s.c.a.a.c.InitializeUserDetailsBeanManagerConfigurer$InitializeUserDetailsManagerConfigurer - Global AuthenticationManager configured with UserDetailsService bean with name userDetailsServiceImpl
2026-08-09 07:21:46.556 [Test worker] INFO  o.s.b.a.e.web.EndpointLinksResolver - Exposing 1 endpoint beneath base path '/actuator'
2026-08-09 07:21:46.988 [Test worker] INFO  o.s.b.t.m.w.SpringBootMockServletContext - Initializing Spring TestDispatcherServlet ''
2026-08-09 07:21:46.989 [Test worker] INFO  o.s.t.w.s.TestDispatcherServlet - Initializing Servlet ''
2026-08-09 07:21:46.990 [Test worker] INFO  o.s.t.w.s.TestDispatcherServlet - Completed initialization in 1 ms
2026-08-09 07:21:47.014 [Test worker] INFO  c.t.m.s.c.SettingsControllerIntegrationTest - Started SettingsControllerIntegrationTest in 2.126 seconds (process running for 22.871)
2026-08-09 07:21:47.411 [Test worker] INFO  o.s.b.t.c.SpringBootTestContextBootstrapper - Found @SpringBootConfiguration com.thesystem.TheSystemApplication for test class com.thesystem.modules.task.controller.TaskControllerIntegrationTest
2026-08-09 07:21:47.432 [Test worker] INFO  c.t.m.t.c.TaskControllerIntegrationTest - Starting TaskControllerIntegrationTest using Java 21.0.12 with PID 69755 (started by naga in /home/naga/Workspace/Projects/THE-SYSTEM/Backend)
2026-08-09 07:21:47.433 [Test worker] DEBUG c.t.m.t.c.TaskControllerIntegrationTest - Running with Spring Boot v3.4.5, Spring v6.2.6
2026-08-09 07:21:47.433 [Test worker] INFO  c.t.m.t.c.TaskControllerIntegrationTest - No active profile set, falling back to 1 default profile: "default"
2026-08-09 07:21:47.659 [Test worker] INFO  o.s.d.r.c.RepositoryConfigurationDelegate - Bootstrapping Spring Data JPA repositories in DEFAULT mode.
2026-08-09 07:21:47.690 [Test worker] INFO  o.s.d.r.c.RepositoryConfigurationDelegate - Finished Spring Data repository scanning in 29 ms. Found 18 JPA repository interfaces.
2026-08-09 07:21:48.029 [Test worker] INFO  o.s.o.j.p.SpringPersistenceUnitInfo - No LoadTimeWeaver setup: ignoring JPA class transformer
2026-08-09 07:21:48.030 [Test worker] INFO  com.zaxxer.hikari.HikariDataSource - HikariPool-5 - Starting...
2026-08-09 07:21:48.032 [Test worker] INFO  com.zaxxer.hikari.pool.HikariPool - HikariPool-5 - Added connection conn40: url=jdbc:h2:mem:thesystem user=SA
2026-08-09 07:21:48.033 [Test worker] INFO  com.zaxxer.hikari.HikariDataSource - HikariPool-5 - Start completed.
2026-08-09 07:21:48.033 [Test worker] WARN  org.hibernate.orm.deprecation - HHH90000025: H2Dialect does not need to be specified explicitly using 'hibernate.dialect' (remove the property setting and it will be selected by default)
2026-08-09 07:21:48.193 [Test worker] INFO  o.s.o.j.LocalContainerEntityManagerFactoryBean - Initialized JPA EntityManagerFactory for persistence unit 'default'
2026-08-09 07:21:48.680 [Test worker] INFO  o.s.s.c.a.a.c.InitializeUserDetailsBeanManagerConfigurer$InitializeUserDetailsManagerConfigurer - Global AuthenticationManager configured with UserDetailsService bean with name userDetailsServiceImpl
2026-08-09 07:21:48.838 [Test worker] INFO  o.s.b.a.e.web.EndpointLinksResolver - Exposing 1 endpoint beneath base path '/actuator'
2026-08-09 07:21:49.179 [Test worker] INFO  o.s.b.t.m.w.SpringBootMockServletContext - Initializing Spring TestDispatcherServlet ''
2026-08-09 07:21:49.179 [Test worker] INFO  o.s.t.w.s.TestDispatcherServlet - Initializing Servlet ''
2026-08-09 07:21:49.181 [Test worker] INFO  o.s.t.w.s.TestDispatcherServlet - Completed initialization in 2 ms
2026-08-09 07:21:49.205 [Test worker] INFO  c.t.m.t.c.TaskControllerIntegrationTest - Started TaskControllerIntegrationTest in 1.789 seconds (process running for 25.061)
2026-08-09 07:21:50.406 [Test worker] INFO  o.s.b.t.c.SpringBootTestContextBootstrapper - Found @SpringBootConfiguration com.thesystem.TheSystemApplication for test class com.thesystem.modules.user.controller.UserControllerIntegrationTest
2026-08-09 07:21:50.426 [Test worker] INFO  c.t.m.u.c.UserControllerIntegrationTest - Starting UserControllerIntegrationTest using Java 21.0.12 with PID 69755 (started by naga in /home/naga/Workspace/Projects/THE-SYSTEM/Backend)
2026-08-09 07:21:50.426 [Test worker] DEBUG c.t.m.u.c.UserControllerIntegrationTest - Running with Spring Boot v3.4.5, Spring v6.2.6
2026-08-09 07:21:50.427 [Test worker] INFO  c.t.m.u.c.UserControllerIntegrationTest - No active profile set, falling back to 1 default profile: "default"
2026-08-09 07:21:50.607 [Test worker] INFO  o.s.d.r.c.RepositoryConfigurationDelegate - Bootstrapping Spring Data JPA repositories in DEFAULT mode.
2026-08-09 07:21:50.633 [Test worker] INFO  o.s.d.r.c.RepositoryConfigurationDelegate - Finished Spring Data repository scanning in 24 ms. Found 18 JPA repository interfaces.
2026-08-09 07:21:51.018 [Test worker] INFO  o.s.o.j.p.SpringPersistenceUnitInfo - No LoadTimeWeaver setup: ignoring JPA class transformer
2026-08-09 07:21:51.018 [Test worker] INFO  com.zaxxer.hikari.HikariDataSource - HikariPool-6 - Starting...
2026-08-09 07:21:51.020 [Test worker] INFO  com.zaxxer.hikari.pool.HikariPool - HikariPool-6 - Added connection conn50: url=jdbc:h2:mem:thesystem user=SA
2026-08-09 07:21:51.020 [Test worker] INFO  com.zaxxer.hikari.HikariDataSource - HikariPool-6 - Start completed.
2026-08-09 07:21:51.021 [Test worker] WARN  org.hibernate.orm.deprecation - HHH90000025: H2Dialect does not need to be specified explicitly using 'hibernate.dialect' (remove the property setting and it will be selected by default)
2026-08-09 07:21:51.136 [Test worker] INFO  o.s.o.j.LocalContainerEntityManagerFactoryBean - Initialized JPA EntityManagerFactory for persistence unit 'default'
2026-08-09 07:21:51.522 [Test worker] INFO  o.s.s.c.a.a.c.InitializeUserDetailsBeanManagerConfigurer$InitializeUserDetailsManagerConfigurer - Global AuthenticationManager configured with UserDetailsService bean with name userDetailsServiceImpl
2026-08-09 07:21:51.708 [Test worker] INFO  o.s.b.a.e.web.EndpointLinksResolver - Exposing 1 endpoint beneath base path '/actuator'
2026-08-09 07:21:51.987 [Test worker] INFO  o.s.b.t.m.w.SpringBootMockServletContext - Initializing Spring TestDispatcherServlet ''
2026-08-09 07:21:51.988 [Test worker] INFO  o.s.t.w.s.TestDispatcherServlet - Initializing Servlet ''
2026-08-09 07:21:51.990 [Test worker] INFO  o.s.t.w.s.TestDispatcherServlet - Completed initialization in 2 ms
2026-08-09 07:21:52.022 [Test worker] INFO  c.t.m.u.c.UserControllerIntegrationTest - Started UserControllerIntegrationTest in 1.612 seconds (process running for 27.879)
2026-08-09 07:21:52.333 [Test worker] INFO  o.s.b.t.c.SpringBootTestContextBootstrapper - Found @SpringBootConfiguration com.thesystem.TheSystemApplication for test class com.thesystem.modules.xp.controller.XpControllerIntegrationTest
2026-08-09 07:21:52.352 [Test worker] INFO  c.t.m.x.c.XpControllerIntegrationTest - Starting XpControllerIntegrationTest using Java 21.0.12 with PID 69755 (started by naga in /home/naga/Workspace/Projects/THE-SYSTEM/Backend)
2026-08-09 07:21:52.353 [Test worker] DEBUG c.t.m.x.c.XpControllerIntegrationTest - Running with Spring Boot v3.4.5, Spring v6.2.6
2026-08-09 07:21:52.353 [Test worker] INFO  c.t.m.x.c.XpControllerIntegrationTest - No active profile set, falling back to 1 default profile: "default"
2026-08-09 07:21:52.536 [Test worker] INFO  o.s.d.r.c.RepositoryConfigurationDelegate - Bootstrapping Spring Data JPA repositories in DEFAULT mode.
2026-08-09 07:21:52.559 [Test worker] INFO  o.s.d.r.c.RepositoryConfigurationDelegate - Finished Spring Data repository scanning in 22 ms. Found 18 JPA repository interfaces.
2026-08-09 07:21:52.911 [Test worker] INFO  o.s.o.j.p.SpringPersistenceUnitInfo - No LoadTimeWeaver setup: ignoring JPA class transformer
2026-08-09 07:21:52.912 [Test worker] INFO  com.zaxxer.hikari.HikariDataSource - HikariPool-7 - Starting...
2026-08-09 07:21:52.914 [Test worker] INFO  com.zaxxer.hikari.pool.HikariPool - HikariPool-7 - Added connection conn60: url=jdbc:h2:mem:thesystem user=SA
2026-08-09 07:21:52.914 [Test worker] INFO  com.zaxxer.hikari.HikariDataSource - HikariPool-7 - Start completed.
2026-08-09 07:21:52.915 [Test worker] WARN  org.hibernate.orm.deprecation - HHH90000025: H2Dialect does not need to be specified explicitly using 'hibernate.dialect' (remove the property setting and it will be selected by default)
2026-08-09 07:21:53.058 [Test worker] INFO  o.s.o.j.LocalContainerEntityManagerFactoryBean - Initialized JPA EntityManagerFactory for persistence unit 'default'
2026-08-09 07:21:53.505 [Test worker] INFO  o.s.s.c.a.a.c.InitializeUserDetailsBeanManagerConfigurer$InitializeUserDetailsManagerConfigurer - Global AuthenticationManager configured with UserDetailsService bean with name userDetailsServiceImpl
2026-08-09 07:21:53.669 [Test worker] INFO  o.s.b.a.e.web.EndpointLinksResolver - Exposing 1 endpoint beneath base path '/actuator'
2026-08-09 07:21:53.988 [Test worker] INFO  o.s.b.t.m.w.SpringBootMockServletContext - Initializing Spring TestDispatcherServlet ''
2026-08-09 07:21:53.988 [Test worker] INFO  o.s.t.w.s.TestDispatcherServlet - Initializing Servlet ''
2026-08-09 07:21:53.989 [Test worker] INFO  o.s.t.w.s.TestDispatcherServlet - Completed initialization in 0 ms
2026-08-09 07:21:54.008 [Test worker] INFO  c.t.m.x.c.XpControllerIntegrationTest - Started XpControllerIntegrationTest in 1.672 seconds (process running for 29.865)
2026-08-09 07:21:54.273 [SpringApplicationShutdownHook] INFO  o.s.o.j.LocalContainerEntityManagerFactoryBean - Closing JPA EntityManagerFactory for persistence unit 'default'
2026-08-09 07:21:54.276 [SpringApplicationShutdownHook] INFO  com.zaxxer.hikari.HikariDataSource - HikariPool-1 - Shutdown initiated...
2026-08-09 07:21:54.278 [SpringApplicationShutdownHook] INFO  com.zaxxer.hikari.HikariDataSource - HikariPool-1 - Shutdown completed.
2026-08-09 07:21:54.282 [SpringApplicationShutdownHook] INFO  o.s.o.j.LocalContainerEntityManagerFactoryBean - Closing JPA EntityManagerFactory for persistence unit 'default'
2026-08-09 07:21:54.283 [SpringApplicationShutdownHook] INFO  com.zaxxer.hikari.HikariDataSource - HikariPool-2 - Shutdown initiated...
2026-08-09 07:21:54.284 [SpringApplicationShutdownHook] INFO  com.zaxxer.hikari.HikariDataSource - HikariPool-2 - Shutdown completed.
2026-08-09 07:21:54.287 [SpringApplicationShutdownHook] INFO  o.s.o.j.LocalContainerEntityManagerFactoryBean - Closing JPA EntityManagerFactory for persistence unit 'default'
2026-08-09 07:21:54.288 [SpringApplicationShutdownHook] INFO  com.zaxxer.hikari.HikariDataSource - HikariPool-3 - Shutdown initiated...
2026-08-09 07:21:54.289 [SpringApplicationShutdownHook] INFO  com.zaxxer.hikari.HikariDataSource - HikariPool-3 - Shutdown completed.
2026-08-09 07:21:54.292 [SpringApplicationShutdownHook] INFO  o.s.o.j.LocalContainerEntityManagerFactoryBean - Closing JPA EntityManagerFactory for persistence unit 'default'
2026-08-09 07:21:54.293 [SpringApplicationShutdownHook] INFO  com.zaxxer.hikari.HikariDataSource - HikariPool-4 - Shutdown initiated...
2026-08-09 07:21:54.294 [SpringApplicationShutdownHook] INFO  com.zaxxer.hikari.HikariDataSource - HikariPool-4 - Shutdown completed.
2026-08-09 07:21:54.296 [SpringApplicationShutdownHook] INFO  o.s.o.j.LocalContainerEntityManagerFactoryBean - Closing JPA EntityManagerFactory for persistence unit 'default'
2026-08-09 07:21:54.297 [SpringApplicationShutdownHook] INFO  com.zaxxer.hikari.HikariDataSource - HikariPool-5 - Shutdown initiated...
2026-08-09 07:21:54.298 [SpringApplicationShutdownHook] INFO  com.zaxxer.hikari.HikariDataSource - HikariPool-5 - Shutdown completed.
2026-08-09 07:21:54.301 [SpringApplicationShutdownHook] INFO  o.s.o.j.LocalContainerEntityManagerFactoryBean - Closing JPA EntityManagerFactory for persistence unit 'default'
2026-08-09 07:21:54.302 [SpringApplicationShutdownHook] INFO  com.zaxxer.hikari.HikariDataSource - HikariPool-6 - Shutdown initiated...
2026-08-09 07:21:54.303 [SpringApplicationShutdownHook] INFO  com.zaxxer.hikari.HikariDataSource - HikariPool-6 - Shutdown completed.
2026-08-09 07:21:54.306 [SpringApplicationShutdownHook] INFO  o.s.o.j.LocalContainerEntityManagerFactoryBean - Closing JPA EntityManagerFactory for persistence unit 'default'
2026-08-09 07:21:54.306 [SpringApplicationShutdownHook] INFO  com.zaxxer.hikari.HikariDataSource - HikariPool-7 - Shutdown initiated...
2026-08-09 07:21:54.308 [SpringApplicationShutdownHook] INFO  com.zaxxer.hikari.HikariDataSource - HikariPool-7 - Shutdown completed.
2026-08-09 07:22:12.496 [Test worker] INFO  c.t.TheSystemApplicationTests - Starting TheSystemApplicationTests using Java 21.0.12 with PID 70070 (started by naga in /home/naga/Workspace/Projects/THE-SYSTEM/Backend)
2026-08-09 07:22:12.498 [Test worker] DEBUG c.t.TheSystemApplicationTests - Running with Spring Boot v3.4.5, Spring v6.2.6
2026-08-09 07:22:12.500 [Test worker] INFO  c.t.TheSystemApplicationTests - No active profile set, falling back to 1 default profile: "default"
2026-08-09 07:22:13.483 [Test worker] INFO  o.s.d.r.c.RepositoryConfigurationDelegate - Bootstrapping Spring Data JPA repositories in DEFAULT mode.
2026-08-09 07:22:13.611 [Test worker] INFO  o.s.d.r.c.RepositoryConfigurationDelegate - Finished Spring Data repository scanning in 116 ms. Found 18 JPA repository interfaces.
2026-08-09 07:22:15.569 [Test worker] INFO  o.s.o.j.p.SpringPersistenceUnitInfo - No LoadTimeWeaver setup: ignoring JPA class transformer
2026-08-09 07:22:15.613 [Test worker] INFO  com.zaxxer.hikari.HikariDataSource - HikariPool-1 - Starting...
2026-08-09 07:22:15.808 [Test worker] INFO  com.zaxxer.hikari.pool.HikariPool - HikariPool-1 - Added connection conn0: url=jdbc:h2:mem:thesystem user=SA
2026-08-09 07:22:15.811 [Test worker] INFO  com.zaxxer.hikari.HikariDataSource - HikariPool-1 - Start completed.
2026-08-09 07:22:15.833 [Test worker] WARN  org.hibernate.orm.deprecation - HHH90000025: H2Dialect does not need to be specified explicitly using 'hibernate.dialect' (remove the property setting and it will be selected by default)
2026-08-09 07:22:17.082 [Test worker] INFO  o.s.o.j.LocalContainerEntityManagerFactoryBean - Initialized JPA EntityManagerFactory for persistence unit 'default'
2026-08-09 07:22:18.221 [Test worker] INFO  o.s.d.j.r.query.QueryEnhancerFactory - Hibernate is in classpath; If applicable, HQL parser will be used.
2026-08-09 07:22:19.655 [Test worker] INFO  o.s.s.c.a.a.c.InitializeUserDetailsBeanManagerConfigurer$InitializeUserDetailsManagerConfigurer - Global AuthenticationManager configured with UserDetailsService bean with name userDetailsServiceImpl
2026-08-09 07:22:20.410 [Test worker] INFO  o.s.b.a.e.web.EndpointLinksResolver - Exposing 1 endpoint beneath base path '/actuator'
2026-08-09 07:22:21.703 [Test worker] INFO  c.t.TheSystemApplicationTests - Started TheSystemApplicationTests in 9.662 seconds (process running for 13.418)
2026-08-09 07:22:21.897 [Test worker] INFO  o.s.b.t.c.SpringBootTestContextBootstrapper - Found @SpringBootConfiguration com.thesystem.TheSystemApplication for test class com.thesystem.modules.auth.controller.AuthControllerIntegrationTest
2026-08-09 07:22:21.938 [Test worker] INFO  c.t.m.a.c.AuthControllerIntegrationTest - Starting AuthControllerIntegrationTest using Java 21.0.12 with PID 70070 (started by naga in /home/naga/Workspace/Projects/THE-SYSTEM/Backend)
2026-08-09 07:22:21.938 [Test worker] DEBUG c.t.m.a.c.AuthControllerIntegrationTest - Running with Spring Boot v3.4.5, Spring v6.2.6
2026-08-09 07:22:21.939 [Test worker] INFO  c.t.m.a.c.AuthControllerIntegrationTest - No active profile set, falling back to 1 default profile: "default"
2026-08-09 07:22:22.283 [Test worker] INFO  o.s.d.r.c.RepositoryConfigurationDelegate - Bootstrapping Spring Data JPA repositories in DEFAULT mode.
2026-08-09 07:22:22.336 [Test worker] INFO  o.s.d.r.c.RepositoryConfigurationDelegate - Finished Spring Data repository scanning in 50 ms. Found 18 JPA repository interfaces.
2026-08-09 07:22:22.887 [Test worker] INFO  o.s.o.j.p.SpringPersistenceUnitInfo - No LoadTimeWeaver setup: ignoring JPA class transformer
2026-08-09 07:22:22.889 [Test worker] INFO  com.zaxxer.hikari.HikariDataSource - HikariPool-2 - Starting...
2026-08-09 07:22:22.891 [Test worker] INFO  com.zaxxer.hikari.pool.HikariPool - HikariPool-2 - Added connection conn10: url=jdbc:h2:mem:thesystem user=SA
2026-08-09 07:22:22.891 [Test worker] INFO  com.zaxxer.hikari.HikariDataSource - HikariPool-2 - Start completed.
2026-08-09 07:22:22.892 [Test worker] WARN  org.hibernate.orm.deprecation - HHH90000025: H2Dialect does not need to be specified explicitly using 'hibernate.dialect' (remove the property setting and it will be selected by default)
2026-08-09 07:22:23.113 [Test worker] INFO  o.s.o.j.LocalContainerEntityManagerFactoryBean - Initialized JPA EntityManagerFactory for persistence unit 'default'
2026-08-09 07:22:23.893 [Test worker] INFO  o.s.s.c.a.a.c.InitializeUserDetailsBeanManagerConfigurer$InitializeUserDetailsManagerConfigurer - Global AuthenticationManager configured with UserDetailsService bean with name userDetailsServiceImpl
2026-08-09 07:22:24.181 [Test worker] INFO  o.s.b.a.e.web.EndpointLinksResolver - Exposing 1 endpoint beneath base path '/actuator'
2026-08-09 07:22:24.744 [Test worker] INFO  o.s.b.t.m.w.SpringBootMockServletContext - Initializing Spring TestDispatcherServlet ''
2026-08-09 07:22:24.744 [Test worker] INFO  o.s.t.w.s.TestDispatcherServlet - Initializing Servlet ''
2026-08-09 07:22:24.747 [Test worker] INFO  o.s.t.w.s.TestDispatcherServlet - Completed initialization in 2 ms
2026-08-09 07:22:24.795 [Test worker] INFO  c.t.m.a.c.AuthControllerIntegrationTest - Started AuthControllerIntegrationTest in 2.89 seconds (process running for 16.51)
2026-08-09 07:22:25.745 [Test worker] INFO  o.s.b.t.c.SpringBootTestContextBootstrapper - Found @SpringBootConfiguration com.thesystem.TheSystemApplication for test class com.thesystem.modules.goal.controller.GoalControllerIntegrationTest
2026-08-09 07:22:25.770 [Test worker] INFO  c.t.m.g.c.GoalControllerIntegrationTest - Starting GoalControllerIntegrationTest using Java 21.0.12 with PID 70070 (started by naga in /home/naga/Workspace/Projects/THE-SYSTEM/Backend)
2026-08-09 07:22:25.770 [Test worker] DEBUG c.t.m.g.c.GoalControllerIntegrationTest - Running with Spring Boot v3.4.5, Spring v6.2.6
2026-08-09 07:22:25.770 [Test worker] INFO  c.t.m.g.c.GoalControllerIntegrationTest - No active profile set, falling back to 1 default profile: "default"
2026-08-09 07:22:26.039 [Test worker] INFO  o.s.d.r.c.RepositoryConfigurationDelegate - Bootstrapping Spring Data JPA repositories in DEFAULT mode.
2026-08-09 07:22:26.086 [Test worker] INFO  o.s.d.r.c.RepositoryConfigurationDelegate - Finished Spring Data repository scanning in 44 ms. Found 18 JPA repository interfaces.
2026-08-09 07:22:26.564 [Test worker] INFO  o.s.o.j.p.SpringPersistenceUnitInfo - No LoadTimeWeaver setup: ignoring JPA class transformer
2026-08-09 07:22:26.566 [Test worker] INFO  com.zaxxer.hikari.HikariDataSource - HikariPool-3 - Starting...
2026-08-09 07:22:26.568 [Test worker] INFO  com.zaxxer.hikari.pool.HikariPool - HikariPool-3 - Added connection conn20: url=jdbc:h2:mem:thesystem user=SA
2026-08-09 07:22:26.568 [Test worker] INFO  com.zaxxer.hikari.HikariDataSource - HikariPool-3 - Start completed.
2026-08-09 07:22:26.569 [Test worker] WARN  org.hibernate.orm.deprecation - HHH90000025: H2Dialect does not need to be specified explicitly using 'hibernate.dialect' (remove the property setting and it will be selected by default)
2026-08-09 07:22:26.757 [Test worker] INFO  o.s.o.j.LocalContainerEntityManagerFactoryBean - Initialized JPA EntityManagerFactory for persistence unit 'default'
2026-08-09 07:22:27.442 [Test worker] INFO  o.s.s.c.a.a.c.InitializeUserDetailsBeanManagerConfigurer$InitializeUserDetailsManagerConfigurer - Global AuthenticationManager configured with UserDetailsService bean with name userDetailsServiceImpl
2026-08-09 07:22:27.652 [Test worker] INFO  o.s.b.a.e.web.EndpointLinksResolver - Exposing 1 endpoint beneath base path '/actuator'
2026-08-09 07:22:28.075 [Test worker] INFO  o.s.b.t.m.w.SpringBootMockServletContext - Initializing Spring TestDispatcherServlet ''
2026-08-09 07:22:28.075 [Test worker] INFO  o.s.t.w.s.TestDispatcherServlet - Initializing Servlet ''
2026-08-09 07:22:28.076 [Test worker] INFO  o.s.t.w.s.TestDispatcherServlet - Completed initialization in 1 ms
2026-08-09 07:22:28.111 [Test worker] INFO  c.t.m.g.c.GoalControllerIntegrationTest - Started GoalControllerIntegrationTest in 2.361 seconds (process running for 19.826)
2026-08-09 07:22:28.871 [Test worker] INFO  o.s.b.t.c.SpringBootTestContextBootstrapper - Found @SpringBootConfiguration com.thesystem.TheSystemApplication for test class com.thesystem.modules.settings.controller.SettingsControllerIntegrationTest
2026-08-09 07:22:28.893 [Test worker] INFO  c.t.m.s.c.SettingsControllerIntegrationTest - Starting SettingsControllerIntegrationTest using Java 21.0.12 with PID 70070 (started by naga in /home/naga/Workspace/Projects/THE-SYSTEM/Backend)
2026-08-09 07:22:28.894 [Test worker] DEBUG c.t.m.s.c.SettingsControllerIntegrationTest - Running with Spring Boot v3.4.5, Spring v6.2.6
2026-08-09 07:22:28.894 [Test worker] INFO  c.t.m.s.c.SettingsControllerIntegrationTest - No active profile set, falling back to 1 default profile: "default"
2026-08-09 07:22:29.126 [Test worker] INFO  o.s.d.r.c.RepositoryConfigurationDelegate - Bootstrapping Spring Data JPA repositories in DEFAULT mode.
2026-08-09 07:22:29.168 [Test worker] INFO  o.s.d.r.c.RepositoryConfigurationDelegate - Finished Spring Data repository scanning in 39 ms. Found 18 JPA repository interfaces.
2026-08-09 07:22:29.521 [Test worker] INFO  o.s.o.j.p.SpringPersistenceUnitInfo - No LoadTimeWeaver setup: ignoring JPA class transformer
2026-08-09 07:22:29.523 [Test worker] INFO  com.zaxxer.hikari.HikariDataSource - HikariPool-4 - Starting...
2026-08-09 07:22:29.525 [Test worker] INFO  com.zaxxer.hikari.pool.HikariPool - HikariPool-4 - Added connection conn30: url=jdbc:h2:mem:thesystem user=SA
2026-08-09 07:22:29.526 [Test worker] INFO  com.zaxxer.hikari.HikariDataSource - HikariPool-4 - Start completed.
2026-08-09 07:22:29.526 [Test worker] WARN  org.hibernate.orm.deprecation - HHH90000025: H2Dialect does not need to be specified explicitly using 'hibernate.dialect' (remove the property setting and it will be selected by default)
2026-08-09 07:22:29.673 [Test worker] INFO  o.s.o.j.LocalContainerEntityManagerFactoryBean - Initialized JPA EntityManagerFactory for persistence unit 'default'
2026-08-09 07:22:30.288 [Test worker] INFO  o.s.s.c.a.a.c.InitializeUserDetailsBeanManagerConfigurer$InitializeUserDetailsManagerConfigurer - Global AuthenticationManager configured with UserDetailsService bean with name userDetailsServiceImpl
2026-08-09 07:22:30.517 [Test worker] INFO  o.s.b.a.e.web.EndpointLinksResolver - Exposing 1 endpoint beneath base path '/actuator'
2026-08-09 07:22:30.933 [Test worker] INFO  o.s.b.t.m.w.SpringBootMockServletContext - Initializing Spring TestDispatcherServlet ''
2026-08-09 07:22:30.934 [Test worker] INFO  o.s.t.w.s.TestDispatcherServlet - Initializing Servlet ''
2026-08-09 07:22:30.940 [Test worker] INFO  o.s.t.w.s.TestDispatcherServlet - Completed initialization in 2 ms
2026-08-09 07:22:30.993 [Test worker] INFO  c.t.m.s.c.SettingsControllerIntegrationTest - Started SettingsControllerIntegrationTest in 2.118 seconds (process running for 22.708)
2026-08-09 07:22:31.294 [Test worker] INFO  o.s.b.t.c.SpringBootTestContextBootstrapper - Found @SpringBootConfiguration com.thesystem.TheSystemApplication for test class com.thesystem.modules.task.controller.TaskControllerIntegrationTest
2026-08-09 07:22:31.319 [Test worker] INFO  c.t.m.t.c.TaskControllerIntegrationTest - Starting TaskControllerIntegrationTest using Java 21.0.12 with PID 70070 (started by naga in /home/naga/Workspace/Projects/THE-SYSTEM/Backend)
2026-08-09 07:22:31.319 [Test worker] DEBUG c.t.m.t.c.TaskControllerIntegrationTest - Running with Spring Boot v3.4.5, Spring v6.2.6
2026-08-09 07:22:31.319 [Test worker] INFO  c.t.m.t.c.TaskControllerIntegrationTest - No active profile set, falling back to 1 default profile: "default"
2026-08-09 07:22:31.514 [Test worker] INFO  o.s.d.r.c.RepositoryConfigurationDelegate - Bootstrapping Spring Data JPA repositories in DEFAULT mode.
2026-08-09 07:22:31.539 [Test worker] INFO  o.s.d.r.c.RepositoryConfigurationDelegate - Finished Spring Data repository scanning in 23 ms. Found 18 JPA repository interfaces.
2026-08-09 07:22:31.899 [Test worker] INFO  o.s.o.j.p.SpringPersistenceUnitInfo - No LoadTimeWeaver setup: ignoring JPA class transformer
2026-08-09 07:22:31.900 [Test worker] INFO  com.zaxxer.hikari.HikariDataSource - HikariPool-5 - Starting...
2026-08-09 07:22:31.902 [Test worker] INFO  com.zaxxer.hikari.pool.HikariPool - HikariPool-5 - Added connection conn40: url=jdbc:h2:mem:thesystem user=SA
2026-08-09 07:22:31.902 [Test worker] INFO  com.zaxxer.hikari.HikariDataSource - HikariPool-5 - Start completed.
2026-08-09 07:22:31.903 [Test worker] WARN  org.hibernate.orm.deprecation - HHH90000025: H2Dialect does not need to be specified explicitly using 'hibernate.dialect' (remove the property setting and it will be selected by default)
2026-08-09 07:22:32.023 [Test worker] INFO  o.s.o.j.LocalContainerEntityManagerFactoryBean - Initialized JPA EntityManagerFactory for persistence unit 'default'
2026-08-09 07:22:32.528 [Test worker] INFO  o.s.s.c.a.a.c.InitializeUserDetailsBeanManagerConfigurer$InitializeUserDetailsManagerConfigurer - Global AuthenticationManager configured with UserDetailsService bean with name userDetailsServiceImpl
2026-08-09 07:22:32.687 [Test worker] INFO  o.s.b.a.e.web.EndpointLinksResolver - Exposing 1 endpoint beneath base path '/actuator'
2026-08-09 07:22:33.023 [Test worker] INFO  o.s.b.t.m.w.SpringBootMockServletContext - Initializing Spring TestDispatcherServlet ''
2026-08-09 07:22:33.023 [Test worker] INFO  o.s.t.w.s.TestDispatcherServlet - Initializing Servlet ''
2026-08-09 07:22:33.025 [Test worker] INFO  o.s.t.w.s.TestDispatcherServlet - Completed initialization in 2 ms
2026-08-09 07:22:33.049 [Test worker] INFO  c.t.m.t.c.TaskControllerIntegrationTest - Started TaskControllerIntegrationTest in 1.751 seconds (process running for 24.764)
2026-08-09 07:22:33.493 [Test worker] INFO  o.s.b.t.c.SpringBootTestContextBootstrapper - Found @SpringBootConfiguration com.thesystem.TheSystemApplication for test class com.thesystem.modules.user.controller.UserControllerIntegrationTest
2026-08-09 07:22:33.518 [Test worker] INFO  c.t.m.u.c.UserControllerIntegrationTest - Starting UserControllerIntegrationTest using Java 21.0.12 with PID 70070 (started by naga in /home/naga/Workspace/Projects/THE-SYSTEM/Backend)
2026-08-09 07:22:33.519 [Test worker] DEBUG c.t.m.u.c.UserControllerIntegrationTest - Running with Spring Boot v3.4.5, Spring v6.2.6
2026-08-09 07:22:33.519 [Test worker] INFO  c.t.m.u.c.UserControllerIntegrationTest - No active profile set, falling back to 1 default profile: "default"
2026-08-09 07:22:33.719 [Test worker] INFO  o.s.d.r.c.RepositoryConfigurationDelegate - Bootstrapping Spring Data JPA repositories in DEFAULT mode.
2026-08-09 07:22:33.742 [Test worker] INFO  o.s.d.r.c.RepositoryConfigurationDelegate - Finished Spring Data repository scanning in 21 ms. Found 18 JPA repository interfaces.
2026-08-09 07:22:34.050 [Test worker] INFO  o.s.o.j.p.SpringPersistenceUnitInfo - No LoadTimeWeaver setup: ignoring JPA class transformer
2026-08-09 07:22:34.051 [Test worker] INFO  com.zaxxer.hikari.HikariDataSource - HikariPool-6 - Starting...
2026-08-09 07:22:34.053 [Test worker] INFO  com.zaxxer.hikari.pool.HikariPool - HikariPool-6 - Added connection conn50: url=jdbc:h2:mem:thesystem user=SA
2026-08-09 07:22:34.053 [Test worker] INFO  com.zaxxer.hikari.HikariDataSource - HikariPool-6 - Start completed.
2026-08-09 07:22:34.054 [Test worker] WARN  org.hibernate.orm.deprecation - HHH90000025: H2Dialect does not need to be specified explicitly using 'hibernate.dialect' (remove the property setting and it will be selected by default)
2026-08-09 07:22:34.168 [Test worker] INFO  o.s.o.j.LocalContainerEntityManagerFactoryBean - Initialized JPA EntityManagerFactory for persistence unit 'default'
2026-08-09 07:22:34.618 [Test worker] INFO  o.s.s.c.a.a.c.InitializeUserDetailsBeanManagerConfigurer$InitializeUserDetailsManagerConfigurer - Global AuthenticationManager configured with UserDetailsService bean with name userDetailsServiceImpl
2026-08-09 07:22:34.770 [Test worker] INFO  o.s.b.a.e.web.EndpointLinksResolver - Exposing 1 endpoint beneath base path '/actuator'
2026-08-09 07:22:35.125 [Test worker] INFO  o.s.b.t.m.w.SpringBootMockServletContext - Initializing Spring TestDispatcherServlet ''
2026-08-09 07:22:35.125 [Test worker] INFO  o.s.t.w.s.TestDispatcherServlet - Initializing Servlet ''
2026-08-09 07:22:35.127 [Test worker] INFO  o.s.t.w.s.TestDispatcherServlet - Completed initialization in 2 ms
2026-08-09 07:22:35.153 [Test worker] INFO  c.t.m.u.c.UserControllerIntegrationTest - Started UserControllerIntegrationTest in 1.655 seconds (process running for 26.868)
2026-08-09 07:22:35.445 [Test worker] INFO  o.s.b.t.c.SpringBootTestContextBootstrapper - Found @SpringBootConfiguration com.thesystem.TheSystemApplication for test class com.thesystem.modules.xp.controller.XpControllerIntegrationTest
2026-08-09 07:22:35.467 [Test worker] INFO  c.t.m.x.c.XpControllerIntegrationTest - Starting XpControllerIntegrationTest using Java 21.0.12 with PID 70070 (started by naga in /home/naga/Workspace/Projects/THE-SYSTEM/Backend)
2026-08-09 07:22:35.468 [Test worker] DEBUG c.t.m.x.c.XpControllerIntegrationTest - Running with Spring Boot v3.4.5, Spring v6.2.6
2026-08-09 07:22:35.468 [Test worker] INFO  c.t.m.x.c.XpControllerIntegrationTest - No active profile set, falling back to 1 default profile: "default"
2026-08-09 07:22:35.638 [Test worker] INFO  o.s.d.r.c.RepositoryConfigurationDelegate - Bootstrapping Spring Data JPA repositories in DEFAULT mode.
2026-08-09 07:22:35.660 [Test worker] INFO  o.s.d.r.c.RepositoryConfigurationDelegate - Finished Spring Data repository scanning in 21 ms. Found 18 JPA repository interfaces.
2026-08-09 07:22:35.960 [Test worker] INFO  o.s.o.j.p.SpringPersistenceUnitInfo - No LoadTimeWeaver setup: ignoring JPA class transformer
2026-08-09 07:22:35.961 [Test worker] INFO  com.zaxxer.hikari.HikariDataSource - HikariPool-7 - Starting...
2026-08-09 07:22:36.004 [Test worker] INFO  com.zaxxer.hikari.pool.HikariPool - HikariPool-7 - Added connection conn60: url=jdbc:h2:mem:thesystem user=SA
2026-08-09 07:22:36.004 [Test worker] INFO  com.zaxxer.hikari.HikariDataSource - HikariPool-7 - Start completed.
2026-08-09 07:22:36.005 [Test worker] WARN  org.hibernate.orm.deprecation - HHH90000025: H2Dialect does not need to be specified explicitly using 'hibernate.dialect' (remove the property setting and it will be selected by default)
2026-08-09 07:22:36.114 [Test worker] INFO  o.s.o.j.LocalContainerEntityManagerFactoryBean - Initialized JPA EntityManagerFactory for persistence unit 'default'
2026-08-09 07:22:36.589 [Test worker] INFO  o.s.s.c.a.a.c.InitializeUserDetailsBeanManagerConfigurer$InitializeUserDetailsManagerConfigurer - Global AuthenticationManager configured with UserDetailsService bean with name userDetailsServiceImpl
2026-08-09 07:22:36.739 [Test worker] INFO  o.s.b.a.e.web.EndpointLinksResolver - Exposing 1 endpoint beneath base path '/actuator'
2026-08-09 07:22:37.037 [Test worker] INFO  o.s.b.t.m.w.SpringBootMockServletContext - Initializing Spring TestDispatcherServlet ''
2026-08-09 07:22:37.038 [Test worker] INFO  o.s.t.w.s.TestDispatcherServlet - Initializing Servlet ''
2026-08-09 07:22:37.039 [Test worker] INFO  o.s.t.w.s.TestDispatcherServlet - Completed initialization in 1 ms
2026-08-09 07:22:37.059 [Test worker] INFO  c.t.m.x.c.XpControllerIntegrationTest - Started XpControllerIntegrationTest in 1.61 seconds (process running for 28.774)
2026-08-09 07:22:38.330 [SpringApplicationShutdownHook] INFO  o.s.o.j.LocalContainerEntityManagerFactoryBean - Closing JPA EntityManagerFactory for persistence unit 'default'
2026-08-09 07:22:38.333 [SpringApplicationShutdownHook] INFO  com.zaxxer.hikari.HikariDataSource - HikariPool-1 - Shutdown initiated...
2026-08-09 07:22:38.335 [SpringApplicationShutdownHook] INFO  com.zaxxer.hikari.HikariDataSource - HikariPool-1 - Shutdown completed.
2026-08-09 07:22:38.338 [SpringApplicationShutdownHook] INFO  o.s.o.j.LocalContainerEntityManagerFactoryBean - Closing JPA EntityManagerFactory for persistence unit 'default'
2026-08-09 07:22:38.339 [SpringApplicationShutdownHook] INFO  com.zaxxer.hikari.HikariDataSource - HikariPool-2 - Shutdown initiated...
2026-08-09 07:22:38.339 [SpringApplicationShutdownHook] INFO  com.zaxxer.hikari.HikariDataSource - HikariPool-2 - Shutdown completed.
2026-08-09 07:22:38.342 [SpringApplicationShutdownHook] INFO  o.s.o.j.LocalContainerEntityManagerFactoryBean - Closing JPA EntityManagerFactory for persistence unit 'default'
2026-08-09 07:22:38.343 [SpringApplicationShutdownHook] INFO  com.zaxxer.hikari.HikariDataSource - HikariPool-3 - Shutdown initiated...
2026-08-09 07:22:38.344 [SpringApplicationShutdownHook] INFO  com.zaxxer.hikari.HikariDataSource - HikariPool-3 - Shutdown completed.
2026-08-09 07:22:38.347 [SpringApplicationShutdownHook] INFO  o.s.o.j.LocalContainerEntityManagerFactoryBean - Closing JPA EntityManagerFactory for persistence unit 'default'
2026-08-09 07:22:38.348 [SpringApplicationShutdownHook] INFO  com.zaxxer.hikari.HikariDataSource - HikariPool-4 - Shutdown initiated...
2026-08-09 07:22:38.349 [SpringApplicationShutdownHook] INFO  com.zaxxer.hikari.HikariDataSource - HikariPool-4 - Shutdown completed.
2026-08-09 07:22:38.352 [SpringApplicationShutdownHook] INFO  o.s.o.j.LocalContainerEntityManagerFactoryBean - Closing JPA EntityManagerFactory for persistence unit 'default'
2026-08-09 07:22:38.353 [SpringApplicationShutdownHook] INFO  com.zaxxer.hikari.HikariDataSource - HikariPool-5 - Shutdown initiated...
2026-08-09 07:22:38.354 [SpringApplicationShutdownHook] INFO  com.zaxxer.hikari.HikariDataSource - HikariPool-5 - Shutdown completed.
2026-08-09 07:22:38.359 [SpringApplicationShutdownHook] INFO  o.s.o.j.LocalContainerEntityManagerFactoryBean - Closing JPA EntityManagerFactory for persistence unit 'default'
2026-08-09 07:22:38.360 [SpringApplicationShutdownHook] INFO  com.zaxxer.hikari.HikariDataSource - HikariPool-6 - Shutdown initiated...
2026-08-09 07:22:38.361 [SpringApplicationShutdownHook] INFO  com.zaxxer.hikari.HikariDataSource - HikariPool-6 - Shutdown completed.
2026-08-09 07:22:38.364 [SpringApplicationShutdownHook] INFO  o.s.o.j.LocalContainerEntityManagerFactoryBean - Closing JPA EntityManagerFactory for persistence unit 'default'
2026-08-09 07:22:38.365 [SpringApplicationShutdownHook] INFO  com.zaxxer.hikari.HikariDataSource - HikariPool-7 - Shutdown initiated...
2026-08-09 07:22:38.366 [SpringApplicationShutdownHook] INFO  com.zaxxer.hikari.HikariDataSource - HikariPool-7 - Shutdown completed.
2026-08-09 07:23:39.321 [Test worker] INFO  c.t.TheSystemApplicationTests - Starting TheSystemApplicationTests using Java 21.0.12 with PID 70678 (started by naga in /home/naga/Workspace/Projects/THE-SYSTEM/Backend)
2026-08-09 07:23:39.324 [Test worker] DEBUG c.t.TheSystemApplicationTests - Running with Spring Boot v3.4.5, Spring v6.2.6
2026-08-09 07:23:39.325 [Test worker] INFO  c.t.TheSystemApplicationTests - No active profile set, falling back to 1 default profile: "default"
2026-08-09 07:23:40.334 [Test worker] INFO  o.s.d.r.c.RepositoryConfigurationDelegate - Bootstrapping Spring Data JPA repositories in DEFAULT mode.
2026-08-09 07:23:40.463 [Test worker] INFO  o.s.d.r.c.RepositoryConfigurationDelegate - Finished Spring Data repository scanning in 118 ms. Found 18 JPA repository interfaces.
2026-08-09 07:23:42.424 [Test worker] INFO  o.s.o.j.p.SpringPersistenceUnitInfo - No LoadTimeWeaver setup: ignoring JPA class transformer
2026-08-09 07:23:42.461 [Test worker] INFO  com.zaxxer.hikari.HikariDataSource - HikariPool-1 - Starting...
2026-08-09 07:23:42.639 [Test worker] INFO  com.zaxxer.hikari.pool.HikariPool - HikariPool-1 - Added connection conn0: url=jdbc:h2:mem:thesystem user=SA
2026-08-09 07:23:42.642 [Test worker] INFO  com.zaxxer.hikari.HikariDataSource - HikariPool-1 - Start completed.
2026-08-09 07:23:42.666 [Test worker] WARN  org.hibernate.orm.deprecation - HHH90000025: H2Dialect does not need to be specified explicitly using 'hibernate.dialect' (remove the property setting and it will be selected by default)
2026-08-09 07:23:43.843 [Test worker] INFO  o.s.o.j.LocalContainerEntityManagerFactoryBean - Initialized JPA EntityManagerFactory for persistence unit 'default'
2026-08-09 07:23:45.006 [Test worker] INFO  o.s.d.j.r.query.QueryEnhancerFactory - Hibernate is in classpath; If applicable, HQL parser will be used.
2026-08-09 07:23:46.625 [Test worker] INFO  o.s.s.c.a.a.c.InitializeUserDetailsBeanManagerConfigurer$InitializeUserDetailsManagerConfigurer - Global AuthenticationManager configured with UserDetailsService bean with name userDetailsServiceImpl
2026-08-09 07:23:47.325 [Test worker] INFO  o.s.b.a.e.web.EndpointLinksResolver - Exposing 1 endpoint beneath base path '/actuator'
2026-08-09 07:23:48.566 [Test worker] INFO  c.t.TheSystemApplicationTests - Started TheSystemApplicationTests in 9.704 seconds (process running for 13.44)
2026-08-09 07:23:48.739 [Test worker] INFO  o.s.b.t.c.SpringBootTestContextBootstrapper - Found @SpringBootConfiguration com.thesystem.TheSystemApplication for test class com.thesystem.modules.auth.controller.AuthControllerIntegrationTest
2026-08-09 07:23:48.768 [Test worker] INFO  c.t.m.a.c.AuthControllerIntegrationTest - Starting AuthControllerIntegrationTest using Java 21.0.12 with PID 70678 (started by naga in /home/naga/Workspace/Projects/THE-SYSTEM/Backend)
2026-08-09 07:23:48.768 [Test worker] DEBUG c.t.m.a.c.AuthControllerIntegrationTest - Running with Spring Boot v3.4.5, Spring v6.2.6
2026-08-09 07:23:48.768 [Test worker] INFO  c.t.m.a.c.AuthControllerIntegrationTest - No active profile set, falling back to 1 default profile: "default"
2026-08-09 07:23:49.088 [Test worker] INFO  o.s.d.r.c.RepositoryConfigurationDelegate - Bootstrapping Spring Data JPA repositories in DEFAULT mode.
2026-08-09 07:23:49.140 [Test worker] INFO  o.s.d.r.c.RepositoryConfigurationDelegate - Finished Spring Data repository scanning in 50 ms. Found 18 JPA repository interfaces.
2026-08-09 07:23:49.704 [Test worker] INFO  o.s.o.j.p.SpringPersistenceUnitInfo - No LoadTimeWeaver setup: ignoring JPA class transformer
2026-08-09 07:23:49.706 [Test worker] INFO  com.zaxxer.hikari.HikariDataSource - HikariPool-2 - Starting...
2026-08-09 07:23:49.708 [Test worker] INFO  com.zaxxer.hikari.pool.HikariPool - HikariPool-2 - Added connection conn10: url=jdbc:h2:mem:thesystem user=SA
2026-08-09 07:23:49.709 [Test worker] INFO  com.zaxxer.hikari.HikariDataSource - HikariPool-2 - Start completed.
2026-08-09 07:23:49.710 [Test worker] WARN  org.hibernate.orm.deprecation - HHH90000025: H2Dialect does not need to be specified explicitly using 'hibernate.dialect' (remove the property setting and it will be selected by default)
2026-08-09 07:23:49.913 [Test worker] INFO  o.s.o.j.LocalContainerEntityManagerFactoryBean - Initialized JPA EntityManagerFactory for persistence unit 'default'
2026-08-09 07:23:50.627 [Test worker] INFO  o.s.s.c.a.a.c.InitializeUserDetailsBeanManagerConfigurer$InitializeUserDetailsManagerConfigurer - Global AuthenticationManager configured with UserDetailsService bean with name userDetailsServiceImpl
2026-08-09 07:23:50.890 [Test worker] INFO  o.s.b.a.e.web.EndpointLinksResolver - Exposing 1 endpoint beneath base path '/actuator'
2026-08-09 07:23:51.327 [Test worker] INFO  o.s.b.t.m.w.SpringBootMockServletContext - Initializing Spring TestDispatcherServlet ''
2026-08-09 07:23:51.328 [Test worker] INFO  o.s.t.w.s.TestDispatcherServlet - Initializing Servlet ''
2026-08-09 07:23:51.331 [Test worker] INFO  o.s.t.w.s.TestDispatcherServlet - Completed initialization in 3 ms
2026-08-09 07:23:51.369 [Test worker] INFO  c.t.m.a.c.AuthControllerIntegrationTest - Started AuthControllerIntegrationTest in 2.624 seconds (process running for 16.243)
2026-08-09 07:23:52.431 [Test worker] INFO  o.s.b.t.c.SpringBootTestContextBootstrapper - Found @SpringBootConfiguration com.thesystem.TheSystemApplication for test class com.thesystem.modules.goal.controller.GoalControllerIntegrationTest
2026-08-09 07:23:52.458 [Test worker] INFO  c.t.m.g.c.GoalControllerIntegrationTest - Starting GoalControllerIntegrationTest using Java 21.0.12 with PID 70678 (started by naga in /home/naga/Workspace/Projects/THE-SYSTEM/Backend)
2026-08-09 07:23:52.458 [Test worker] DEBUG c.t.m.g.c.GoalControllerIntegrationTest - Running with Spring Boot v3.4.5, Spring v6.2.6
2026-08-09 07:23:52.459 [Test worker] INFO  c.t.m.g.c.GoalControllerIntegrationTest - No active profile set, falling back to 1 default profile: "default"
2026-08-09 07:23:52.687 [Test worker] INFO  o.s.d.r.c.RepositoryConfigurationDelegate - Bootstrapping Spring Data JPA repositories in DEFAULT mode.
2026-08-09 07:23:52.719 [Test worker] INFO  o.s.d.r.c.RepositoryConfigurationDelegate - Finished Spring Data repository scanning in 29 ms. Found 18 JPA repository interfaces.
2026-08-09 07:23:53.111 [Test worker] INFO  o.s.o.j.p.SpringPersistenceUnitInfo - No LoadTimeWeaver setup: ignoring JPA class transformer
2026-08-09 07:23:53.114 [Test worker] INFO  com.zaxxer.hikari.HikariDataSource - HikariPool-3 - Starting...
2026-08-09 07:23:53.116 [Test worker] INFO  com.zaxxer.hikari.pool.HikariPool - HikariPool-3 - Added connection conn20: url=jdbc:h2:mem:thesystem user=SA
2026-08-09 07:23:53.117 [Test worker] INFO  com.zaxxer.hikari.HikariDataSource - HikariPool-3 - Start completed.
2026-08-09 07:23:53.118 [Test worker] WARN  org.hibernate.orm.deprecation - HHH90000025: H2Dialect does not need to be specified explicitly using 'hibernate.dialect' (remove the property setting and it will be selected by default)
2026-08-09 07:23:53.337 [Test worker] INFO  o.s.o.j.LocalContainerEntityManagerFactoryBean - Initialized JPA EntityManagerFactory for persistence unit 'default'
2026-08-09 07:23:53.951 [Test worker] INFO  o.s.s.c.a.a.c.InitializeUserDetailsBeanManagerConfigurer$InitializeUserDetailsManagerConfigurer - Global AuthenticationManager configured with UserDetailsService bean with name userDetailsServiceImpl
2026-08-09 07:23:54.139 [Test worker] INFO  o.s.b.a.e.web.EndpointLinksResolver - Exposing 1 endpoint beneath base path '/actuator'
2026-08-09 07:23:54.562 [Test worker] INFO  o.s.b.t.m.w.SpringBootMockServletContext - Initializing Spring TestDispatcherServlet ''
2026-08-09 07:23:54.563 [Test worker] INFO  o.s.t.w.s.TestDispatcherServlet - Initializing Servlet ''
2026-08-09 07:23:54.565 [Test worker] INFO  o.s.t.w.s.TestDispatcherServlet - Completed initialization in 2 ms
2026-08-09 07:23:54.605 [Test worker] INFO  c.t.m.g.c.GoalControllerIntegrationTest - Started GoalControllerIntegrationTest in 2.168 seconds (process running for 19.48)
2026-08-09 07:23:55.396 [Test worker] INFO  o.s.b.t.c.SpringBootTestContextBootstrapper - Found @SpringBootConfiguration com.thesystem.TheSystemApplication for test class com.thesystem.modules.settings.controller.SettingsControllerIntegrationTest
2026-08-09 07:23:55.419 [Test worker] INFO  c.t.m.s.c.SettingsControllerIntegrationTest - Starting SettingsControllerIntegrationTest using Java 21.0.12 with PID 70678 (started by naga in /home/naga/Workspace/Projects/THE-SYSTEM/Backend)
2026-08-09 07:23:55.420 [Test worker] DEBUG c.t.m.s.c.SettingsControllerIntegrationTest - Running with Spring Boot v3.4.5, Spring v6.2.6
2026-08-09 07:23:55.420 [Test worker] INFO  c.t.m.s.c.SettingsControllerIntegrationTest - No active profile set, falling back to 1 default profile: "default"
2026-08-09 07:23:55.650 [Test worker] INFO  o.s.d.r.c.RepositoryConfigurationDelegate - Bootstrapping Spring Data JPA repositories in DEFAULT mode.
2026-08-09 07:23:55.700 [Test worker] INFO  o.s.d.r.c.RepositoryConfigurationDelegate - Finished Spring Data repository scanning in 48 ms. Found 18 JPA repository interfaces.
2026-08-09 07:23:56.060 [Test worker] INFO  o.s.o.j.p.SpringPersistenceUnitInfo - No LoadTimeWeaver setup: ignoring JPA class transformer
2026-08-09 07:23:56.062 [Test worker] INFO  com.zaxxer.hikari.HikariDataSource - HikariPool-4 - Starting...
2026-08-09 07:23:56.063 [Test worker] INFO  com.zaxxer.hikari.pool.HikariPool - HikariPool-4 - Added connection conn30: url=jdbc:h2:mem:thesystem user=SA
2026-08-09 07:23:56.064 [Test worker] INFO  com.zaxxer.hikari.HikariDataSource - HikariPool-4 - Start completed.
2026-08-09 07:23:56.065 [Test worker] WARN  org.hibernate.orm.deprecation - HHH90000025: H2Dialect does not need to be specified explicitly using 'hibernate.dialect' (remove the property setting and it will be selected by default)
2026-08-09 07:23:56.232 [Test worker] INFO  o.s.o.j.LocalContainerEntityManagerFactoryBean - Initialized JPA EntityManagerFactory for persistence unit 'default'
2026-08-09 07:23:56.810 [Test worker] INFO  o.s.s.c.a.a.c.InitializeUserDetailsBeanManagerConfigurer$InitializeUserDetailsManagerConfigurer - Global AuthenticationManager configured with UserDetailsService bean with name userDetailsServiceImpl
2026-08-09 07:23:56.986 [Test worker] INFO  o.s.b.a.e.web.EndpointLinksResolver - Exposing 1 endpoint beneath base path '/actuator'
2026-08-09 07:23:57.327 [Test worker] INFO  o.s.b.t.m.w.SpringBootMockServletContext - Initializing Spring TestDispatcherServlet ''
2026-08-09 07:23:57.328 [Test worker] INFO  o.s.t.w.s.TestDispatcherServlet - Initializing Servlet ''
2026-08-09 07:23:57.331 [Test worker] INFO  o.s.t.w.s.TestDispatcherServlet - Completed initialization in 3 ms
2026-08-09 07:23:57.359 [Test worker] INFO  c.t.m.s.c.SettingsControllerIntegrationTest - Started SettingsControllerIntegrationTest in 1.958 seconds (process running for 22.234)
2026-08-09 07:23:57.673 [Test worker] INFO  o.s.b.t.c.SpringBootTestContextBootstrapper - Found @SpringBootConfiguration com.thesystem.TheSystemApplication for test class com.thesystem.modules.task.controller.TaskControllerIntegrationTest
2026-08-09 07:23:57.694 [Test worker] INFO  c.t.m.t.c.TaskControllerIntegrationTest - Starting TaskControllerIntegrationTest using Java 21.0.12 with PID 70678 (started by naga in /home/naga/Workspace/Projects/THE-SYSTEM/Backend)
2026-08-09 07:23:57.734 [Test worker] DEBUG c.t.m.t.c.TaskControllerIntegrationTest - Running with Spring Boot v3.4.5, Spring v6.2.6
2026-08-09 07:23:57.735 [Test worker] INFO  c.t.m.t.c.TaskControllerIntegrationTest - No active profile set, falling back to 1 default profile: "default"
2026-08-09 07:23:57.927 [Test worker] INFO  o.s.d.r.c.RepositoryConfigurationDelegate - Bootstrapping Spring Data JPA repositories in DEFAULT mode.
2026-08-09 07:23:57.952 [Test worker] INFO  o.s.d.r.c.RepositoryConfigurationDelegate - Finished Spring Data repository scanning in 23 ms. Found 18 JPA repository interfaces.
2026-08-09 07:23:58.285 [Test worker] INFO  o.s.o.j.p.SpringPersistenceUnitInfo - No LoadTimeWeaver setup: ignoring JPA class transformer
2026-08-09 07:23:58.286 [Test worker] INFO  com.zaxxer.hikari.HikariDataSource - HikariPool-5 - Starting...
2026-08-09 07:23:58.287 [Test worker] INFO  com.zaxxer.hikari.pool.HikariPool - HikariPool-5 - Added connection conn40: url=jdbc:h2:mem:thesystem user=SA
2026-08-09 07:23:58.288 [Test worker] INFO  com.zaxxer.hikari.HikariDataSource - HikariPool-5 - Start completed.
2026-08-09 07:23:58.289 [Test worker] WARN  org.hibernate.orm.deprecation - HHH90000025: H2Dialect does not need to be specified explicitly using 'hibernate.dialect' (remove the property setting and it will be selected by default)
2026-08-09 07:23:58.426 [Test worker] INFO  o.s.o.j.LocalContainerEntityManagerFactoryBean - Initialized JPA EntityManagerFactory for persistence unit 'default'
2026-08-09 07:23:58.894 [Test worker] INFO  o.s.s.c.a.a.c.InitializeUserDetailsBeanManagerConfigurer$InitializeUserDetailsManagerConfigurer - Global AuthenticationManager configured with UserDetailsService bean with name userDetailsServiceImpl
2026-08-09 07:23:59.045 [Test worker] INFO  o.s.b.a.e.web.EndpointLinksResolver - Exposing 1 endpoint beneath base path '/actuator'
2026-08-09 07:23:59.402 [Test worker] INFO  o.s.b.t.m.w.SpringBootMockServletContext - Initializing Spring TestDispatcherServlet ''
2026-08-09 07:23:59.403 [Test worker] INFO  o.s.t.w.s.TestDispatcherServlet - Initializing Servlet ''
2026-08-09 07:23:59.404 [Test worker] INFO  o.s.t.w.s.TestDispatcherServlet - Completed initialization in 1 ms
2026-08-09 07:23:59.437 [Test worker] INFO  c.t.m.t.c.TaskControllerIntegrationTest - Started TaskControllerIntegrationTest in 1.761 seconds (process running for 24.312)
2026-08-09 07:23:59.922 [Test worker] INFO  o.s.b.t.c.SpringBootTestContextBootstrapper - Found @SpringBootConfiguration com.thesystem.TheSystemApplication for test class com.thesystem.modules.user.controller.UserControllerIntegrationTest
2026-08-09 07:23:59.941 [Test worker] INFO  c.t.m.u.c.UserControllerIntegrationTest - Starting UserControllerIntegrationTest using Java 21.0.12 with PID 70678 (started by naga in /home/naga/Workspace/Projects/THE-SYSTEM/Backend)
2026-08-09 07:23:59.942 [Test worker] DEBUG c.t.m.u.c.UserControllerIntegrationTest - Running with Spring Boot v3.4.5, Spring v6.2.6
2026-08-09 07:23:59.942 [Test worker] INFO  c.t.m.u.c.UserControllerIntegrationTest - No active profile set, falling back to 1 default profile: "default"
2026-08-09 07:24:00.131 [Test worker] INFO  o.s.d.r.c.RepositoryConfigurationDelegate - Bootstrapping Spring Data JPA repositories in DEFAULT mode.
2026-08-09 07:24:00.158 [Test worker] INFO  o.s.d.r.c.RepositoryConfigurationDelegate - Finished Spring Data repository scanning in 26 ms. Found 18 JPA repository interfaces.
2026-08-09 07:24:00.495 [Test worker] INFO  o.s.o.j.p.SpringPersistenceUnitInfo - No LoadTimeWeaver setup: ignoring JPA class transformer
2026-08-09 07:24:00.496 [Test worker] INFO  com.zaxxer.hikari.HikariDataSource - HikariPool-6 - Starting...
2026-08-09 07:24:00.497 [Test worker] INFO  com.zaxxer.hikari.pool.HikariPool - HikariPool-6 - Added connection conn50: url=jdbc:h2:mem:thesystem user=SA
2026-08-09 07:24:00.498 [Test worker] INFO  com.zaxxer.hikari.HikariDataSource - HikariPool-6 - Start completed.
2026-08-09 07:24:00.500 [Test worker] WARN  org.hibernate.orm.deprecation - HHH90000025: H2Dialect does not need to be specified explicitly using 'hibernate.dialect' (remove the property setting and it will be selected by default)
2026-08-09 07:24:00.624 [Test worker] INFO  o.s.o.j.LocalContainerEntityManagerFactoryBean - Initialized JPA EntityManagerFactory for persistence unit 'default'
2026-08-09 07:24:01.071 [Test worker] INFO  o.s.s.c.a.a.c.InitializeUserDetailsBeanManagerConfigurer$InitializeUserDetailsManagerConfigurer - Global AuthenticationManager configured with UserDetailsService bean with name userDetailsServiceImpl
2026-08-09 07:24:01.231 [Test worker] INFO  o.s.b.a.e.web.EndpointLinksResolver - Exposing 1 endpoint beneath base path '/actuator'
2026-08-09 07:24:01.579 [Test worker] INFO  o.s.b.t.m.w.SpringBootMockServletContext - Initializing Spring TestDispatcherServlet ''
2026-08-09 07:24:01.579 [Test worker] INFO  o.s.t.w.s.TestDispatcherServlet - Initializing Servlet ''
2026-08-09 07:24:01.580 [Test worker] INFO  o.s.t.w.s.TestDispatcherServlet - Completed initialization in 1 ms
2026-08-09 07:24:01.607 [Test worker] INFO  c.t.m.u.c.UserControllerIntegrationTest - Started UserControllerIntegrationTest in 1.682 seconds (process running for 26.482)
2026-08-09 07:24:01.899 [Test worker] INFO  o.s.b.t.c.SpringBootTestContextBootstrapper - Found @SpringBootConfiguration com.thesystem.TheSystemApplication for test class com.thesystem.modules.xp.controller.XpControllerIntegrationTest
2026-08-09 07:24:01.919 [Test worker] INFO  c.t.m.x.c.XpControllerIntegrationTest - Starting XpControllerIntegrationTest using Java 21.0.12 with PID 70678 (started by naga in /home/naga/Workspace/Projects/THE-SYSTEM/Backend)
2026-08-09 07:24:01.919 [Test worker] DEBUG c.t.m.x.c.XpControllerIntegrationTest - Running with Spring Boot v3.4.5, Spring v6.2.6
2026-08-09 07:24:01.919 [Test worker] INFO  c.t.m.x.c.XpControllerIntegrationTest - No active profile set, falling back to 1 default profile: "default"
2026-08-09 07:24:02.108 [Test worker] INFO  o.s.d.r.c.RepositoryConfigurationDelegate - Bootstrapping Spring Data JPA repositories in DEFAULT mode.
2026-08-09 07:24:02.136 [Test worker] INFO  o.s.d.r.c.RepositoryConfigurationDelegate - Finished Spring Data repository scanning in 27 ms. Found 18 JPA repository interfaces.
2026-08-09 07:24:02.444 [Test worker] INFO  o.s.o.j.p.SpringPersistenceUnitInfo - No LoadTimeWeaver setup: ignoring JPA class transformer
2026-08-09 07:24:02.445 [Test worker] INFO  com.zaxxer.hikari.HikariDataSource - HikariPool-7 - Starting...
2026-08-09 07:24:02.446 [Test worker] INFO  com.zaxxer.hikari.pool.HikariPool - HikariPool-7 - Added connection conn60: url=jdbc:h2:mem:thesystem user=SA
2026-08-09 07:24:02.447 [Test worker] INFO  com.zaxxer.hikari.HikariDataSource - HikariPool-7 - Start completed.
2026-08-09 07:24:02.448 [Test worker] WARN  org.hibernate.orm.deprecation - HHH90000025: H2Dialect does not need to be specified explicitly using 'hibernate.dialect' (remove the property setting and it will be selected by default)
2026-08-09 07:24:02.553 [Test worker] INFO  o.s.o.j.LocalContainerEntityManagerFactoryBean - Initialized JPA EntityManagerFactory for persistence unit 'default'
2026-08-09 07:24:03.052 [Test worker] INFO  o.s.s.c.a.a.c.InitializeUserDetailsBeanManagerConfigurer$InitializeUserDetailsManagerConfigurer - Global AuthenticationManager configured with UserDetailsService bean with name userDetailsServiceImpl
2026-08-09 07:24:03.210 [Test worker] INFO  o.s.b.a.e.web.EndpointLinksResolver - Exposing 1 endpoint beneath base path '/actuator'
2026-08-09 07:24:03.509 [Test worker] INFO  o.s.b.t.m.w.SpringBootMockServletContext - Initializing Spring TestDispatcherServlet ''
2026-08-09 07:24:03.509 [Test worker] INFO  o.s.t.w.s.TestDispatcherServlet - Initializing Servlet ''
2026-08-09 07:24:03.510 [Test worker] INFO  o.s.t.w.s.TestDispatcherServlet - Completed initialization in 1 ms
2026-08-09 07:24:03.531 [Test worker] INFO  c.t.m.x.c.XpControllerIntegrationTest - Started XpControllerIntegrationTest in 1.627 seconds (process running for 28.405)
2026-08-09 07:24:04.797 [SpringApplicationShutdownHook] INFO  o.s.o.j.LocalContainerEntityManagerFactoryBean - Closing JPA EntityManagerFactory for persistence unit 'default'
2026-08-09 07:24:04.800 [SpringApplicationShutdownHook] INFO  com.zaxxer.hikari.HikariDataSource - HikariPool-1 - Shutdown initiated...
2026-08-09 07:24:04.802 [SpringApplicationShutdownHook] INFO  com.zaxxer.hikari.HikariDataSource - HikariPool-1 - Shutdown completed.
2026-08-09 07:24:04.806 [SpringApplicationShutdownHook] INFO  o.s.o.j.LocalContainerEntityManagerFactoryBean - Closing JPA EntityManagerFactory for persistence unit 'default'
2026-08-09 07:24:04.806 [SpringApplicationShutdownHook] INFO  com.zaxxer.hikari.HikariDataSource - HikariPool-2 - Shutdown initiated...
2026-08-09 07:24:04.807 [SpringApplicationShutdownHook] INFO  com.zaxxer.hikari.HikariDataSource - HikariPool-2 - Shutdown completed.
2026-08-09 07:24:04.810 [SpringApplicationShutdownHook] INFO  o.s.o.j.LocalContainerEntityManagerFactoryBean - Closing JPA EntityManagerFactory for persistence unit 'default'
2026-08-09 07:24:04.810 [SpringApplicationShutdownHook] INFO  com.zaxxer.hikari.HikariDataSource - HikariPool-3 - Shutdown initiated...
2026-08-09 07:24:04.811 [SpringApplicationShutdownHook] INFO  com.zaxxer.hikari.HikariDataSource - HikariPool-3 - Shutdown completed.
2026-08-09 07:24:04.815 [SpringApplicationShutdownHook] INFO  o.s.o.j.LocalContainerEntityManagerFactoryBean - Closing JPA EntityManagerFactory for persistence unit 'default'
2026-08-09 07:24:04.816 [SpringApplicationShutdownHook] INFO  com.zaxxer.hikari.HikariDataSource - HikariPool-4 - Shutdown initiated...
2026-08-09 07:24:04.817 [SpringApplicationShutdownHook] INFO  com.zaxxer.hikari.HikariDataSource - HikariPool-4 - Shutdown completed.
2026-08-09 07:24:04.820 [SpringApplicationShutdownHook] INFO  o.s.o.j.LocalContainerEntityManagerFactoryBean - Closing JPA EntityManagerFactory for persistence unit 'default'
2026-08-09 07:24:04.821 [SpringApplicationShutdownHook] INFO  com.zaxxer.hikari.HikariDataSource - HikariPool-5 - Shutdown initiated...
2026-08-09 07:24:04.822 [SpringApplicationShutdownHook] INFO  com.zaxxer.hikari.HikariDataSource - HikariPool-5 - Shutdown completed.
2026-08-09 07:24:04.825 [SpringApplicationShutdownHook] INFO  o.s.o.j.LocalContainerEntityManagerFactoryBean - Closing JPA EntityManagerFactory for persistence unit 'default'
2026-08-09 07:24:04.826 [SpringApplicationShutdownHook] INFO  com.zaxxer.hikari.HikariDataSource - HikariPool-6 - Shutdown initiated...
2026-08-09 07:24:04.827 [SpringApplicationShutdownHook] INFO  com.zaxxer.hikari.HikariDataSource - HikariPool-6 - Shutdown completed.
2026-08-09 07:24:04.830 [SpringApplicationShutdownHook] INFO  o.s.o.j.LocalContainerEntityManagerFactoryBean - Closing JPA EntityManagerFactory for persistence unit 'default'
2026-08-09 07:24:04.831 [SpringApplicationShutdownHook] INFO  com.zaxxer.hikari.HikariDataSource - HikariPool-7 - Shutdown initiated...
2026-08-09 07:24:04.832 [SpringApplicationShutdownHook] INFO  com.zaxxer.hikari.HikariDataSource - HikariPool-7 - Shutdown completed.
2026-08-09 07:40:36.282 [Test worker] INFO  c.t.TheSystemApplicationTests - Starting TheSystemApplicationTests using Java 21.0.12 with PID 73928 (started by naga in /home/naga/Workspace/Projects/THE-SYSTEM/Backend)
2026-08-09 07:40:36.283 [Test worker] DEBUG c.t.TheSystemApplicationTests - Running with Spring Boot v3.4.5, Spring v6.2.6
2026-08-09 07:40:36.285 [Test worker] INFO  c.t.TheSystemApplicationTests - No active profile set, falling back to 1 default profile: "default"
2026-08-09 07:40:37.334 [Test worker] INFO  o.s.d.r.c.RepositoryConfigurationDelegate - Bootstrapping Spring Data JPA repositories in DEFAULT mode.
2026-08-09 07:40:37.471 [Test worker] INFO  o.s.d.r.c.RepositoryConfigurationDelegate - Finished Spring Data repository scanning in 127 ms. Found 20 JPA repository interfaces.
2026-08-09 07:40:39.448 [Test worker] INFO  o.s.o.j.p.SpringPersistenceUnitInfo - No LoadTimeWeaver setup: ignoring JPA class transformer
2026-08-09 07:40:39.484 [Test worker] INFO  com.zaxxer.hikari.HikariDataSource - HikariPool-1 - Starting...
2026-08-09 07:40:39.649 [Test worker] INFO  com.zaxxer.hikari.pool.HikariPool - HikariPool-1 - Added connection conn0: url=jdbc:h2:mem:thesystem user=SA
2026-08-09 07:40:39.651 [Test worker] INFO  com.zaxxer.hikari.HikariDataSource - HikariPool-1 - Start completed.
2026-08-09 07:40:39.674 [Test worker] WARN  org.hibernate.orm.deprecation - HHH90000025: H2Dialect does not need to be specified explicitly using 'hibernate.dialect' (remove the property setting and it will be selected by default)
2026-08-09 07:40:41.049 [Test worker] INFO  o.s.o.j.LocalContainerEntityManagerFactoryBean - Initialized JPA EntityManagerFactory for persistence unit 'default'
2026-08-09 07:40:42.156 [Test worker] INFO  o.s.d.j.r.query.QueryEnhancerFactory - Hibernate is in classpath; If applicable, HQL parser will be used.
2026-08-09 07:40:43.695 [Test worker] INFO  o.s.s.c.a.a.c.InitializeUserDetailsBeanManagerConfigurer$InitializeUserDetailsManagerConfigurer - Global AuthenticationManager configured with UserDetailsService bean with name userDetailsServiceImpl
2026-08-09 07:40:44.492 [Test worker] INFO  o.s.b.a.e.web.EndpointLinksResolver - Exposing 1 endpoint beneath base path '/actuator'
2026-08-09 07:40:45.679 [Test worker] INFO  c.t.TheSystemApplicationTests - Started TheSystemApplicationTests in 9.879 seconds (process running for 11.275)
2026-08-09 07:40:46.308 [Test worker] INFO  o.s.b.t.c.SpringBootTestContextBootstrapper - Found @SpringBootConfiguration com.thesystem.TheSystemApplication for test class com.thesystem.modules.auth.controller.AuthControllerIntegrationTest
2026-08-09 07:40:46.349 [Test worker] INFO  c.t.m.a.c.AuthControllerIntegrationTest - Starting AuthControllerIntegrationTest using Java 21.0.12 with PID 73928 (started by naga in /home/naga/Workspace/Projects/THE-SYSTEM/Backend)
2026-08-09 07:40:46.350 [Test worker] DEBUG c.t.m.a.c.AuthControllerIntegrationTest - Running with Spring Boot v3.4.5, Spring v6.2.6
2026-08-09 07:40:46.351 [Test worker] INFO  c.t.m.a.c.AuthControllerIntegrationTest - No active profile set, falling back to 1 default profile: "default"
2026-08-09 07:40:46.692 [Test worker] INFO  o.s.d.r.c.RepositoryConfigurationDelegate - Bootstrapping Spring Data JPA repositories in DEFAULT mode.
2026-08-09 07:40:46.741 [Test worker] INFO  o.s.d.r.c.RepositoryConfigurationDelegate - Finished Spring Data repository scanning in 47 ms. Found 20 JPA repository interfaces.
2026-08-09 07:40:47.774 [Test worker] INFO  o.s.o.j.p.SpringPersistenceUnitInfo - No LoadTimeWeaver setup: ignoring JPA class transformer
2026-08-09 07:40:47.776 [Test worker] INFO  com.zaxxer.hikari.HikariDataSource - HikariPool-2 - Starting...
2026-08-09 07:40:47.779 [Test worker] INFO  com.zaxxer.hikari.pool.HikariPool - HikariPool-2 - Added connection conn10: url=jdbc:h2:mem:thesystem user=SA
2026-08-09 07:40:47.780 [Test worker] INFO  com.zaxxer.hikari.HikariDataSource - HikariPool-2 - Start completed.
2026-08-09 07:40:47.781 [Test worker] WARN  org.hibernate.orm.deprecation - HHH90000025: H2Dialect does not need to be specified explicitly using 'hibernate.dialect' (remove the property setting and it will be selected by default)
2026-08-09 07:40:48.134 [Test worker] INFO  o.s.o.j.LocalContainerEntityManagerFactoryBean - Initialized JPA EntityManagerFactory for persistence unit 'default'
2026-08-09 07:40:49.579 [Test worker] INFO  o.s.s.c.a.a.c.InitializeUserDetailsBeanManagerConfigurer$InitializeUserDetailsManagerConfigurer - Global AuthenticationManager configured with UserDetailsService bean with name userDetailsServiceImpl
2026-08-09 07:40:49.979 [Test worker] INFO  o.s.b.a.e.web.EndpointLinksResolver - Exposing 1 endpoint beneath base path '/actuator'
2026-08-09 07:40:50.874 [Test worker] INFO  o.s.b.t.m.w.SpringBootMockServletContext - Initializing Spring TestDispatcherServlet ''
2026-08-09 07:40:50.875 [Test worker] INFO  o.s.t.w.s.TestDispatcherServlet - Initializing Servlet ''
2026-08-09 07:40:50.882 [Test worker] INFO  o.s.t.w.s.TestDispatcherServlet - Completed initialization in 6 ms
2026-08-09 07:40:50.980 [Test worker] INFO  c.t.m.a.c.AuthControllerIntegrationTest - Started AuthControllerIntegrationTest in 4.665 seconds (process running for 16.576)
2026-08-09 07:40:52.601 [Test worker] INFO  o.s.b.t.c.SpringBootTestContextBootstrapper - Found @SpringBootConfiguration com.thesystem.TheSystemApplication for test class com.thesystem.modules.goal.controller.GoalControllerIntegrationTest
2026-08-09 07:40:52.672 [Test worker] INFO  c.t.m.g.c.GoalControllerIntegrationTest - Starting GoalControllerIntegrationTest using Java 21.0.12 with PID 73928 (started by naga in /home/naga/Workspace/Projects/THE-SYSTEM/Backend)
2026-08-09 07:40:52.673 [Test worker] DEBUG c.t.m.g.c.GoalControllerIntegrationTest - Running with Spring Boot v3.4.5, Spring v6.2.6
2026-08-09 07:40:52.673 [Test worker] INFO  c.t.m.g.c.GoalControllerIntegrationTest - No active profile set, falling back to 1 default profile: "default"
2026-08-09 07:40:53.290 [Test worker] INFO  o.s.d.r.c.RepositoryConfigurationDelegate - Bootstrapping Spring Data JPA repositories in DEFAULT mode.
2026-08-09 07:40:53.421 [Test worker] INFO  o.s.d.r.c.RepositoryConfigurationDelegate - Finished Spring Data repository scanning in 105 ms. Found 20 JPA repository interfaces.
2026-08-09 07:40:54.284 [Test worker] INFO  o.s.o.j.p.SpringPersistenceUnitInfo - No LoadTimeWeaver setup: ignoring JPA class transformer
2026-08-09 07:40:54.286 [Test worker] INFO  com.zaxxer.hikari.HikariDataSource - HikariPool-3 - Starting...
2026-08-09 07:40:54.288 [Test worker] INFO  com.zaxxer.hikari.pool.HikariPool - HikariPool-3 - Added connection conn20: url=jdbc:h2:mem:thesystem user=SA
2026-08-09 07:40:54.288 [Test worker] INFO  com.zaxxer.hikari.HikariDataSource - HikariPool-3 - Start completed.
2026-08-09 07:40:54.289 [Test worker] WARN  org.hibernate.orm.deprecation - HHH90000025: H2Dialect does not need to be specified explicitly using 'hibernate.dialect' (remove the property setting and it will be selected by default)
2026-08-09 07:40:54.579 [Test worker] INFO  o.s.o.j.LocalContainerEntityManagerFactoryBean - Initialized JPA EntityManagerFactory for persistence unit 'default'
2026-08-09 07:40:56.142 [Test worker] INFO  o.s.s.c.a.a.c.InitializeUserDetailsBeanManagerConfigurer$InitializeUserDetailsManagerConfigurer - Global AuthenticationManager configured with UserDetailsService bean with name userDetailsServiceImpl
2026-08-09 07:40:56.647 [Test worker] INFO  o.s.b.a.e.web.EndpointLinksResolver - Exposing 1 endpoint beneath base path '/actuator'
2026-08-09 07:40:57.615 [Test worker] INFO  o.s.b.t.m.w.SpringBootMockServletContext - Initializing Spring TestDispatcherServlet ''
2026-08-09 07:40:57.616 [Test worker] INFO  o.s.t.w.s.TestDispatcherServlet - Initializing Servlet ''
2026-08-09 07:40:57.620 [Test worker] INFO  o.s.t.w.s.TestDispatcherServlet - Completed initialization in 3 ms
2026-08-09 07:40:57.696 [Test worker] INFO  c.t.m.g.c.GoalControllerIntegrationTest - Started GoalControllerIntegrationTest in 5.084 seconds (process running for 23.292)
2026-08-09 07:40:58.835 [Test worker] INFO  o.s.b.t.c.SpringBootTestContextBootstrapper - Found @SpringBootConfiguration com.thesystem.TheSystemApplication for test class com.thesystem.modules.settings.controller.SettingsControllerIntegrationTest
2026-08-09 07:40:58.875 [Test worker] INFO  c.t.m.s.c.SettingsControllerIntegrationTest - Starting SettingsControllerIntegrationTest using Java 21.0.12 with PID 73928 (started by naga in /home/naga/Workspace/Projects/THE-SYSTEM/Backend)
2026-08-09 07:40:58.875 [Test worker] DEBUG c.t.m.s.c.SettingsControllerIntegrationTest - Running with Spring Boot v3.4.5, Spring v6.2.6
2026-08-09 07:40:58.876 [Test worker] INFO  c.t.m.s.c.SettingsControllerIntegrationTest - No active profile set, falling back to 1 default profile: "default"
2026-08-09 07:40:59.259 [Test worker] INFO  o.s.d.r.c.RepositoryConfigurationDelegate - Bootstrapping Spring Data JPA repositories in DEFAULT mode.
2026-08-09 07:40:59.315 [Test worker] INFO  o.s.d.r.c.RepositoryConfigurationDelegate - Finished Spring Data repository scanning in 54 ms. Found 20 JPA repository interfaces.
2026-08-09 07:40:59.879 [Test worker] INFO  o.s.o.j.p.SpringPersistenceUnitInfo - No LoadTimeWeaver setup: ignoring JPA class transformer
2026-08-09 07:40:59.882 [Test worker] INFO  com.zaxxer.hikari.HikariDataSource - HikariPool-4 - Starting...
2026-08-09 07:40:59.885 [Test worker] INFO  com.zaxxer.hikari.pool.HikariPool - HikariPool-4 - Added connection conn30: url=jdbc:h2:mem:thesystem user=SA
2026-08-09 07:40:59.887 [Test worker] INFO  com.zaxxer.hikari.HikariDataSource - HikariPool-4 - Start completed.
2026-08-09 07:40:59.896 [Test worker] WARN  org.hibernate.orm.deprecation - HHH90000025: H2Dialect does not need to be specified explicitly using 'hibernate.dialect' (remove the property setting and it will be selected by default)
2026-08-09 07:41:00.128 [Test worker] INFO  o.s.o.j.LocalContainerEntityManagerFactoryBean - Initialized JPA EntityManagerFactory for persistence unit 'default'
2026-08-09 07:41:00.939 [Test worker] INFO  o.s.s.c.a.a.c.InitializeUserDetailsBeanManagerConfigurer$InitializeUserDetailsManagerConfigurer - Global AuthenticationManager configured with UserDetailsService bean with name userDetailsServiceImpl
2026-08-09 07:41:01.255 [Test worker] INFO  o.s.b.a.e.web.EndpointLinksResolver - Exposing 1 endpoint beneath base path '/actuator'
2026-08-09 07:41:01.780 [Test worker] INFO  o.s.b.t.m.w.SpringBootMockServletContext - Initializing Spring TestDispatcherServlet ''
2026-08-09 07:41:01.780 [Test worker] INFO  o.s.t.w.s.TestDispatcherServlet - Initializing Servlet ''
2026-08-09 07:41:01.782 [Test worker] INFO  o.s.t.w.s.TestDispatcherServlet - Completed initialization in 1 ms
2026-08-09 07:41:01.823 [Test worker] INFO  c.t.m.s.c.SettingsControllerIntegrationTest - Started SettingsControllerIntegrationTest in 2.979 seconds (process running for 27.419)
2026-08-09 07:41:02.289 [Test worker] INFO  o.s.b.t.c.SpringBootTestContextBootstrapper - Found @SpringBootConfiguration com.thesystem.TheSystemApplication for test class com.thesystem.modules.task.controller.TaskControllerIntegrationTest
2026-08-09 07:41:02.318 [Test worker] INFO  c.t.m.t.c.TaskControllerIntegrationTest - Starting TaskControllerIntegrationTest using Java 21.0.12 with PID 73928 (started by naga in /home/naga/Workspace/Projects/THE-SYSTEM/Backend)
2026-08-09 07:41:02.318 [Test worker] DEBUG c.t.m.t.c.TaskControllerIntegrationTest - Running with Spring Boot v3.4.5, Spring v6.2.6
2026-08-09 07:41:02.318 [Test worker] INFO  c.t.m.t.c.TaskControllerIntegrationTest - No active profile set, falling back to 1 default profile: "default"
2026-08-09 07:41:02.590 [Test worker] INFO  o.s.d.r.c.RepositoryConfigurationDelegate - Bootstrapping Spring Data JPA repositories in DEFAULT mode.
2026-08-09 07:41:02.637 [Test worker] INFO  o.s.d.r.c.RepositoryConfigurationDelegate - Finished Spring Data repository scanning in 44 ms. Found 20 JPA repository interfaces.
2026-08-09 07:41:03.060 [Test worker] INFO  o.s.o.j.p.SpringPersistenceUnitInfo - No LoadTimeWeaver setup: ignoring JPA class transformer
2026-08-09 07:41:03.062 [Test worker] INFO  com.zaxxer.hikari.HikariDataSource - HikariPool-5 - Starting...
2026-08-09 07:41:03.064 [Test worker] INFO  com.zaxxer.hikari.pool.HikariPool - HikariPool-5 - Added connection conn40: url=jdbc:h2:mem:thesystem user=SA
2026-08-09 07:41:03.065 [Test worker] INFO  com.zaxxer.hikari.HikariDataSource - HikariPool-5 - Start completed.
2026-08-09 07:41:03.066 [Test worker] WARN  org.hibernate.orm.deprecation - HHH90000025: H2Dialect does not need to be specified explicitly using 'hibernate.dialect' (remove the property setting and it will be selected by default)
2026-08-09 07:41:03.276 [Test worker] INFO  o.s.o.j.LocalContainerEntityManagerFactoryBean - Initialized JPA EntityManagerFactory for persistence unit 'default'
2026-08-09 07:41:03.934 [Test worker] INFO  o.s.s.c.a.a.c.InitializeUserDetailsBeanManagerConfigurer$InitializeUserDetailsManagerConfigurer - Global AuthenticationManager configured with UserDetailsService bean with name userDetailsServiceImpl
2026-08-09 07:41:04.204 [Test worker] INFO  o.s.b.a.e.web.EndpointLinksResolver - Exposing 1 endpoint beneath base path '/actuator'
2026-08-09 07:41:04.670 [Test worker] INFO  o.s.b.t.m.w.SpringBootMockServletContext - Initializing Spring TestDispatcherServlet ''
2026-08-09 07:41:04.671 [Test worker] INFO  o.s.t.w.s.TestDispatcherServlet - Initializing Servlet ''
2026-08-09 07:41:04.674 [Test worker] INFO  o.s.t.w.s.TestDispatcherServlet - Completed initialization in 3 ms
2026-08-09 07:41:04.712 [Test worker] INFO  c.t.m.t.c.TaskControllerIntegrationTest - Started TaskControllerIntegrationTest in 2.418 seconds (process running for 30.308)
2026-08-09 07:41:06.079 [Test worker] INFO  o.s.b.t.c.SpringBootTestContextBootstrapper - Found @SpringBootConfiguration com.thesystem.TheSystemApplication for test class com.thesystem.modules.user.controller.UserControllerIntegrationTest
2026-08-09 07:41:06.107 [Test worker] INFO  c.t.m.u.c.UserControllerIntegrationTest - Starting UserControllerIntegrationTest using Java 21.0.12 with PID 73928 (started by naga in /home/naga/Workspace/Projects/THE-SYSTEM/Backend)
2026-08-09 07:41:06.107 [Test worker] DEBUG c.t.m.u.c.UserControllerIntegrationTest - Running with Spring Boot v3.4.5, Spring v6.2.6
2026-08-09 07:41:06.108 [Test worker] INFO  c.t.m.u.c.UserControllerIntegrationTest - No active profile set, falling back to 1 default profile: "default"
2026-08-09 07:41:06.308 [Test worker] INFO  o.s.d.r.c.RepositoryConfigurationDelegate - Bootstrapping Spring Data JPA repositories in DEFAULT mode.
2026-08-09 07:41:06.333 [Test worker] INFO  o.s.d.r.c.RepositoryConfigurationDelegate - Finished Spring Data repository scanning in 24 ms. Found 20 JPA repository interfaces.
2026-08-09 07:41:06.700 [Test worker] INFO  o.s.o.j.p.SpringPersistenceUnitInfo - No LoadTimeWeaver setup: ignoring JPA class transformer
2026-08-09 07:41:06.701 [Test worker] INFO  com.zaxxer.hikari.HikariDataSource - HikariPool-6 - Starting...
2026-08-09 07:41:06.703 [Test worker] INFO  com.zaxxer.hikari.pool.HikariPool - HikariPool-6 - Added connection conn50: url=jdbc:h2:mem:thesystem user=SA
2026-08-09 07:41:06.703 [Test worker] INFO  com.zaxxer.hikari.HikariDataSource - HikariPool-6 - Start completed.
2026-08-09 07:41:06.704 [Test worker] WARN  org.hibernate.orm.deprecation - HHH90000025: H2Dialect does not need to be specified explicitly using 'hibernate.dialect' (remove the property setting and it will be selected by default)
2026-08-09 07:41:06.831 [Test worker] INFO  o.s.o.j.LocalContainerEntityManagerFactoryBean - Initialized JPA EntityManagerFactory for persistence unit 'default'
2026-08-09 07:41:07.463 [Test worker] INFO  o.s.s.c.a.a.c.InitializeUserDetailsBeanManagerConfigurer$InitializeUserDetailsManagerConfigurer - Global AuthenticationManager configured with UserDetailsService bean with name userDetailsServiceImpl
2026-08-09 07:41:07.652 [Test worker] INFO  o.s.b.a.e.web.EndpointLinksResolver - Exposing 1 endpoint beneath base path '/actuator'
2026-08-09 07:41:07.978 [Test worker] INFO  o.s.b.t.m.w.SpringBootMockServletContext - Initializing Spring TestDispatcherServlet ''
2026-08-09 07:41:07.979 [Test worker] INFO  o.s.t.w.s.TestDispatcherServlet - Initializing Servlet ''
2026-08-09 07:41:07.980 [Test worker] INFO  o.s.t.w.s.TestDispatcherServlet - Completed initialization in 1 ms
2026-08-09 07:41:08.008 [Test worker] INFO  c.t.m.u.c.UserControllerIntegrationTest - Started UserControllerIntegrationTest in 1.925 seconds (process running for 33.604)
2026-08-09 07:41:08.309 [Test worker] INFO  o.s.t.c.s.AnnotationConfigContextLoaderUtils - Could not detect default configuration classes for test class [com.thesystem.modules.xp.StreakDatabaseSchemaTest]: StreakDatabaseSchemaTest does not declare any static, non-private, non-final, nested classes annotated with @Configuration.
2026-08-09 07:41:08.331 [Test worker] INFO  o.s.b.t.c.SpringBootTestContextBootstrapper - Found @SpringBootConfiguration com.thesystem.TheSystemApplication for test class com.thesystem.modules.xp.StreakDatabaseSchemaTest
2026-08-09 07:41:08.356 [Test worker] INFO  c.t.m.xp.StreakDatabaseSchemaTest - Starting StreakDatabaseSchemaTest using Java 21.0.12 with PID 73928 (started by naga in /home/naga/Workspace/Projects/THE-SYSTEM/Backend)
2026-08-09 07:41:08.356 [Test worker] DEBUG c.t.m.xp.StreakDatabaseSchemaTest - Running with Spring Boot v3.4.5, Spring v6.2.6
2026-08-09 07:41:08.357 [Test worker] INFO  c.t.m.xp.StreakDatabaseSchemaTest - No active profile set, falling back to 1 default profile: "default"
2026-08-09 07:41:08.436 [Test worker] INFO  o.s.d.r.c.RepositoryConfigurationDelegate - Bootstrapping Spring Data JPA repositories in DEFAULT mode.
2026-08-09 07:41:08.465 [Test worker] INFO  o.s.d.r.c.RepositoryConfigurationDelegate - Finished Spring Data repository scanning in 27 ms. Found 20 JPA repository interfaces.
2026-08-09 07:41:08.479 [Test worker] INFO  o.s.b.t.a.j.TestDatabaseAutoConfiguration$EmbeddedDataSourceBeanFactoryPostProcessor - Replacing 'dataSource' DataSource bean with embedded version
2026-08-09 07:41:08.500 [Test worker] INFO  o.s.j.d.e.EmbeddedDatabaseFactory - Starting embedded database: url='jdbc:h2:mem:57b5af24-368a-46d7-977d-bae162527382;DB_CLOSE_DELAY=-1;DB_CLOSE_ON_EXIT=false', username='sa'
2026-08-09 07:41:08.528 [Test worker] INFO  o.s.o.j.p.SpringPersistenceUnitInfo - No LoadTimeWeaver setup: ignoring JPA class transformer
2026-08-09 07:41:08.530 [Test worker] WARN  org.hibernate.orm.deprecation - HHH90000025: H2Dialect does not need to be specified explicitly using 'hibernate.dialect' (remove the property setting and it will be selected by default)
2026-08-09 07:41:08.677 [Test worker] INFO  o.s.o.j.LocalContainerEntityManagerFactoryBean - Initialized JPA EntityManagerFactory for persistence unit 'default'
2026-08-09 07:41:08.900 [Test worker] INFO  c.t.m.xp.StreakDatabaseSchemaTest - Started StreakDatabaseSchemaTest in 0.566 seconds (process running for 34.496)
2026-08-09 07:41:09.013 [Test worker] INFO  o.s.b.t.c.SpringBootTestContextBootstrapper - Found @SpringBootConfiguration com.thesystem.TheSystemApplication for test class com.thesystem.modules.xp.controller.XpControllerIntegrationTest
2026-08-09 07:41:09.031 [Test worker] INFO  c.t.m.x.c.XpControllerIntegrationTest - Starting XpControllerIntegrationTest using Java 21.0.12 with PID 73928 (started by naga in /home/naga/Workspace/Projects/THE-SYSTEM/Backend)
2026-08-09 07:41:09.031 [Test worker] DEBUG c.t.m.x.c.XpControllerIntegrationTest - Running with Spring Boot v3.4.5, Spring v6.2.6
2026-08-09 07:41:09.031 [Test worker] INFO  c.t.m.x.c.XpControllerIntegrationTest - No active profile set, falling back to 1 default profile: "default"
2026-08-09 07:41:09.236 [Test worker] INFO  o.s.d.r.c.RepositoryConfigurationDelegate - Bootstrapping Spring Data JPA repositories in DEFAULT mode.
2026-08-09 07:41:09.266 [Test worker] INFO  o.s.d.r.c.RepositoryConfigurationDelegate - Finished Spring Data repository scanning in 27 ms. Found 20 JPA repository interfaces.
2026-08-09 07:41:09.668 [Test worker] INFO  o.s.o.j.p.SpringPersistenceUnitInfo - No LoadTimeWeaver setup: ignoring JPA class transformer
2026-08-09 07:41:09.669 [Test worker] INFO  com.zaxxer.hikari.HikariDataSource - HikariPool-7 - Starting...
2026-08-09 07:41:09.671 [Test worker] INFO  com.zaxxer.hikari.pool.HikariPool - HikariPool-7 - Added connection conn70: url=jdbc:h2:mem:thesystem user=SA
2026-08-09 07:41:09.671 [Test worker] INFO  com.zaxxer.hikari.HikariDataSource - HikariPool-7 - Start completed.
2026-08-09 07:41:09.672 [Test worker] WARN  org.hibernate.orm.deprecation - HHH90000025: H2Dialect does not need to be specified explicitly using 'hibernate.dialect' (remove the property setting and it will be selected by default)
2026-08-09 07:41:09.843 [Test worker] INFO  o.s.o.j.LocalContainerEntityManagerFactoryBean - Initialized JPA EntityManagerFactory for persistence unit 'default'
2026-08-09 07:41:10.341 [Test worker] INFO  o.s.s.c.a.a.c.InitializeUserDetailsBeanManagerConfigurer$InitializeUserDetailsManagerConfigurer - Global AuthenticationManager configured with UserDetailsService bean with name userDetailsServiceImpl
2026-08-09 07:41:10.470 [Test worker] INFO  o.s.b.a.e.web.EndpointLinksResolver - Exposing 1 endpoint beneath base path '/actuator'
2026-08-09 07:41:10.786 [Test worker] INFO  o.s.b.t.m.w.SpringBootMockServletContext - Initializing Spring TestDispatcherServlet ''
2026-08-09 07:41:10.787 [Test worker] INFO  o.s.t.w.s.TestDispatcherServlet - Initializing Servlet ''
2026-08-09 07:41:10.789 [Test worker] INFO  o.s.t.w.s.TestDispatcherServlet - Completed initialization in 1 ms
2026-08-09 07:41:10.811 [Test worker] INFO  c.t.m.x.c.XpControllerIntegrationTest - Started XpControllerIntegrationTest in 1.795 seconds (process running for 36.407)
2026-08-09 07:41:11.009 [Test worker] INFO  o.s.t.c.s.AnnotationConfigContextLoaderUtils - Could not detect default configuration classes for test class [com.thesystem.modules.xp.repository.UserStreakHistoryRepositoryTest]: UserStreakHistoryRepositoryTest does not declare any static, non-private, non-final, nested classes annotated with @Configuration.
2026-08-09 07:41:11.026 [Test worker] INFO  o.s.b.t.c.SpringBootTestContextBootstrapper - Found @SpringBootConfiguration com.thesystem.TheSystemApplication for test class com.thesystem.modules.xp.repository.UserStreakHistoryRepositoryTest
2026-08-09 07:41:11.083 [Test worker] INFO  o.s.t.c.s.AnnotationConfigContextLoaderUtils - Could not detect default configuration classes for test class [com.thesystem.modules.xp.repository.UserStreakRepositoryTest]: UserStreakRepositoryTest does not declare any static, non-private, non-final, nested classes annotated with @Configuration.
2026-08-09 07:41:11.126 [Test worker] INFO  o.s.b.t.c.SpringBootTestContextBootstrapper - Found @SpringBootConfiguration com.thesystem.TheSystemApplication for test class com.thesystem.modules.xp.repository.UserStreakRepositoryTest
2026-08-09 07:41:12.210 [SpringApplicationShutdownHook] INFO  o.s.o.j.LocalContainerEntityManagerFactoryBean - Closing JPA EntityManagerFactory for persistence unit 'default'
2026-08-09 07:41:12.213 [SpringApplicationShutdownHook] INFO  com.zaxxer.hikari.HikariDataSource - HikariPool-1 - Shutdown initiated...
2026-08-09 07:41:12.215 [SpringApplicationShutdownHook] INFO  com.zaxxer.hikari.HikariDataSource - HikariPool-1 - Shutdown completed.
2026-08-09 07:41:12.219 [SpringApplicationShutdownHook] INFO  o.s.o.j.LocalContainerEntityManagerFactoryBean - Closing JPA EntityManagerFactory for persistence unit 'default'
2026-08-09 07:41:12.219 [SpringApplicationShutdownHook] INFO  com.zaxxer.hikari.HikariDataSource - HikariPool-2 - Shutdown initiated...
2026-08-09 07:41:12.220 [SpringApplicationShutdownHook] INFO  com.zaxxer.hikari.HikariDataSource - HikariPool-2 - Shutdown completed.
2026-08-09 07:41:12.224 [SpringApplicationShutdownHook] INFO  o.s.o.j.LocalContainerEntityManagerFactoryBean - Closing JPA EntityManagerFactory for persistence unit 'default'
2026-08-09 07:41:12.225 [SpringApplicationShutdownHook] INFO  com.zaxxer.hikari.HikariDataSource - HikariPool-3 - Shutdown initiated...
2026-08-09 07:41:12.227 [SpringApplicationShutdownHook] INFO  com.zaxxer.hikari.HikariDataSource - HikariPool-3 - Shutdown completed.
2026-08-09 07:41:12.231 [SpringApplicationShutdownHook] INFO  o.s.o.j.LocalContainerEntityManagerFactoryBean - Closing JPA EntityManagerFactory for persistence unit 'default'
2026-08-09 07:41:12.232 [SpringApplicationShutdownHook] INFO  com.zaxxer.hikari.HikariDataSource - HikariPool-4 - Shutdown initiated...
2026-08-09 07:41:12.233 [SpringApplicationShutdownHook] INFO  com.zaxxer.hikari.HikariDataSource - HikariPool-4 - Shutdown completed.
2026-08-09 07:41:12.236 [SpringApplicationShutdownHook] INFO  o.s.o.j.LocalContainerEntityManagerFactoryBean - Closing JPA EntityManagerFactory for persistence unit 'default'
2026-08-09 07:41:12.237 [SpringApplicationShutdownHook] INFO  com.zaxxer.hikari.HikariDataSource - HikariPool-5 - Shutdown initiated...
2026-08-09 07:41:12.238 [SpringApplicationShutdownHook] INFO  com.zaxxer.hikari.HikariDataSource - HikariPool-5 - Shutdown completed.
2026-08-09 07:41:12.242 [SpringApplicationShutdownHook] INFO  o.s.o.j.LocalContainerEntityManagerFactoryBean - Closing JPA EntityManagerFactory for persistence unit 'default'
2026-08-09 07:41:12.243 [SpringApplicationShutdownHook] INFO  com.zaxxer.hikari.HikariDataSource - HikariPool-6 - Shutdown initiated...
2026-08-09 07:41:12.244 [SpringApplicationShutdownHook] INFO  com.zaxxer.hikari.HikariDataSource - HikariPool-6 - Shutdown completed.
2026-08-09 07:41:12.245 [SpringApplicationShutdownHook] INFO  o.s.o.j.LocalContainerEntityManagerFactoryBean - Closing JPA EntityManagerFactory for persistence unit 'default'
2026-08-09 07:41:12.248 [SpringApplicationShutdownHook] INFO  o.s.o.j.LocalContainerEntityManagerFactoryBean - Closing JPA EntityManagerFactory for persistence unit 'default'
2026-08-09 07:41:12.249 [SpringApplicationShutdownHook] INFO  com.zaxxer.hikari.HikariDataSource - HikariPool-7 - Shutdown initiated...
2026-08-09 07:41:12.250 [SpringApplicationShutdownHook] INFO  com.zaxxer.hikari.HikariDataSource - HikariPool-7 - Shutdown completed.
2026-08-09 07:41:27.652 [Test worker] INFO  c.t.m.xp.StreakDatabaseSchemaTest - Starting StreakDatabaseSchemaTest using Java 21.0.12 with PID 74302 (started by naga in /home/naga/Workspace/Projects/THE-SYSTEM/Backend)
2026-08-09 07:41:27.653 [Test worker] DEBUG c.t.m.xp.StreakDatabaseSchemaTest - Running with Spring Boot v3.4.5, Spring v6.2.6
2026-08-09 07:41:27.654 [Test worker] INFO  c.t.m.xp.StreakDatabaseSchemaTest - No active profile set, falling back to 1 default profile: "default"
2026-08-09 07:41:28.280 [Test worker] INFO  o.s.d.r.c.RepositoryConfigurationDelegate - Bootstrapping Spring Data JPA repositories in DEFAULT mode.
2026-08-09 07:41:28.439 [Test worker] INFO  o.s.d.r.c.RepositoryConfigurationDelegate - Finished Spring Data repository scanning in 146 ms. Found 20 JPA repository interfaces.
2026-08-09 07:41:28.524 [Test worker] INFO  o.s.b.t.a.j.TestDatabaseAutoConfiguration$EmbeddedDataSourceBeanFactoryPostProcessor - Replacing 'dataSource' DataSource bean with embedded version
2026-08-09 07:41:28.639 [Test worker] INFO  o.s.j.d.e.EmbeddedDatabaseFactory - Starting embedded database: url='jdbc:h2:mem:6a7e6b66-a45a-4674-a80b-ba90cf8dedec;DB_CLOSE_DELAY=-1;DB_CLOSE_ON_EXIT=false', username='sa'
2026-08-09 07:41:29.383 [Test worker] INFO  o.s.o.j.p.SpringPersistenceUnitInfo - No LoadTimeWeaver setup: ignoring JPA class transformer
2026-08-09 07:41:29.444 [Test worker] WARN  org.hibernate.orm.deprecation - HHH90000025: H2Dialect does not need to be specified explicitly using 'hibernate.dialect' (remove the property setting and it will be selected by default)
2026-08-09 07:41:30.866 [Test worker] INFO  o.s.o.j.LocalContainerEntityManagerFactoryBean - Initialized JPA EntityManagerFactory for persistence unit 'default'
2026-08-09 07:41:31.319 [Test worker] INFO  o.s.d.j.r.query.QueryEnhancerFactory - Hibernate is in classpath; If applicable, HQL parser will be used.
2026-08-09 07:41:32.428 [Test worker] INFO  c.t.m.xp.StreakDatabaseSchemaTest - Started StreakDatabaseSchemaTest in 5.345 seconds (process running for 6.682)
2026-08-09 07:41:33.145 [Test worker] INFO  o.s.t.c.s.AnnotationConfigContextLoaderUtils - Could not detect default configuration classes for test class [com.thesystem.modules.xp.repository.UserStreakHistoryRepositoryTest]: UserStreakHistoryRepositoryTest does not declare any static, non-private, non-final, nested classes annotated with @Configuration.
2026-08-09 07:41:33.183 [Test worker] INFO  o.s.b.t.c.SpringBootTestContextBootstrapper - Found @SpringBootConfiguration com.thesystem.TheSystemApplication for test class com.thesystem.modules.xp.repository.UserStreakHistoryRepositoryTest
2026-08-09 07:41:33.289 [Test worker] INFO  o.s.t.c.s.AnnotationConfigContextLoaderUtils - Could not detect default configuration classes for test class [com.thesystem.modules.xp.repository.UserStreakRepositoryTest]: UserStreakRepositoryTest does not declare any static, non-private, non-final, nested classes annotated with @Configuration.
2026-08-09 07:41:33.304 [Test worker] INFO  o.s.b.t.c.SpringBootTestContextBootstrapper - Found @SpringBootConfiguration com.thesystem.TheSystemApplication for test class com.thesystem.modules.xp.repository.UserStreakRepositoryTest
2026-08-09 07:41:33.352 [Test worker] INFO  o.s.t.c.s.AnnotationConfigContextLoaderUtils - Could not detect default configuration classes for test class [com.thesystem.TheSystemApplicationTests]: TheSystemApplicationTests does not declare any static, non-private, non-final, nested classes annotated with @Configuration.
2026-08-09 07:41:33.364 [Test worker] INFO  o.s.b.t.c.SpringBootTestContextBootstrapper - Found @SpringBootConfiguration com.thesystem.TheSystemApplication for test class com.thesystem.TheSystemApplicationTests
2026-08-09 07:41:33.438 [Test worker] INFO  c.t.TheSystemApplicationTests - Starting TheSystemApplicationTests using Java 21.0.12 with PID 74302 (started by naga in /home/naga/Workspace/Projects/THE-SYSTEM/Backend)
2026-08-09 07:41:33.439 [Test worker] DEBUG c.t.TheSystemApplicationTests - Running with Spring Boot v3.4.5, Spring v6.2.6
2026-08-09 07:41:33.440 [Test worker] INFO  c.t.TheSystemApplicationTests - No active profile set, falling back to 1 default profile: "default"
2026-08-09 07:41:34.022 [Test worker] INFO  o.s.d.r.c.RepositoryConfigurationDelegate - Bootstrapping Spring Data JPA repositories in DEFAULT mode.
2026-08-09 07:41:34.062 [Test worker] INFO  o.s.d.r.c.RepositoryConfigurationDelegate - Finished Spring Data repository scanning in 37 ms. Found 20 JPA repository interfaces.
2026-08-09 07:41:35.312 [Test worker] INFO  o.s.o.j.p.SpringPersistenceUnitInfo - No LoadTimeWeaver setup: ignoring JPA class transformer
2026-08-09 07:41:35.315 [Test worker] INFO  com.zaxxer.hikari.HikariDataSource - HikariPool-1 - Starting...
2026-08-09 07:41:35.338 [Test worker] INFO  com.zaxxer.hikari.pool.HikariPool - HikariPool-1 - Added connection conn18: url=jdbc:h2:mem:thesystem user=SA
2026-08-09 07:41:35.342 [Test worker] INFO  com.zaxxer.hikari.HikariDataSource - HikariPool-1 - Start completed.
2026-08-09 07:41:35.348 [Test worker] WARN  org.hibernate.orm.deprecation - HHH90000025: H2Dialect does not need to be specified explicitly using 'hibernate.dialect' (remove the property setting and it will be selected by default)
2026-08-09 07:41:35.552 [Test worker] INFO  o.s.o.j.LocalContainerEntityManagerFactoryBean - Initialized JPA EntityManagerFactory for persistence unit 'default'
2026-08-09 07:41:36.940 [Test worker] INFO  o.s.s.c.a.a.c.InitializeUserDetailsBeanManagerConfigurer$InitializeUserDetailsManagerConfigurer - Global AuthenticationManager configured with UserDetailsService bean with name userDetailsServiceImpl
2026-08-09 07:41:37.587 [Test worker] INFO  o.s.b.a.e.web.EndpointLinksResolver - Exposing 1 endpoint beneath base path '/actuator'
2026-08-09 07:41:38.769 [Test worker] INFO  c.t.TheSystemApplicationTests - Started TheSystemApplicationTests in 5.387 seconds (process running for 13.023)
2026-08-09 07:41:38.917 [Test worker] INFO  o.s.b.t.c.SpringBootTestContextBootstrapper - Found @SpringBootConfiguration com.thesystem.TheSystemApplication for test class com.thesystem.modules.auth.controller.AuthControllerIntegrationTest
2026-08-09 07:41:38.946 [Test worker] INFO  c.t.m.a.c.AuthControllerIntegrationTest - Starting AuthControllerIntegrationTest using Java 21.0.12 with PID 74302 (started by naga in /home/naga/Workspace/Projects/THE-SYSTEM/Backend)
2026-08-09 07:41:38.947 [Test worker] DEBUG c.t.m.a.c.AuthControllerIntegrationTest - Running with Spring Boot v3.4.5, Spring v6.2.6
2026-08-09 07:41:38.947 [Test worker] INFO  c.t.m.a.c.AuthControllerIntegrationTest - No active profile set, falling back to 1 default profile: "default"
2026-08-09 07:41:39.238 [Test worker] INFO  o.s.d.r.c.RepositoryConfigurationDelegate - Bootstrapping Spring Data JPA repositories in DEFAULT mode.
2026-08-09 07:41:39.279 [Test worker] INFO  o.s.d.r.c.RepositoryConfigurationDelegate - Finished Spring Data repository scanning in 39 ms. Found 20 JPA repository interfaces.
2026-08-09 07:41:40.210 [Test worker] INFO  o.s.o.j.p.SpringPersistenceUnitInfo - No LoadTimeWeaver setup: ignoring JPA class transformer
2026-08-09 07:41:40.212 [Test worker] INFO  com.zaxxer.hikari.HikariDataSource - HikariPool-2 - Starting...
2026-08-09 07:41:40.214 [Test worker] INFO  com.zaxxer.hikari.pool.HikariPool - HikariPool-2 - Added connection conn28: url=jdbc:h2:mem:thesystem user=SA
2026-08-09 07:41:40.215 [Test worker] INFO  com.zaxxer.hikari.HikariDataSource - HikariPool-2 - Start completed.
2026-08-09 07:41:40.217 [Test worker] WARN  org.hibernate.orm.deprecation - HHH90000025: H2Dialect does not need to be specified explicitly using 'hibernate.dialect' (remove the property setting and it will be selected by default)
2026-08-09 07:41:40.545 [Test worker] INFO  o.s.o.j.LocalContainerEntityManagerFactoryBean - Initialized JPA EntityManagerFactory for persistence unit 'default'
2026-08-09 07:41:42.006 [Test worker] INFO  o.s.s.c.a.a.c.InitializeUserDetailsBeanManagerConfigurer$InitializeUserDetailsManagerConfigurer - Global AuthenticationManager configured with UserDetailsService bean with name userDetailsServiceImpl
2026-08-09 07:41:42.486 [Test worker] INFO  o.s.b.a.e.web.EndpointLinksResolver - Exposing 1 endpoint beneath base path '/actuator'
2026-08-09 07:41:43.329 [Test worker] INFO  o.s.b.t.m.w.SpringBootMockServletContext - Initializing Spring TestDispatcherServlet ''
2026-08-09 07:41:43.330 [Test worker] INFO  o.s.t.w.s.TestDispatcherServlet - Initializing Servlet ''
2026-08-09 07:41:43.337 [Test worker] INFO  o.s.t.w.s.TestDispatcherServlet - Completed initialization in 6 ms
2026-08-09 07:41:43.412 [Test worker] INFO  c.t.m.a.c.AuthControllerIntegrationTest - Started AuthControllerIntegrationTest in 4.491 seconds (process running for 17.666)
2026-08-09 07:41:44.968 [Test worker] INFO  o.s.b.t.c.SpringBootTestContextBootstrapper - Found @SpringBootConfiguration com.thesystem.TheSystemApplication for test class com.thesystem.modules.goal.controller.GoalControllerIntegrationTest
2026-08-09 07:41:45.026 [Test worker] INFO  c.t.m.g.c.GoalControllerIntegrationTest - Starting GoalControllerIntegrationTest using Java 21.0.12 with PID 74302 (started by naga in /home/naga/Workspace/Projects/THE-SYSTEM/Backend)
2026-08-09 07:41:45.026 [Test worker] DEBUG c.t.m.g.c.GoalControllerIntegrationTest - Running with Spring Boot v3.4.5, Spring v6.2.6
2026-08-09 07:41:45.027 [Test worker] INFO  c.t.m.g.c.GoalControllerIntegrationTest - No active profile set, falling back to 1 default profile: "default"
2026-08-09 07:41:45.649 [Test worker] INFO  o.s.d.r.c.RepositoryConfigurationDelegate - Bootstrapping Spring Data JPA repositories in DEFAULT mode.
2026-08-09 07:41:45.726 [Test worker] INFO  o.s.d.r.c.RepositoryConfigurationDelegate - Finished Spring Data repository scanning in 73 ms. Found 20 JPA repository interfaces.
2026-08-09 07:41:46.758 [Test worker] INFO  o.s.o.j.p.SpringPersistenceUnitInfo - No LoadTimeWeaver setup: ignoring JPA class transformer
2026-08-09 07:41:46.761 [Test worker] INFO  com.zaxxer.hikari.HikariDataSource - HikariPool-3 - Starting...
2026-08-09 07:41:46.763 [Test worker] INFO  com.zaxxer.hikari.pool.HikariPool - HikariPool-3 - Added connection conn38: url=jdbc:h2:mem:thesystem user=SA
2026-08-09 07:41:46.764 [Test worker] INFO  com.zaxxer.hikari.HikariDataSource - HikariPool-3 - Start completed.
2026-08-09 07:41:46.765 [Test worker] WARN  org.hibernate.orm.deprecation - HHH90000025: H2Dialect does not need to be specified explicitly using 'hibernate.dialect' (remove the property setting and it will be selected by default)
2026-08-09 07:41:47.152 [Test worker] INFO  o.s.o.j.LocalContainerEntityManagerFactoryBean - Initialized JPA EntityManagerFactory for persistence unit 'default'
2026-08-09 07:41:48.841 [Test worker] INFO  o.s.s.c.a.a.c.InitializeUserDetailsBeanManagerConfigurer$InitializeUserDetailsManagerConfigurer - Global AuthenticationManager configured with UserDetailsService bean with name userDetailsServiceImpl
2026-08-09 07:41:49.402 [Test worker] INFO  o.s.b.a.e.web.EndpointLinksResolver - Exposing 1 endpoint beneath base path '/actuator'
